2025-10-26 22:44:37,316 - NVDClient - INFO - NVD API Call #1: Searching for 'openssl'
2025-10-26 22:44:38,600 - NVDClient - ERROR - NVD API call failed: 404 - 
2025-10-26 22:46:16,678 - NVDClient - INFO - NVD API Call #1: Searching for 'openssl'
2025-10-26 22:46:18,092 - NVDClient - ERROR - NVD API call failed: 404 - 
2025-10-26 22:46:22,651 - NVDClient - INFO - NVD API Call #1: Searching for '████████████▒▒▒▒▒▒▒▒▒▒▒▒▒▒▒▒▒▒'
2025-10-26 22:46:23,904 - NVDClient - ERROR - NVD API call failed: 404 - 
2025-10-26 22:46:23,909 - NVDClient - INFO - NVD API Call #2: Searching for '█████████████████████████▒▒▒▒▒'
2025-10-26 22:46:25,077 - NVDClient - ERROR - NVD API call failed: 404 - 
2025-10-26 22:46:25,081 - NVDClient - INFO - NVD API Call #3: Searching for '██████████████████████████████'
2025-10-26 22:46:26,404 - NVDClient - ERROR - NVD API call failed: 404 - 
2025-10-26 22:46:26,406 - NVDClient - INFO - NVD API Call #4: Searching for '▒▒▒▒▒▒▒▒▒▒▒▒▒▒▒▒▒▒▒▒▒▒▒▒▒▒▒▒▒▒'
2025-10-26 22:46:27,733 - NVDClient - ERROR - NVD API call failed: 404 - 
2025-10-26 22:46:27,735 - NVDClient - INFO - NVD API Call #5: Searching for '▒▒▒▒▒▒▒▒▒▒▒▒▒▒▒▒▒▒▒▒▒▒▒▒▒▒▒▒▒▒'
2025-10-26 22:46:28,971 - NVDClient - ERROR - NVD API call failed: 404 - 
2025-10-26 22:46:28,973 - NVDClient - INFO - NVD API Call #6: Searching for '▒▒▒▒▒▒▒▒▒▒▒▒▒▒▒▒▒▒▒▒▒▒▒▒▒▒▒▒▒▒'
2025-10-26 22:46:30,252 - NVDClient - ERROR - NVD API call failed: 404 - 
2025-10-26 22:46:30,254 - NVDClient - INFO - NVD API Call #7: Searching for '▒▒▒▒▒▒▒▒▒▒▒▒▒▒▒▒▒▒▒▒▒▒▒▒▒▒▒▒▒▒'
2025-10-26 22:46:31,576 - NVDClient - ERROR - NVD API call failed: 404 - 
2025-10-26 22:46:31,578 - NVDClient - INFO - NVD API Call #8: Searching for '▒▒▒▒▒▒▒▒▒▒▒▒▒▒▒▒▒▒▒▒▒▒▒▒▒▒▒▒▒▒'
2025-10-26 22:46:32,758 - NVDClient - ERROR - NVD API call failed: 404 - 
2025-10-26 22:46:32,759 - NVDClient - INFO - NVD API Call #9: Searching for '█▒▒▒▒▒▒▒▒▒▒▒▒▒▒▒▒▒▒▒▒▒▒▒▒▒▒▒▒▒'
2025-10-26 22:46:34,097 - NVDClient - ERROR - NVD API call failed: 404 - 
2025-10-26 22:46:34,098 - NVDClient - INFO - NVD API Call #10: Searching for '█▒▒▒▒▒▒▒▒▒▒▒▒▒▒▒▒▒▒▒▒▒▒▒▒▒▒▒▒▒'
2025-10-26 22:46:35,379 - NVDClient - ERROR - NVD API call failed: 404 - 
2025-10-26 22:46:35,382 - NVDClient - INFO - NVD API Call #11: Searching for '██▒▒▒▒▒▒▒▒▒▒▒▒▒▒▒▒▒▒▒▒▒▒▒▒▒▒▒▒'
2025-10-26 22:46:36,603 - NVDClient - ERROR - NVD API call failed: 404 - 
2025-10-26 22:46:36,607 - NVDClient - INFO - NVD API Call #12: Searching for '██▒▒▒▒▒▒▒▒▒▒▒▒▒▒▒▒▒▒▒▒▒▒▒▒▒▒▒▒'
2025-10-26 22:46:37,815 - NVDClient - ERROR - NVD API call failed: 404 - 
2025-10-26 22:46:37,817 - NVDClient - INFO - NVD API Call #13: Searching for '██▒▒▒▒▒▒▒▒▒▒▒▒▒▒▒▒▒▒▒▒▒▒▒▒▒▒▒▒'
2025-10-26 22:46:39,055 - NVDClient - ERROR - NVD API call failed: 404 - 
2025-10-26 22:46:39,057 - NVDClient - INFO - NVD API Call #14: Searching for '███▒▒▒▒▒▒▒▒▒▒▒▒▒▒▒▒▒▒▒▒▒▒▒▒▒▒▒'
2025-10-26 22:46:40,822 - NVDClient - ERROR - NVD API call failed: 404 - 
2025-10-26 22:46:40,827 - NVDClient - INFO - NVD API Call #15: Searching for '███▒▒▒▒▒▒▒▒▒▒▒▒▒▒▒▒▒▒▒▒▒▒▒▒▒▒▒'
2025-10-26 22:46:42,596 - NVDClient - ERROR - NVD API call failed: 404 - 
2025-10-26 22:46:42,599 - NVDClient - INFO - NVD API Call #16: Searching for '███▒▒▒▒▒▒▒▒▒▒▒▒▒▒▒▒▒▒▒▒▒▒▒▒▒▒▒'
2025-10-26 22:46:44,446 - NVDClient - ERROR - NVD API call failed: 404 - 
2025-10-26 22:46:44,449 - NVDClient - INFO - NVD API Call #17: Searching for '████▒▒▒▒▒▒▒▒▒▒▒▒▒▒▒▒▒▒▒▒▒▒▒▒▒▒'
2025-10-26 22:46:46,274 - NVDClient - ERROR - NVD API call failed: 404 - 
2025-10-26 22:46:46,279 - NVDClient - INFO - NVD API Call #18: Searching for '████▒▒▒▒▒▒▒▒▒▒▒▒▒▒▒▒▒▒▒▒▒▒▒▒▒▒'
2025-10-26 22:46:48,161 - NVDClient - ERROR - NVD API call failed: 404 - 
2025-10-26 22:46:48,164 - NVDClient - INFO - NVD API Call #19: Searching for '████▒▒▒▒▒▒▒▒▒▒▒▒▒▒▒▒▒▒▒▒▒▒▒▒▒▒'
2025-10-26 22:46:49,939 - NVDClient - ERROR - NVD API call failed: 404 - 
2025-10-26 22:46:49,945 - NVDClient - INFO - NVD API Call #20: Searching for '█████▒▒▒▒▒▒▒▒▒▒▒▒▒▒▒▒▒▒▒▒▒▒▒▒▒'
2025-10-26 22:46:51,680 - NVDClient - ERROR - NVD API call failed: 404 - 
2025-10-26 22:46:51,685 - NVDClient - INFO - NVD API Call #21: Searching for '█████▒▒▒▒▒▒▒▒▒▒▒▒▒▒▒▒▒▒▒▒▒▒▒▒▒'
2025-10-26 22:46:53,597 - NVDClient - ERROR - NVD API call failed: 404 - 
2025-10-26 22:46:53,598 - NVDClient - INFO - NVD API Call #22: Searching for '█████▒▒▒▒▒▒▒▒▒▒▒▒▒▒▒▒▒▒▒▒▒▒▒▒▒'
2025-10-26 22:46:54,882 - NVDClient - ERROR - NVD API call failed: 404 - 
2025-10-26 22:46:54,884 - NVDClient - INFO - NVD API Call #23: Searching for '██████▒▒▒▒▒▒▒▒▒▒▒▒▒▒▒▒▒▒▒▒▒▒▒▒'
2025-10-26 22:46:56,200 - NVDClient - ERROR - NVD API call failed: 404 - 
2025-10-26 22:46:56,203 - NVDClient - INFO - NVD API Call #24: Searching for '██████▒▒▒▒▒▒▒▒▒▒▒▒▒▒▒▒▒▒▒▒▒▒▒▒'
2025-10-26 22:46:57,475 - NVDClient - ERROR - NVD API call failed: 404 - 
2025-10-26 22:46:57,476 - NVDClient - INFO - NVD API Call #25: Searching for '██████▒▒▒▒▒▒▒▒▒▒▒▒▒▒▒▒▒▒▒▒▒▒▒▒'
2025-10-26 22:46:58,733 - NVDClient - ERROR - NVD API call failed: 404 - 
2025-10-26 22:46:58,737 - NVDClient - INFO - NVD API Call #26: Searching for '██████▒▒▒▒▒▒▒▒▒▒▒▒▒▒▒▒▒▒▒▒▒▒▒▒'
2025-10-26 22:46:59,994 - NVDClient - ERROR - NVD API call failed: 404 - 
2025-10-26 22:46:59,995 - NVDClient - INFO - NVD API Call #27: Searching for '███████▒▒▒▒▒▒▒▒▒▒▒▒▒▒▒▒▒▒▒▒▒▒▒'
2025-10-26 22:47:01,238 - NVDClient - ERROR - NVD API call failed: 404 - 
2025-10-26 22:47:01,240 - NVDClient - INFO - NVD API Call #28: Searching for '███████▒▒▒▒▒▒▒▒▒▒▒▒▒▒▒▒▒▒▒▒▒▒▒'
2025-10-26 22:47:02,589 - NVDClient - ERROR - NVD API call failed: 404 - 
2025-10-26 22:47:02,591 - NVDClient - INFO - NVD API Call #29: Searching for '████████▒▒▒▒▒▒▒▒▒▒▒▒▒▒▒▒▒▒▒▒▒▒'
2025-10-26 22:47:03,831 - NVDClient - ERROR - NVD API call failed: 404 - 
2025-10-26 22:47:03,833 - NVDClient - INFO - NVD API Call #30: Searching for '████████▒▒▒▒▒▒▒▒▒▒▒▒▒▒▒▒▒▒▒▒▒▒'
2025-10-26 22:47:05,117 - NVDClient - ERROR - NVD API call failed: 404 - 
2025-10-26 22:47:05,120 - NVDClient - INFO - NVD API Call #31: Searching for '████████▒▒▒▒▒▒▒▒▒▒▒▒▒▒▒▒▒▒▒▒▒▒'
2025-10-26 22:47:06,316 - NVDClient - ERROR - NVD API call failed: 404 - 
2025-10-26 22:47:06,320 - NVDClient - INFO - NVD API Call #32: Searching for '█████████▒▒▒▒▒▒▒▒▒▒▒▒▒▒▒▒▒▒▒▒▒'
2025-10-26 22:47:07,514 - NVDClient - ERROR - NVD API call failed: 404 - 
2025-10-26 22:47:07,516 - NVDClient - INFO - NVD API Call #33: Searching for '█████████▒▒▒▒▒▒▒▒▒▒▒▒▒▒▒▒▒▒▒▒▒'
2025-10-26 22:47:08,733 - NVDClient - ERROR - NVD API call failed: 404 - 
2025-10-26 22:47:08,734 - NVDClient - INFO - NVD API Call #34: Searching for '█████████▒▒▒▒▒▒▒▒▒▒▒▒▒▒▒▒▒▒▒▒▒'
2025-10-26 22:47:09,947 - NVDClient - ERROR - NVD API call failed: 404 - 
2025-10-26 22:47:09,961 - NVDClient - INFO - NVD API Call #35: Searching for '█████████▒▒▒▒▒▒▒▒▒▒▒▒▒▒▒▒▒▒▒▒▒'
2025-10-26 22:47:12,098 - NVDClient - ERROR - NVD API call failed: 404 - 
2025-10-26 22:47:12,107 - NVDClient - INFO - NVD API Call #36: Searching for '██████████▒▒▒▒▒▒▒▒▒▒▒▒▒▒▒▒▒▒▒▒'
2025-10-26 22:47:13,931 - NVDClient - ERROR - NVD API call failed: 404 - 
2025-10-26 22:47:13,938 - NVDClient - INFO - NVD API Call #37: Searching for '██████████▒▒▒▒▒▒▒▒▒▒▒▒▒▒▒▒▒▒▒▒'
2025-10-26 22:47:15,858 - NVDClient - ERROR - NVD API call failed: 404 - 
2025-10-26 22:47:15,863 - NVDClient - INFO - NVD API Call #38: Searching for '██████████▒▒▒▒▒▒▒▒▒▒▒▒▒▒▒▒▒▒▒▒'
2025-10-26 22:47:17,705 - NVDClient - ERROR - NVD API call failed: 404 - 
2025-10-26 22:47:17,710 - NVDClient - INFO - NVD API Call #39: Searching for '███████████▒▒▒▒▒▒▒▒▒▒▒▒▒▒▒▒▒▒▒'
2025-10-26 22:47:19,707 - NVDClient - ERROR - NVD API call failed: 404 - 
2025-10-26 22:47:19,711 - NVDClient - INFO - NVD API Call #40: Searching for '███████████▒▒▒▒▒▒▒▒▒▒▒▒▒▒▒▒▒▒▒'
2025-10-26 22:47:21,638 - NVDClient - ERROR - NVD API call failed: 404 - 
2025-10-26 22:47:21,643 - NVDClient - INFO - NVD API Call #41: Searching for '███████████▒▒▒▒▒▒▒▒▒▒▒▒▒▒▒▒▒▒▒'
2025-10-26 22:47:23,447 - NVDClient - ERROR - NVD API call failed: 404 - 
2025-10-26 22:47:23,452 - NVDClient - INFO - NVD API Call #42: Searching for '████████████▒▒▒▒▒▒▒▒▒▒▒▒▒▒▒▒▒▒'
2025-10-26 22:47:25,258 - NVDClient - ERROR - NVD API call failed: 404 - 
2025-10-26 22:47:25,261 - NVDClient - INFO - NVD API Call #43: Searching for '████████████▒▒▒▒▒▒▒▒▒▒▒▒▒▒▒▒▒▒'
2025-10-26 22:47:27,031 - NVDClient - ERROR - NVD API call failed: 429 - <!doctype html>
<!--[if lt IE 7]> <html class="no-js ie6 oldie" lang="en-US"> <![endif]-->
<!--[if IE 7]>    <html class="no-js ie7 oldie" lang="en-US"> <![endif]-->
<!--[if IE 8]>    <html class="no-js ie8 oldie" lang="en-US"> <![endif]-->
<!--[if gt IE 8]><!-->
<html class="no-js" lang="en-US">
    <!--<![endif]-->
    <head>
        <title>Access denied | services.nvd.nist.gov used Cloudflare to restrict access | services.nvd.nist.gov | Cloudflare</title>
        <meta charset="UTF-8" />
<meta http-equiv="Content-Type" content="text/html; charset=UTF-8" />
<meta http-equiv="X-UA-Compatible" content="IE=Edge" />
<meta name="robots" content="noindex, nofollow" />
<meta name="viewport" content="width=device-width,initial-scale=1" />
<link rel="stylesheet" id="cf_styles-css" href="/cdn-cgi/styles/main.css" /> <script>
  (function(){if(document.addEventListener&&window.XMLHttpRequest&&JSON&&JSON.stringify){var e=function(a){var c=document.getElementById("error-feedback-survey"),d=document.getElementById("error-feedback-success"),b=new XMLHttpRequest;a={event:"feedback clicked",properties:{errorCode: 1015 },helpful:a,version: 1 };b.open("POST","https://sparrow.cloudflare.com/api/v1/event");b.setRequestHeader("Content-Type","application/json");b.setRequestHeader("Sparrow-Source-Key","c771f0e4b54944bebf4261d44bd79a1e");
b.send(JSON.stringify(a));c.classList.add("feedback-hidden");d.classList.remove("feedback-hidden")};document.addEventListener("DOMContentLoaded",function(){var a=document.getElementById("error-feedback"),c=document.getElementById("feedback-button-yes"),d=document.getElementById("feedback-button-no");"classList"in a&&(a.classList.remove("feedback-hidden"),c.addEventListener("click",function(){e(!0)}),d.addEventListener("click",function(){e(!1)}))})}})();
</script>
        <script
            defer
            src="https://performance.radar.cloudflare.com/beacon.js"
        ></script>
    </head>
    <body>
        <div id="cf-wrapper">
            <div
                class="cf-alert cf-alert-error cf-cookie-error hidden"
                id="cookie-alert"
                data-translate="enable_cookies"
            >
                Please enable cookies.
            </div>
            <div id="cf-error-details" class="p-0">
                <header
                    class="mx-auto pt-10 lg:pt-6 lg:px-8 w-240 lg:w-full mb-15 antialiased"
                >
                    <h1
                        class="inline-block md:block mr-2 md:mb-2 font-light text-60 md:text-3xl text-black-dark leading-tight"
                    >
                        <span data-translate="error">Error</span>
                        <span>1015</span>
                    </h1>
                    <span
                        class="inline-block md:block heading-ray-id font-mono text-15 lg:text-sm lg:leading-relaxed"
                        >Ray ID: 994b9b749cd1615d &bull;</span
                    >
                    <span
                        class="inline-block md:block heading-ray-id font-mono text-15 lg:text-sm lg:leading-relaxed"
                        >2025-10-26 17:17:27 UTC</span
                    >
                    <h2
                        class="text-gray-600 leading-1.3 text-3xl lg:text-2xl font-light"
                    >
                        You are being rate limited
                    </h2>
                </header>
                
                
                <section class="w-240 lg:w-full mx-auto mb-8 lg:px-8">
                    <div id="what-happened-section" class="w-1/2 md:w-full">
                        <h2
                            class="text-3xl leading-tight font-normal mb-4 text-black-dark antialiased"
                            data-translate="what_happened"
                        >
                            What happened?
                        </h2>
                        
                            <p>The owner of this website (services.nvd.nist.gov) has banned you temporarily from accessing this website.</p>
                        
                        
                        <p>
                            Please see
                            <a
                                rel="noopener noreferrer"
                                href="https://developers.cloudflare.com/support/troubleshooting/http-status-codes/cloudflare-1xxx-errors/error-1015/"
                                target="_blank"
                                >https://developers.cloudflare.com/support/troubleshooting/http-status-codes/cloudflare-1xxx-errors/error-1015/</a
                            >
                            for more details.
                        </p>
                        
                    </div>

                    
                </section>
                

                <div class="feedback-hidden py-8 text-center" id="error-feedback">
    <div id="error-feedback-survey" class="footer-line-wrapper">
        Was this page helpful?
        <button
            class="border border-solid bg-white cf-button cursor-pointer ml-4 px-4 py-2 rounded"
            id="feedback-button-yes"
            type="button"
        >
            Yes
        </button>
        <button
            class="border border-solid bg-white cf-button cursor-pointer ml-4 px-4 py-2 rounded"
            id="feedback-button-no"
            type="button"
        >
            No
        </button>
    </div>
    <div class="feedback-success feedback-hidden" id="error-feedback-success">
        Thank you for your feedback!
    </div>
</div> <div class="cf-error-footer cf-wrapper w-240 lg:w-full py-10 sm:py-4 sm:px-8 mx-auto text-center sm:text-left border-solid border-0 border-t border-gray-300">
    <p class="text-13">
      <span class="cf-footer-item sm:block sm:mb-1">Cloudflare Ray ID: <strong class="font-semibold">994b9b749cd1615d</strong></span>
      <span class="cf-footer-separator sm:hidden">&bull;</span>
      <span id="cf-footer-item-ip" class="cf-footer-item hidden sm:block sm:mb-1">
        Your IP:
        <button type="button" id="cf-footer-ip-reveal" class="cf-footer-ip-reveal-btn">Click to reveal</button>
        <span class="hidden" id="cf-footer-ip">2409:40f2:204e:b79e:e41e:6691:5ef2:4889</span>
        <span class="cf-footer-separator sm:hidden">&bull;</span>
      </span>
      <span class="cf-footer-item sm:block sm:mb-1"><span>Performance &amp; security by</span> <a rel="noopener noreferrer" href="https://www.cloudflare.com/5xx-error-landing" id="brand_link" target="_blank">Cloudflare</a></span>
      
    </p>
    <script>(function(){function d(){var b=a.getElementById("cf-footer-item-ip"),c=a.getElementById("cf-footer-ip-reveal");b&&"classList"in b&&(b.classList.remove("hidden"),c.addEventListener("click",function(){c.classList.add("hidden");a.getElementById("cf-footer-ip").classList.remove("hidden")}))}var a=document;document.addEventListener&&a.addEventListener("DOMContentLoaded",d)})();</script>
  </div><!-- /.error-footer -->
            </div>
            <!-- /#cf-error-details -->
        </div>
        <!-- /#cf-wrapper -->

         <script>
    window._cf_translation = {};
    
    
  </script> 
        
    <script>(function(){function c(){var b=a.contentDocument||a.contentWindow.document;if(b){var d=b.createElement('script');d.innerHTML="window.__CF$cv$params={r:'994b9b749cd1615d',t:'MTc2MTQ5OTA0Nw=='};var a=document.createElement('script');a.src='/cdn-cgi/challenge-platform/scripts/jsd/main.js';document.getElementsByTagName('head')[0].appendChild(a);";b.getElementsByTagName('head')[0].appendChild(d)}}if(document.body){var a=document.createElement('iframe');a.height=1;a.width=1;a.style.position='absolute';a.style.top=0;a.style.left=0;a.style.border='none';a.style.visibility='hidden';document.body.appendChild(a);if('loading'!==document.readyState)c();else if(window.addEventListener)document.addEventListener('DOMContentLoaded',c);else{var e=document.onreadystatechange||function(){};document.onreadystatechange=function(b){e(b);'loading'!==document.readyState&&(document.onreadystatechange=e,c())}}}})();</script></body>
</html>
2025-10-26 22:47:27,036 - NVDClient - INFO - NVD API Call #44: Searching for '████████████▒▒▒▒▒▒▒▒▒▒▒▒▒▒▒▒▒▒'
2025-10-26 22:47:29,009 - NVDClient - ERROR - NVD API call failed: 404 - 
2025-10-26 22:47:29,013 - NVDClient - INFO - NVD API Call #45: Searching for '████████████▒▒▒▒▒▒▒▒▒▒▒▒▒▒▒▒▒▒'
2025-10-26 22:47:31,076 - NVDClient - ERROR - NVD API call failed: 404 - 
2025-10-26 22:47:31,081 - NVDClient - INFO - NVD API Call #46: Searching for '█████████████▒▒▒▒▒▒▒▒▒▒▒▒▒▒▒▒▒'
2025-10-26 22:47:32,988 - NVDClient - ERROR - NVD API call failed: 404 - 
2025-10-26 22:47:32,992 - NVDClient - INFO - NVD API Call #47: Searching for '█████████████▒▒▒▒▒▒▒▒▒▒▒▒▒▒▒▒▒'
2025-10-26 22:47:34,892 - NVDClient - ERROR - NVD API call failed: 404 - 
2025-10-26 22:47:34,896 - NVDClient - INFO - NVD API Call #48: Searching for '█████████████▒▒▒▒▒▒▒▒▒▒▒▒▒▒▒▒▒'
2025-10-26 22:47:36,913 - NVDClient - ERROR - NVD API call failed: 404 - 
2025-10-26 22:47:36,916 - NVDClient - INFO - NVD API Call #49: Searching for '██████████████▒▒▒▒▒▒▒▒▒▒▒▒▒▒▒▒'
2025-10-26 22:47:38,719 - NVDClient - ERROR - NVD API call failed: 404 - 
2025-10-26 22:47:38,725 - NVDClient - INFO - NVD API Call #50: Searching for '██████████████▒▒▒▒▒▒▒▒▒▒▒▒▒▒▒▒'
2025-10-26 22:47:40,798 - NVDClient - ERROR - NVD API call failed: 404 - 
2025-10-26 22:48:44,756 - NVDClient - INFO - NVD API Call #1: Searching for 'openssl'
2025-10-26 22:48:46,441 - NVDClient - ERROR - NVD API call failed: 404 - 
2025-10-26 22:48:48,321 - NVDClient - INFO - NVD API Call #1: Searching for 'Name'
2025-10-26 22:48:49,868 - NVDClient - ERROR - NVD API call failed: 404 - 
2025-10-26 22:48:49,872 - NVDClient - INFO - NVD API Call #2: Searching for 'NVM'
2025-10-26 22:48:51,571 - NVDClient - ERROR - NVD API call failed: 404 - 
2025-10-26 22:48:51,574 - NVDClient - INFO - NVD API Call #3: Searching for 'Docker'
2025-10-26 22:48:53,596 - NVDClient - ERROR - NVD API call failed: 404 - 
2025-10-26 22:48:53,604 - NVDClient - INFO - NVD API Call #4: Searching for 'Git'
2025-10-26 22:48:55,268 - NVDClient - ERROR - NVD API call failed: 404 - 
2025-10-26 22:48:55,276 - NVDClient - INFO - NVD API Call #5: Searching for 'Google'
2025-10-26 22:48:56,960 - NVDClient - ERROR - NVD API call failed: 404 - 
2025-10-26 22:48:56,967 - NVDClient - INFO - NVD API Call #6: Searching for 'Microsoft'
2025-10-26 22:48:58,640 - NVDClient - ERROR - NVD API call failed: 404 - 
2025-10-26 22:48:58,643 - NVDClient - INFO - NVD API Call #7: Searching for 'Microsoft'
2025-10-26 22:49:00,386 - NVDClient - ERROR - NVD API call failed: 404 - 
2025-10-26 22:49:00,388 - NVDClient - INFO - NVD API Call #8: Searching for 'TeXstudio'
2025-10-26 22:49:01,984 - NVDClient - ERROR - NVD API call failed: 404 - 
2025-10-26 22:49:01,987 - NVDClient - INFO - NVD API Call #9: Searching for 'VLC'
2025-10-26 22:49:03,639 - NVDClient - ERROR - NVD API call failed: 404 - 
2025-10-26 22:49:03,643 - NVDClient - INFO - NVD API Call #10: Searching for 'XAMPP'
2025-10-26 22:49:05,242 - NVDClient - ERROR - NVD API call failed: 404 - 
2025-10-26 22:49:05,249 - NVDClient - INFO - NVD API Call #11: Searching for 'Node.js'
2025-10-26 22:49:06,883 - NVDClient - ERROR - NVD API call failed: 404 - 
2025-10-26 22:49:06,887 - NVDClient - INFO - NVD API Call #12: Searching for 'Node.js'
2025-10-26 22:49:08,628 - NVDClient - ERROR - NVD API call failed: 404 - 
2025-10-26 22:49:08,634 - NVDClient - INFO - NVD API Call #13: Searching for 'DaVinci'
2025-10-26 22:49:10,327 - NVDClient - ERROR - NVD API call failed: 404 - 
2025-10-26 22:49:10,332 - NVDClient - INFO - NVD API Call #14: Searching for 'Oracle'
2025-10-26 22:49:12,090 - NVDClient - ERROR - NVD API call failed: 404 - 
2025-10-26 22:49:12,093 - NVDClient - INFO - NVD API Call #15: Searching for 'MongoDB'
2025-10-26 22:49:13,674 - NVDClient - ERROR - NVD API call failed: 404 - 
2025-10-26 22:49:13,677 - NVDClient - INFO - NVD API Call #16: Searching for 'Virtual-C'
2025-10-26 22:49:15,380 - NVDClient - ERROR - NVD API call failed: 404 - 
2025-10-26 22:49:15,399 - NVDClient - INFO - NVD API Call #17: Searching for 'MongoDB'
2025-10-26 22:49:17,005 - NVDClient - ERROR - NVD API call failed: 404 - 
2025-10-26 22:49:17,009 - NVDClient - INFO - NVD API Call #18: Searching for 'MongoDB'
2025-10-26 22:49:18,728 - NVDClient - ERROR - NVD API call failed: 404 - 
2025-10-26 22:49:18,733 - NVDClient - INFO - NVD API Call #19: Searching for 'Blackmagic'
2025-10-26 22:49:20,355 - NVDClient - ERROR - NVD API call failed: 404 - 
2025-10-26 22:49:20,363 - NVDClient - INFO - NVD API Call #20: Searching for 'DaVinci'
2025-10-26 22:49:21,934 - NVDClient - ERROR - NVD API call failed: 404 - 
2025-10-26 22:49:21,943 - NVDClient - INFO - NVD API Call #21: Searching for 'MySQL'
2025-10-26 22:49:23,537 - NVDClient - ERROR - NVD API call failed: 404 - 
2025-10-26 22:49:23,540 - NVDClient - INFO - NVD API Call #22: Searching for 'MySQL'
2025-10-26 22:49:24,897 - NVDClient - ERROR - NVD API call failed: 404 - 
2025-10-26 22:49:24,899 - NVDClient - INFO - NVD API Call #23: Searching for 'Google'
2025-10-26 22:49:26,087 - NVDClient - ERROR - NVD API call failed: 404 - 
2025-10-26 22:49:26,089 - NVDClient - INFO - NVD API Call #24: Searching for 'Microsoft'
2025-10-26 22:49:27,416 - NVDClient - ERROR - NVD API call failed: 404 - 
2025-10-26 22:49:27,418 - NVDClient - INFO - NVD API Call #25: Searching for 'Acer'
2025-10-26 22:49:28,673 - NVDClient - ERROR - NVD API call failed: 404 - 
2025-10-26 22:49:28,676 - NVDClient - INFO - NVD API Call #26: Searching for 'Acer'
2025-10-26 22:49:29,914 - NVDClient - ERROR - NVD API call failed: 404 - 
2025-10-26 22:49:29,916 - NVDClient - INFO - NVD API Call #27: Searching for 'WebAdvisor'
2025-10-26 22:49:31,198 - NVDClient - ERROR - NVD API call failed: 404 - 
2025-10-26 22:49:31,202 - NVDClient - INFO - NVD API Call #28: Searching for 'Python'
2025-10-26 22:49:32,383 - NVDClient - ERROR - NVD API call failed: 404 - 
2025-10-26 22:49:32,387 - NVDClient - INFO - NVD API Call #29: Searching for 'Python'
2025-10-26 22:49:33,588 - NVDClient - ERROR - NVD API call failed: 404 - 
2025-10-26 22:49:33,592 - NVDClient - INFO - NVD API Call #30: Searching for 'ExpressVPN'
2025-10-26 22:49:34,874 - NVDClient - ERROR - NVD API call failed: 404 - 
2025-10-26 22:49:34,879 - NVDClient - INFO - NVD API Call #31: Searching for 'AcerWarrantyRegistration'
2025-10-26 22:49:36,243 - NVDClient - ERROR - NVD API call failed: 404 - 
2025-10-26 22:49:36,245 - NVDClient - INFO - NVD API Call #32: Searching for 'Microsoft'
2025-10-26 22:49:37,552 - NVDClient - ERROR - NVD API call failed: 404 - 
2025-10-26 22:49:37,554 - NVDClient - INFO - NVD API Call #33: Searching for 'Unstop'
2025-10-26 22:49:38,814 - NVDClient - ERROR - NVD API call failed: 404 - 
2025-10-26 22:49:38,816 - NVDClient - INFO - NVD API Call #34: Searching for 'Brave'
2025-10-26 22:49:40,025 - NVDClient - ERROR - NVD API call failed: 404 - 
2025-10-26 22:49:40,027 - NVDClient - INFO - NVD API Call #35: Searching for 'MiKTeX'
2025-10-26 22:49:41,223 - NVDClient - ERROR - NVD API call failed: 429 - <!doctype html>
<!--[if lt IE 7]> <html class="no-js ie6 oldie" lang="en-US"> <![endif]-->
<!--[if IE 7]>    <html class="no-js ie7 oldie" lang="en-US"> <![endif]-->
<!--[if IE 8]>    <html class="no-js ie8 oldie" lang="en-US"> <![endif]-->
<!--[if gt IE 8]><!-->
<html class="no-js" lang="en-US">
    <!--<![endif]-->
    <head>
        <title>Access denied | services.nvd.nist.gov used Cloudflare to restrict access | services.nvd.nist.gov | Cloudflare</title>
        <meta charset="UTF-8" />
<meta http-equiv="Content-Type" content="text/html; charset=UTF-8" />
<meta http-equiv="X-UA-Compatible" content="IE=Edge" />
<meta name="robots" content="noindex, nofollow" />
<meta name="viewport" content="width=device-width,initial-scale=1" />
<link rel="stylesheet" id="cf_styles-css" href="/cdn-cgi/styles/main.css" /> <script>
  (function(){if(document.addEventListener&&window.XMLHttpRequest&&JSON&&JSON.stringify){var e=function(a){var c=document.getElementById("error-feedback-survey"),d=document.getElementById("error-feedback-success"),b=new XMLHttpRequest;a={event:"feedback clicked",properties:{errorCode: 1015 },helpful:a,version: 1 };b.open("POST","https://sparrow.cloudflare.com/api/v1/event");b.setRequestHeader("Content-Type","application/json");b.setRequestHeader("Sparrow-Source-Key","c771f0e4b54944bebf4261d44bd79a1e");
b.send(JSON.stringify(a));c.classList.add("feedback-hidden");d.classList.remove("feedback-hidden")};document.addEventListener("DOMContentLoaded",function(){var a=document.getElementById("error-feedback"),c=document.getElementById("feedback-button-yes"),d=document.getElementById("feedback-button-no");"classList"in a&&(a.classList.remove("feedback-hidden"),c.addEventListener("click",function(){e(!0)}),d.addEventListener("click",function(){e(!1)}))})}})();
</script>
        <script
            defer
            src="https://performance.radar.cloudflare.com/beacon.js"
        ></script>
    </head>
    <body>
        <div id="cf-wrapper">
            <div
                class="cf-alert cf-alert-error cf-cookie-error hidden"
                id="cookie-alert"
                data-translate="enable_cookies"
            >
                Please enable cookies.
            </div>
            <div id="cf-error-details" class="p-0">
                <header
                    class="mx-auto pt-10 lg:pt-6 lg:px-8 w-240 lg:w-full mb-15 antialiased"
                >
                    <h1
                        class="inline-block md:block mr-2 md:mb-2 font-light text-60 md:text-3xl text-black-dark leading-tight"
                    >
                        <span data-translate="error">Error</span>
                        <span>1015</span>
                    </h1>
                    <span
                        class="inline-block md:block heading-ray-id font-mono text-15 lg:text-sm lg:leading-relaxed"
                        >Ray ID: 994b9ebb4c765eb1 &bull;</span
                    >
                    <span
                        class="inline-block md:block heading-ray-id font-mono text-15 lg:text-sm lg:leading-relaxed"
                        >2025-10-26 17:19:41 UTC</span
                    >
                    <h2
                        class="text-gray-600 leading-1.3 text-3xl lg:text-2xl font-light"
                    >
                        You are being rate limited
                    </h2>
                </header>
                
                
                <section class="w-240 lg:w-full mx-auto mb-8 lg:px-8">
                    <div id="what-happened-section" class="w-1/2 md:w-full">
                        <h2
                            class="text-3xl leading-tight font-normal mb-4 text-black-dark antialiased"
                            data-translate="what_happened"
                        >
                            What happened?
                        </h2>
                        
                            <p>The owner of this website (services.nvd.nist.gov) has banned you temporarily from accessing this website.</p>
                        
                        
                        <p>
                            Please see
                            <a
                                rel="noopener noreferrer"
                                href="https://developers.cloudflare.com/support/troubleshooting/http-status-codes/cloudflare-1xxx-errors/error-1015/"
                                target="_blank"
                                >https://developers.cloudflare.com/support/troubleshooting/http-status-codes/cloudflare-1xxx-errors/error-1015/</a
                            >
                            for more details.
                        </p>
                        
                    </div>

                    
                </section>
                

                <div class="feedback-hidden py-8 text-center" id="error-feedback">
    <div id="error-feedback-survey" class="footer-line-wrapper">
        Was this page helpful?
        <button
            class="border border-solid bg-white cf-button cursor-pointer ml-4 px-4 py-2 rounded"
            id="feedback-button-yes"
            type="button"
        >
            Yes
        </button>
        <button
            class="border border-solid bg-white cf-button cursor-pointer ml-4 px-4 py-2 rounded"
            id="feedback-button-no"
            type="button"
        >
            No
        </button>
    </div>
    <div class="feedback-success feedback-hidden" id="error-feedback-success">
        Thank you for your feedback!
    </div>
</div> <div class="cf-error-footer cf-wrapper w-240 lg:w-full py-10 sm:py-4 sm:px-8 mx-auto text-center sm:text-left border-solid border-0 border-t border-gray-300">
    <p class="text-13">
      <span class="cf-footer-item sm:block sm:mb-1">Cloudflare Ray ID: <strong class="font-semibold">994b9ebb4c765eb1</strong></span>
      <span class="cf-footer-separator sm:hidden">&bull;</span>
      <span id="cf-footer-item-ip" class="cf-footer-item hidden sm:block sm:mb-1">
        Your IP:
        <button type="button" id="cf-footer-ip-reveal" class="cf-footer-ip-reveal-btn">Click to reveal</button>
        <span class="hidden" id="cf-footer-ip">2409:40f2:204e:b79e:e41e:6691:5ef2:4889</span>
        <span class="cf-footer-separator sm:hidden">&bull;</span>
      </span>
      <span class="cf-footer-item sm:block sm:mb-1"><span>Performance &amp; security by</span> <a rel="noopener noreferrer" href="https://www.cloudflare.com/5xx-error-landing" id="brand_link" target="_blank">Cloudflare</a></span>
      
    </p>
    <script>(function(){function d(){var b=a.getElementById("cf-footer-item-ip"),c=a.getElementById("cf-footer-ip-reveal");b&&"classList"in b&&(b.classList.remove("hidden"),c.addEventListener("click",function(){c.classList.add("hidden");a.getElementById("cf-footer-ip").classList.remove("hidden")}))}var a=document;document.addEventListener&&a.addEventListener("DOMContentLoaded",d)})();</script>
  </div><!-- /.error-footer -->
            </div>
            <!-- /#cf-error-details -->
        </div>
        <!-- /#cf-wrapper -->

         <script>
    window._cf_translation = {};
    
    
  </script> 
        
    <script>(function(){function c(){var b=a.contentDocument||a.contentWindow.document;if(b){var d=b.createElement('script');d.innerHTML="window.__CF$cv$params={r:'994b9ebb4c765eb1',t:'MTc2MTQ5OTE4MQ=='};var a=document.createElement('script');a.src='/cdn-cgi/challenge-platform/scripts/jsd/main.js';document.getElementsByTagName('head')[0].appendChild(a);";b.getElementsByTagName('head')[0].appendChild(d)}}if(document.body){var a=document.createElement('iframe');a.height=1;a.width=1;a.style.position='absolute';a.style.top=0;a.style.left=0;a.style.border='none';a.style.visibility='hidden';document.body.appendChild(a);if('loading'!==document.readyState)c();else if(window.addEventListener)document.addEventListener('DOMContentLoaded',c);else{var e=document.onreadystatechange||function(){};document.onreadystatechange=function(b){e(b);'loading'!==document.readyState&&(document.onreadystatechange=e,c())}}}})();</script></body>
</html>
2025-10-26 22:49:41,226 - NVDClient - INFO - NVD API Call #36: Searching for 'Microsoft'
2025-10-26 22:49:42,427 - NVDClient - ERROR - NVD API call failed: 404 - 
2025-10-26 22:49:42,429 - NVDClient - INFO - NVD API Call #37: Searching for 'Microsoft'
2025-10-26 22:49:43,616 - NVDClient - ERROR - NVD API call failed: 429 - <!doctype html>
<!--[if lt IE 7]> <html class="no-js ie6 oldie" lang="en-US"> <![endif]-->
<!--[if IE 7]>    <html class="no-js ie7 oldie" lang="en-US"> <![endif]-->
<!--[if IE 8]>    <html class="no-js ie8 oldie" lang="en-US"> <![endif]-->
<!--[if gt IE 8]><!-->
<html class="no-js" lang="en-US">
    <!--<![endif]-->
    <head>
        <title>Access denied | services.nvd.nist.gov used Cloudflare to restrict access | services.nvd.nist.gov | Cloudflare</title>
        <meta charset="UTF-8" />
<meta http-equiv="Content-Type" content="text/html; charset=UTF-8" />
<meta http-equiv="X-UA-Compatible" content="IE=Edge" />
<meta name="robots" content="noindex, nofollow" />
<meta name="viewport" content="width=device-width,initial-scale=1" />
<link rel="stylesheet" id="cf_styles-css" href="/cdn-cgi/styles/main.css" /> <script>
  (function(){if(document.addEventListener&&window.XMLHttpRequest&&JSON&&JSON.stringify){var e=function(a){var c=document.getElementById("error-feedback-survey"),d=document.getElementById("error-feedback-success"),b=new XMLHttpRequest;a={event:"feedback clicked",properties:{errorCode: 1015 },helpful:a,version: 1 };b.open("POST","https://sparrow.cloudflare.com/api/v1/event");b.setRequestHeader("Content-Type","application/json");b.setRequestHeader("Sparrow-Source-Key","c771f0e4b54944bebf4261d44bd79a1e");
b.send(JSON.stringify(a));c.classList.add("feedback-hidden");d.classList.remove("feedback-hidden")};document.addEventListener("DOMContentLoaded",function(){var a=document.getElementById("error-feedback"),c=document.getElementById("feedback-button-yes"),d=document.getElementById("feedback-button-no");"classList"in a&&(a.classList.remove("feedback-hidden"),c.addEventListener("click",function(){e(!0)}),d.addEventListener("click",function(){e(!1)}))})}})();
</script>
        <script
            defer
            src="https://performance.radar.cloudflare.com/beacon.js"
        ></script>
    </head>
    <body>
        <div id="cf-wrapper">
            <div
                class="cf-alert cf-alert-error cf-cookie-error hidden"
                id="cookie-alert"
                data-translate="enable_cookies"
            >
                Please enable cookies.
            </div>
            <div id="cf-error-details" class="p-0">
                <header
                    class="mx-auto pt-10 lg:pt-6 lg:px-8 w-240 lg:w-full mb-15 antialiased"
                >
                    <h1
                        class="inline-block md:block mr-2 md:mb-2 font-light text-60 md:text-3xl text-black-dark leading-tight"
                    >
                        <span data-translate="error">Error</span>
                        <span>1015</span>
                    </h1>
                    <span
                        class="inline-block md:block heading-ray-id font-mono text-15 lg:text-sm lg:leading-relaxed"
                        >Ray ID: 994b9eca38e82986 &bull;</span
                    >
                    <span
                        class="inline-block md:block heading-ray-id font-mono text-15 lg:text-sm lg:leading-relaxed"
                        >2025-10-26 17:19:43 UTC</span
                    >
                    <h2
                        class="text-gray-600 leading-1.3 text-3xl lg:text-2xl font-light"
                    >
                        You are being rate limited
                    </h2>
                </header>
                
                
                <section class="w-240 lg:w-full mx-auto mb-8 lg:px-8">
                    <div id="what-happened-section" class="w-1/2 md:w-full">
                        <h2
                            class="text-3xl leading-tight font-normal mb-4 text-black-dark antialiased"
                            data-translate="what_happened"
                        >
                            What happened?
                        </h2>
                        
                            <p>The owner of this website (services.nvd.nist.gov) has banned you temporarily from accessing this website.</p>
                        
                        
                        <p>
                            Please see
                            <a
                                rel="noopener noreferrer"
                                href="https://developers.cloudflare.com/support/troubleshooting/http-status-codes/cloudflare-1xxx-errors/error-1015/"
                                target="_blank"
                                >https://developers.cloudflare.com/support/troubleshooting/http-status-codes/cloudflare-1xxx-errors/error-1015/</a
                            >
                            for more details.
                        </p>
                        
                    </div>

                    
                </section>
                

                <div class="feedback-hidden py-8 text-center" id="error-feedback">
    <div id="error-feedback-survey" class="footer-line-wrapper">
        Was this page helpful?
        <button
            class="border border-solid bg-white cf-button cursor-pointer ml-4 px-4 py-2 rounded"
            id="feedback-button-yes"
            type="button"
        >
            Yes
        </button>
        <button
            class="border border-solid bg-white cf-button cursor-pointer ml-4 px-4 py-2 rounded"
            id="feedback-button-no"
            type="button"
        >
            No
        </button>
    </div>
    <div class="feedback-success feedback-hidden" id="error-feedback-success">
        Thank you for your feedback!
    </div>
</div> <div class="cf-error-footer cf-wrapper w-240 lg:w-full py-10 sm:py-4 sm:px-8 mx-auto text-center sm:text-left border-solid border-0 border-t border-gray-300">
    <p class="text-13">
      <span class="cf-footer-item sm:block sm:mb-1">Cloudflare Ray ID: <strong class="font-semibold">994b9eca38e82986</strong></span>
      <span class="cf-footer-separator sm:hidden">&bull;</span>
      <span id="cf-footer-item-ip" class="cf-footer-item hidden sm:block sm:mb-1">
        Your IP:
        <button type="button" id="cf-footer-ip-reveal" class="cf-footer-ip-reveal-btn">Click to reveal</button>
        <span class="hidden" id="cf-footer-ip">2409:40f2:204e:b79e:e41e:6691:5ef2:4889</span>
        <span class="cf-footer-separator sm:hidden">&bull;</span>
      </span>
      <span class="cf-footer-item sm:block sm:mb-1"><span>Performance &amp; security by</span> <a rel="noopener noreferrer" href="https://www.cloudflare.com/5xx-error-landing" id="brand_link" target="_blank">Cloudflare</a></span>
      
    </p>
    <script>(function(){function d(){var b=a.getElementById("cf-footer-item-ip"),c=a.getElementById("cf-footer-ip-reveal");b&&"classList"in b&&(b.classList.remove("hidden"),c.addEventListener("click",function(){c.classList.add("hidden");a.getElementById("cf-footer-ip").classList.remove("hidden")}))}var a=document;document.addEventListener&&a.addEventListener("DOMContentLoaded",d)})();</script>
  </div><!-- /.error-footer -->
            </div>
            <!-- /#cf-error-details -->
        </div>
        <!-- /#cf-wrapper -->

         <script>
    window._cf_translation = {};
    
    
  </script> 
        
    <script>(function(){function c(){var b=a.contentDocument||a.contentWindow.document;if(b){var d=b.createElement('script');d.innerHTML="window.__CF$cv$params={r:'994b9eca38e82986',t:'MTc2MTQ5OTE4Mw=='};var a=document.createElement('script');a.src='/cdn-cgi/challenge-platform/scripts/jsd/main.js';document.getElementsByTagName('head')[0].appendChild(a);";b.getElementsByTagName('head')[0].appendChild(d)}}if(document.body){var a=document.createElement('iframe');a.height=1;a.width=1;a.style.position='absolute';a.style.top=0;a.style.left=0;a.style.border='none';a.style.visibility='hidden';document.body.appendChild(a);if('loading'!==document.readyState)c();else if(window.addEventListener)document.addEventListener('DOMContentLoaded',c);else{var e=document.onreadystatechange||function(){};document.onreadystatechange=function(b){e(b);'loading'!==document.readyState&&(document.onreadystatechange=e,c())}}}})();</script></body>
</html>
2025-10-26 22:49:43,618 - NVDClient - INFO - NVD API Call #38: Searching for 'Python'
2025-10-26 22:49:44,801 - NVDClient - ERROR - NVD API call failed: 429 - <!doctype html>
<!--[if lt IE 7]> <html class="no-js ie6 oldie" lang="en-US"> <![endif]-->
<!--[if IE 7]>    <html class="no-js ie7 oldie" lang="en-US"> <![endif]-->
<!--[if IE 8]>    <html class="no-js ie8 oldie" lang="en-US"> <![endif]-->
<!--[if gt IE 8]><!-->
<html class="no-js" lang="en-US">
    <!--<![endif]-->
    <head>
        <title>Access denied | services.nvd.nist.gov used Cloudflare to restrict access | services.nvd.nist.gov | Cloudflare</title>
        <meta charset="UTF-8" />
<meta http-equiv="Content-Type" content="text/html; charset=UTF-8" />
<meta http-equiv="X-UA-Compatible" content="IE=Edge" />
<meta name="robots" content="noindex, nofollow" />
<meta name="viewport" content="width=device-width,initial-scale=1" />
<link rel="stylesheet" id="cf_styles-css" href="/cdn-cgi/styles/main.css" /> <script>
  (function(){if(document.addEventListener&&window.XMLHttpRequest&&JSON&&JSON.stringify){var e=function(a){var c=document.getElementById("error-feedback-survey"),d=document.getElementById("error-feedback-success"),b=new XMLHttpRequest;a={event:"feedback clicked",properties:{errorCode: 1015 },helpful:a,version: 1 };b.open("POST","https://sparrow.cloudflare.com/api/v1/event");b.setRequestHeader("Content-Type","application/json");b.setRequestHeader("Sparrow-Source-Key","c771f0e4b54944bebf4261d44bd79a1e");
b.send(JSON.stringify(a));c.classList.add("feedback-hidden");d.classList.remove("feedback-hidden")};document.addEventListener("DOMContentLoaded",function(){var a=document.getElementById("error-feedback"),c=document.getElementById("feedback-button-yes"),d=document.getElementById("feedback-button-no");"classList"in a&&(a.classList.remove("feedback-hidden"),c.addEventListener("click",function(){e(!0)}),d.addEventListener("click",function(){e(!1)}))})}})();
</script>
        <script
            defer
            src="https://performance.radar.cloudflare.com/beacon.js"
        ></script>
    </head>
    <body>
        <div id="cf-wrapper">
            <div
                class="cf-alert cf-alert-error cf-cookie-error hidden"
                id="cookie-alert"
                data-translate="enable_cookies"
            >
                Please enable cookies.
            </div>
            <div id="cf-error-details" class="p-0">
                <header
                    class="mx-auto pt-10 lg:pt-6 lg:px-8 w-240 lg:w-full mb-15 antialiased"
                >
                    <h1
                        class="inline-block md:block mr-2 md:mb-2 font-light text-60 md:text-3xl text-black-dark leading-tight"
                    >
                        <span data-translate="error">Error</span>
                        <span>1015</span>
                    </h1>
                    <span
                        class="inline-block md:block heading-ray-id font-mono text-15 lg:text-sm lg:leading-relaxed"
                        >Ray ID: 994b9ed18e41112e &bull;</span
                    >
                    <span
                        class="inline-block md:block heading-ray-id font-mono text-15 lg:text-sm lg:leading-relaxed"
                        >2025-10-26 17:19:44 UTC</span
                    >
                    <h2
                        class="text-gray-600 leading-1.3 text-3xl lg:text-2xl font-light"
                    >
                        You are being rate limited
                    </h2>
                </header>
                
                
                <section class="w-240 lg:w-full mx-auto mb-8 lg:px-8">
                    <div id="what-happened-section" class="w-1/2 md:w-full">
                        <h2
                            class="text-3xl leading-tight font-normal mb-4 text-black-dark antialiased"
                            data-translate="what_happened"
                        >
                            What happened?
                        </h2>
                        
                            <p>The owner of this website (services.nvd.nist.gov) has banned you temporarily from accessing this website.</p>
                        
                        
                        <p>
                            Please see
                            <a
                                rel="noopener noreferrer"
                                href="https://developers.cloudflare.com/support/troubleshooting/http-status-codes/cloudflare-1xxx-errors/error-1015/"
                                target="_blank"
                                >https://developers.cloudflare.com/support/troubleshooting/http-status-codes/cloudflare-1xxx-errors/error-1015/</a
                            >
                            for more details.
                        </p>
                        
                    </div>

                    
                </section>
                

                <div class="feedback-hidden py-8 text-center" id="error-feedback">
    <div id="error-feedback-survey" class="footer-line-wrapper">
        Was this page helpful?
        <button
            class="border border-solid bg-white cf-button cursor-pointer ml-4 px-4 py-2 rounded"
            id="feedback-button-yes"
            type="button"
        >
            Yes
        </button>
        <button
            class="border border-solid bg-white cf-button cursor-pointer ml-4 px-4 py-2 rounded"
            id="feedback-button-no"
            type="button"
        >
            No
        </button>
    </div>
    <div class="feedback-success feedback-hidden" id="error-feedback-success">
        Thank you for your feedback!
    </div>
</div> <div class="cf-error-footer cf-wrapper w-240 lg:w-full py-10 sm:py-4 sm:px-8 mx-auto text-center sm:text-left border-solid border-0 border-t border-gray-300">
    <p class="text-13">
      <span class="cf-footer-item sm:block sm:mb-1">Cloudflare Ray ID: <strong class="font-semibold">994b9ed18e41112e</strong></span>
      <span class="cf-footer-separator sm:hidden">&bull;</span>
      <span id="cf-footer-item-ip" class="cf-footer-item hidden sm:block sm:mb-1">
        Your IP:
        <button type="button" id="cf-footer-ip-reveal" class="cf-footer-ip-reveal-btn">Click to reveal</button>
        <span class="hidden" id="cf-footer-ip">2409:40f2:204e:b79e:e41e:6691:5ef2:4889</span>
        <span class="cf-footer-separator sm:hidden">&bull;</span>
      </span>
      <span class="cf-footer-item sm:block sm:mb-1"><span>Performance &amp; security by</span> <a rel="noopener noreferrer" href="https://www.cloudflare.com/5xx-error-landing" id="brand_link" target="_blank">Cloudflare</a></span>
      
    </p>
    <script>(function(){function d(){var b=a.getElementById("cf-footer-item-ip"),c=a.getElementById("cf-footer-ip-reveal");b&&"classList"in b&&(b.classList.remove("hidden"),c.addEventListener("click",function(){c.classList.add("hidden");a.getElementById("cf-footer-ip").classList.remove("hidden")}))}var a=document;document.addEventListener&&a.addEventListener("DOMContentLoaded",d)})();</script>
  </div><!-- /.error-footer -->
            </div>
            <!-- /#cf-error-details -->
        </div>
        <!-- /#cf-wrapper -->

         <script>
    window._cf_translation = {};
    
    
  </script> 
        
    <script>(function(){function c(){var b=a.contentDocument||a.contentWindow.document;if(b){var d=b.createElement('script');d.innerHTML="window.__CF$cv$params={r:'994b9ed18e41112e',t:'MTc2MTQ5OTE4NA=='};var a=document.createElement('script');a.src='/cdn-cgi/challenge-platform/scripts/jsd/main.js';document.getElementsByTagName('head')[0].appendChild(a);";b.getElementsByTagName('head')[0].appendChild(d)}}if(document.body){var a=document.createElement('iframe');a.height=1;a.width=1;a.style.position='absolute';a.style.top=0;a.style.left=0;a.style.border='none';a.style.visibility='hidden';document.body.appendChild(a);if('loading'!==document.readyState)c();else if(window.addEventListener)document.addEventListener('DOMContentLoaded',c);else{var e=document.onreadystatechange||function(){};document.onreadystatechange=function(b){e(b);'loading'!==document.readyState&&(document.onreadystatechange=e,c())}}}})();</script></body>
</html>
2025-10-26 22:49:44,804 - NVDClient - INFO - NVD API Call #39: Searching for 'Cursor'
2025-10-26 22:49:46,183 - NVDClient - ERROR - NVD API call failed: 404 - 
2025-10-26 22:49:46,188 - NVDClient - INFO - NVD API Call #40: Searching for 'MSYS2'
2025-10-26 22:49:47,376 - NVDClient - ERROR - NVD API call failed: 429 - <!doctype html>
<!--[if lt IE 7]> <html class="no-js ie6 oldie" lang="en-US"> <![endif]-->
<!--[if IE 7]>    <html class="no-js ie7 oldie" lang="en-US"> <![endif]-->
<!--[if IE 8]>    <html class="no-js ie8 oldie" lang="en-US"> <![endif]-->
<!--[if gt IE 8]><!-->
<html class="no-js" lang="en-US">
    <!--<![endif]-->
    <head>
        <title>Access denied | services.nvd.nist.gov used Cloudflare to restrict access | services.nvd.nist.gov | Cloudflare</title>
        <meta charset="UTF-8" />
<meta http-equiv="Content-Type" content="text/html; charset=UTF-8" />
<meta http-equiv="X-UA-Compatible" content="IE=Edge" />
<meta name="robots" content="noindex, nofollow" />
<meta name="viewport" content="width=device-width,initial-scale=1" />
<link rel="stylesheet" id="cf_styles-css" href="/cdn-cgi/styles/main.css" /> <script>
  (function(){if(document.addEventListener&&window.XMLHttpRequest&&JSON&&JSON.stringify){var e=function(a){var c=document.getElementById("error-feedback-survey"),d=document.getElementById("error-feedback-success"),b=new XMLHttpRequest;a={event:"feedback clicked",properties:{errorCode: 1015 },helpful:a,version: 1 };b.open("POST","https://sparrow.cloudflare.com/api/v1/event");b.setRequestHeader("Content-Type","application/json");b.setRequestHeader("Sparrow-Source-Key","c771f0e4b54944bebf4261d44bd79a1e");
b.send(JSON.stringify(a));c.classList.add("feedback-hidden");d.classList.remove("feedback-hidden")};document.addEventListener("DOMContentLoaded",function(){var a=document.getElementById("error-feedback"),c=document.getElementById("feedback-button-yes"),d=document.getElementById("feedback-button-no");"classList"in a&&(a.classList.remove("feedback-hidden"),c.addEventListener("click",function(){e(!0)}),d.addEventListener("click",function(){e(!1)}))})}})();
</script>
        <script
            defer
            src="https://performance.radar.cloudflare.com/beacon.js"
        ></script>
    </head>
    <body>
        <div id="cf-wrapper">
            <div
                class="cf-alert cf-alert-error cf-cookie-error hidden"
                id="cookie-alert"
                data-translate="enable_cookies"
            >
                Please enable cookies.
            </div>
            <div id="cf-error-details" class="p-0">
                <header
                    class="mx-auto pt-10 lg:pt-6 lg:px-8 w-240 lg:w-full mb-15 antialiased"
                >
                    <h1
                        class="inline-block md:block mr-2 md:mb-2 font-light text-60 md:text-3xl text-black-dark leading-tight"
                    >
                        <span data-translate="error">Error</span>
                        <span>1015</span>
                    </h1>
                    <span
                        class="inline-block md:block heading-ray-id font-mono text-15 lg:text-sm lg:leading-relaxed"
                        >Ray ID: 994b9ee1bbe10ffa &bull;</span
                    >
                    <span
                        class="inline-block md:block heading-ray-id font-mono text-15 lg:text-sm lg:leading-relaxed"
                        >2025-10-26 17:19:47 UTC</span
                    >
                    <h2
                        class="text-gray-600 leading-1.3 text-3xl lg:text-2xl font-light"
                    >
                        You are being rate limited
                    </h2>
                </header>
                
                
                <section class="w-240 lg:w-full mx-auto mb-8 lg:px-8">
                    <div id="what-happened-section" class="w-1/2 md:w-full">
                        <h2
                            class="text-3xl leading-tight font-normal mb-4 text-black-dark antialiased"
                            data-translate="what_happened"
                        >
                            What happened?
                        </h2>
                        
                            <p>The owner of this website (services.nvd.nist.gov) has banned you temporarily from accessing this website.</p>
                        
                        
                        <p>
                            Please see
                            <a
                                rel="noopener noreferrer"
                                href="https://developers.cloudflare.com/support/troubleshooting/http-status-codes/cloudflare-1xxx-errors/error-1015/"
                                target="_blank"
                                >https://developers.cloudflare.com/support/troubleshooting/http-status-codes/cloudflare-1xxx-errors/error-1015/</a
                            >
                            for more details.
                        </p>
                        
                    </div>

                    
                </section>
                

                <div class="feedback-hidden py-8 text-center" id="error-feedback">
    <div id="error-feedback-survey" class="footer-line-wrapper">
        Was this page helpful?
        <button
            class="border border-solid bg-white cf-button cursor-pointer ml-4 px-4 py-2 rounded"
            id="feedback-button-yes"
            type="button"
        >
            Yes
        </button>
        <button
            class="border border-solid bg-white cf-button cursor-pointer ml-4 px-4 py-2 rounded"
            id="feedback-button-no"
            type="button"
        >
            No
        </button>
    </div>
    <div class="feedback-success feedback-hidden" id="error-feedback-success">
        Thank you for your feedback!
    </div>
</div> <div class="cf-error-footer cf-wrapper w-240 lg:w-full py-10 sm:py-4 sm:px-8 mx-auto text-center sm:text-left border-solid border-0 border-t border-gray-300">
    <p class="text-13">
      <span class="cf-footer-item sm:block sm:mb-1">Cloudflare Ray ID: <strong class="font-semibold">994b9ee1bbe10ffa</strong></span>
      <span class="cf-footer-separator sm:hidden">&bull;</span>
      <span id="cf-footer-item-ip" class="cf-footer-item hidden sm:block sm:mb-1">
        Your IP:
        <button type="button" id="cf-footer-ip-reveal" class="cf-footer-ip-reveal-btn">Click to reveal</button>
        <span class="hidden" id="cf-footer-ip">2409:40f2:204e:b79e:e41e:6691:5ef2:4889</span>
        <span class="cf-footer-separator sm:hidden">&bull;</span>
      </span>
      <span class="cf-footer-item sm:block sm:mb-1"><span>Performance &amp; security by</span> <a rel="noopener noreferrer" href="https://www.cloudflare.com/5xx-error-landing" id="brand_link" target="_blank">Cloudflare</a></span>
      
    </p>
    <script>(function(){function d(){var b=a.getElementById("cf-footer-item-ip"),c=a.getElementById("cf-footer-ip-reveal");b&&"classList"in b&&(b.classList.remove("hidden"),c.addEventListener("click",function(){c.classList.add("hidden");a.getElementById("cf-footer-ip").classList.remove("hidden")}))}var a=document;document.addEventListener&&a.addEventListener("DOMContentLoaded",d)})();</script>
  </div><!-- /.error-footer -->
            </div>
            <!-- /#cf-error-details -->
        </div>
        <!-- /#cf-wrapper -->

         <script>
    window._cf_translation = {};
    
    
  </script> 
        
    <script>(function(){function c(){var b=a.contentDocument||a.contentWindow.document;if(b){var d=b.createElement('script');d.innerHTML="window.__CF$cv$params={r:'994b9ee1bbe10ffa',t:'MTc2MTQ5OTE4Nw=='};var a=document.createElement('script');a.src='/cdn-cgi/challenge-platform/scripts/jsd/main.js';document.getElementsByTagName('head')[0].appendChild(a);";b.getElementsByTagName('head')[0].appendChild(d)}}if(document.body){var a=document.createElement('iframe');a.height=1;a.width=1;a.style.position='absolute';a.style.top=0;a.style.left=0;a.style.border='none';a.style.visibility='hidden';document.body.appendChild(a);if('loading'!==document.readyState)c();else if(window.addEventListener)document.addEventListener('DOMContentLoaded',c);else{var e=document.onreadystatechange||function(){};document.onreadystatechange=function(b){e(b);'loading'!==document.readyState&&(document.onreadystatechange=e,c())}}}})();</script></body>
</html>
2025-10-26 22:49:47,381 - NVDClient - INFO - NVD API Call #41: Searching for 'WhatsApp'
2025-10-26 22:49:48,599 - NVDClient - ERROR - NVD API call failed: 404 - 
2025-10-26 22:49:48,603 - NVDClient - INFO - NVD API Call #42: Searching for 'Intel®'
2025-10-26 22:49:49,917 - NVDClient - ERROR - NVD API call failed: 404 - 
2025-10-26 22:49:49,921 - NVDClient - INFO - NVD API Call #43: Searching for 'Intel®'
2025-10-26 22:49:51,239 - NVDClient - ERROR - NVD API call failed: 404 - 
2025-10-26 22:49:51,243 - NVDClient - INFO - NVD API Call #44: Searching for 'Microsoft'
2025-10-26 22:49:52,581 - NVDClient - ERROR - NVD API call failed: 404 - 
2025-10-26 22:49:52,584 - NVDClient - INFO - NVD API Call #45: Searching for 'Microsoft'
2025-10-26 22:50:33,611 - NVDClient - INFO - NVD API Call #1: Searching for 'Name'
2025-10-26 22:50:35,209 - NVDClient - ERROR - NVD API call failed: 404 - 
2025-10-26 22:50:35,212 - NVDClient - INFO - NVD API Call #2: Searching for 'NVM'
2025-10-26 22:50:36,909 - NVDClient - ERROR - NVD API call failed: 404 - 
2025-10-26 22:50:36,913 - NVDClient - INFO - NVD API Call #3: Searching for 'Docker'
2025-10-26 22:50:38,576 - NVDClient - ERROR - NVD API call failed: 404 - 
2025-10-26 22:50:38,580 - NVDClient - INFO - NVD API Call #4: Searching for 'Git'
2025-10-26 22:50:40,204 - NVDClient - ERROR - NVD API call failed: 404 - 
2025-10-26 22:50:40,210 - NVDClient - INFO - NVD API Call #5: Searching for 'Google'
2025-10-26 22:50:42,108 - NVDClient - ERROR - NVD API call failed: 404 - 
2025-10-26 22:50:42,123 - NVDClient - INFO - NVD API Call #6: Searching for 'Microsoft'
2025-10-26 22:50:43,683 - NVDClient - ERROR - NVD API call failed: 404 - 
2025-10-26 22:50:43,689 - NVDClient - INFO - NVD API Call #7: Searching for 'Microsoft'
2025-10-26 22:50:45,434 - NVDClient - ERROR - NVD API call failed: 404 - 
2025-10-26 22:50:45,437 - NVDClient - INFO - NVD API Call #8: Searching for 'TeXstudio'
2025-10-26 22:50:47,216 - NVDClient - ERROR - NVD API call failed: 404 - 
2025-10-26 22:50:47,224 - NVDClient - INFO - NVD API Call #9: Searching for 'VLC'
2025-10-26 22:50:48,970 - NVDClient - ERROR - NVD API call failed: 404 - 
2025-10-26 22:50:48,976 - NVDClient - INFO - NVD API Call #10: Searching for 'XAMPP'
2025-10-26 22:50:50,784 - NVDClient - ERROR - NVD API call failed: 404 - 
2025-10-26 22:50:50,788 - NVDClient - INFO - NVD API Call #11: Searching for 'Node.js'
2025-10-26 22:50:52,589 - NVDClient - ERROR - NVD API call failed: 404 - 
2025-10-26 22:50:52,593 - NVDClient - INFO - NVD API Call #12: Searching for 'Node.js'
2025-10-26 22:50:54,236 - NVDClient - ERROR - NVD API call failed: 404 - 
2025-10-26 22:50:54,240 - NVDClient - INFO - NVD API Call #13: Searching for 'DaVinci'
2025-10-26 22:50:56,142 - NVDClient - ERROR - NVD API call failed: 404 - 
2025-10-26 22:50:56,150 - NVDClient - INFO - NVD API Call #14: Searching for 'Oracle'
2025-10-26 22:50:58,053 - NVDClient - ERROR - NVD API call failed: 404 - 
2025-10-26 22:50:58,057 - NVDClient - INFO - NVD API Call #15: Searching for 'MongoDB'
2025-10-26 22:50:59,873 - NVDClient - ERROR - NVD API call failed: 404 - 
2025-10-26 22:50:59,877 - NVDClient - INFO - NVD API Call #16: Searching for 'Virtual-C'
2025-10-26 22:51:01,649 - NVDClient - ERROR - NVD API call failed: 404 - 
2025-10-26 22:51:01,656 - NVDClient - INFO - NVD API Call #17: Searching for 'MongoDB'
2025-10-26 22:51:03,368 - NVDClient - ERROR - NVD API call failed: 404 - 
2025-10-26 22:51:03,375 - NVDClient - INFO - NVD API Call #18: Searching for 'MongoDB'
2025-10-26 22:51:05,242 - NVDClient - ERROR - NVD API call failed: 404 - 
2025-10-26 22:51:05,258 - NVDClient - INFO - NVD API Call #19: Searching for 'Blackmagic'
2025-10-26 22:51:07,090 - NVDClient - ERROR - NVD API call failed: 404 - 
2025-10-26 22:51:07,099 - NVDClient - INFO - NVD API Call #20: Searching for 'DaVinci'
2025-10-26 22:51:09,024 - NVDClient - ERROR - NVD API call failed: 404 - 
2025-10-26 22:51:09,028 - NVDClient - INFO - NVD API Call #21: Searching for 'MySQL'
2025-10-26 22:51:10,908 - NVDClient - ERROR - NVD API call failed: 404 - 
2025-10-26 22:51:10,921 - NVDClient - INFO - NVD API Call #22: Searching for 'MySQL'
2025-10-26 22:51:12,750 - NVDClient - ERROR - NVD API call failed: 404 - 
2025-10-26 22:51:12,755 - NVDClient - INFO - NVD API Call #23: Searching for 'Google'
2025-10-26 22:51:14,585 - NVDClient - ERROR - NVD API call failed: 404 - 
2025-10-26 22:51:14,590 - NVDClient - INFO - NVD API Call #24: Searching for 'Microsoft'
2025-10-26 22:51:16,283 - NVDClient - ERROR - NVD API call failed: 404 - 
2025-10-26 22:51:16,292 - NVDClient - INFO - NVD API Call #25: Searching for 'Acer'
2025-10-26 22:51:18,248 - NVDClient - ERROR - NVD API call failed: 404 - 
2025-10-26 22:51:18,251 - NVDClient - INFO - NVD API Call #26: Searching for 'Acer'
2025-10-26 22:51:19,992 - NVDClient - ERROR - NVD API call failed: 404 - 
2025-10-26 22:51:19,997 - NVDClient - INFO - NVD API Call #27: Searching for 'WebAdvisor'
2025-10-26 22:51:21,816 - NVDClient - ERROR - NVD API call failed: 404 - 
2025-10-26 22:51:21,820 - NVDClient - INFO - NVD API Call #28: Searching for 'Python'
2025-10-26 22:51:23,551 - NVDClient - ERROR - NVD API call failed: 404 - 
2025-10-26 22:51:23,556 - NVDClient - INFO - NVD API Call #29: Searching for 'Python'
2025-10-26 22:51:25,292 - NVDClient - ERROR - NVD API call failed: 404 - 
2025-10-26 22:51:25,300 - NVDClient - INFO - NVD API Call #30: Searching for 'ExpressVPN'
2025-10-26 22:51:27,083 - NVDClient - ERROR - NVD API call failed: 404 - 
2025-10-26 22:51:27,088 - NVDClient - INFO - NVD API Call #31: Searching for 'AcerWarrantyRegistration'
2025-10-26 22:51:28,795 - NVDClient - ERROR - NVD API call failed: 404 - 
2025-10-26 22:51:28,798 - NVDClient - INFO - NVD API Call #32: Searching for 'Microsoft'
2025-10-26 22:51:30,758 - NVDClient - ERROR - NVD API call failed: 404 - 
2025-10-26 22:51:30,763 - NVDClient - INFO - NVD API Call #33: Searching for 'Unstop'
2025-10-26 22:51:32,560 - NVDClient - ERROR - NVD API call failed: 404 - 
2025-10-26 22:51:32,571 - NVDClient - INFO - NVD API Call #34: Searching for 'Brave'
2025-10-26 22:51:34,430 - NVDClient - ERROR - NVD API call failed: 404 - 
2025-10-26 22:51:34,439 - NVDClient - INFO - NVD API Call #35: Searching for 'MiKTeX'
2025-10-26 22:51:36,105 - NVDClient - ERROR - NVD API call failed: 404 - 
2025-10-26 22:51:36,126 - NVDClient - INFO - NVD API Call #36: Searching for 'Microsoft'
2025-10-26 22:51:38,005 - NVDClient - ERROR - NVD API call failed: 404 - 
2025-10-26 22:51:38,009 - NVDClient - INFO - NVD API Call #37: Searching for 'Microsoft'
2025-10-26 22:51:39,915 - NVDClient - ERROR - NVD API call failed: 404 - 
2025-10-26 22:51:39,923 - NVDClient - INFO - NVD API Call #38: Searching for 'Python'
2025-10-26 22:51:41,767 - NVDClient - ERROR - NVD API call failed: 404 - 
2025-10-26 22:51:41,773 - NVDClient - INFO - NVD API Call #39: Searching for 'Cursor'
2025-10-26 22:51:43,551 - NVDClient - ERROR - NVD API call failed: 404 - 
2025-10-26 22:51:43,555 - NVDClient - INFO - NVD API Call #40: Searching for 'MSYS2'
2025-10-26 22:51:45,323 - NVDClient - ERROR - NVD API call failed: 404 - 
2025-10-26 22:51:45,328 - NVDClient - INFO - NVD API Call #41: Searching for 'WhatsApp'
2025-10-26 22:51:47,066 - NVDClient - ERROR - NVD API call failed: 404 - 
2025-10-26 22:51:47,071 - NVDClient - INFO - NVD API Call #42: Searching for 'Intel®'
2025-10-26 22:51:48,988 - NVDClient - ERROR - NVD API call failed: 404 - 
2025-10-26 22:51:48,994 - NVDClient - INFO - NVD API Call #43: Searching for 'Intel®'
2025-10-26 22:51:50,574 - NVDClient - ERROR - NVD API call failed: 429 - <!doctype html>
<!--[if lt IE 7]> <html class="no-js ie6 oldie" lang="en-US"> <![endif]-->
<!--[if IE 7]>    <html class="no-js ie7 oldie" lang="en-US"> <![endif]-->
<!--[if IE 8]>    <html class="no-js ie8 oldie" lang="en-US"> <![endif]-->
<!--[if gt IE 8]><!-->
<html class="no-js" lang="en-US">
    <!--<![endif]-->
    <head>
        <title>Access denied | services.nvd.nist.gov used Cloudflare to restrict access | services.nvd.nist.gov | Cloudflare</title>
        <meta charset="UTF-8" />
<meta http-equiv="Content-Type" content="text/html; charset=UTF-8" />
<meta http-equiv="X-UA-Compatible" content="IE=Edge" />
<meta name="robots" content="noindex, nofollow" />
<meta name="viewport" content="width=device-width,initial-scale=1" />
<link rel="stylesheet" id="cf_styles-css" href="/cdn-cgi/styles/main.css" /> <script>
  (function(){if(document.addEventListener&&window.XMLHttpRequest&&JSON&&JSON.stringify){var e=function(a){var c=document.getElementById("error-feedback-survey"),d=document.getElementById("error-feedback-success"),b=new XMLHttpRequest;a={event:"feedback clicked",properties:{errorCode: 1015 },helpful:a,version: 1 };b.open("POST","https://sparrow.cloudflare.com/api/v1/event");b.setRequestHeader("Content-Type","application/json");b.setRequestHeader("Sparrow-Source-Key","c771f0e4b54944bebf4261d44bd79a1e");
b.send(JSON.stringify(a));c.classList.add("feedback-hidden");d.classList.remove("feedback-hidden")};document.addEventListener("DOMContentLoaded",function(){var a=document.getElementById("error-feedback"),c=document.getElementById("feedback-button-yes"),d=document.getElementById("feedback-button-no");"classList"in a&&(a.classList.remove("feedback-hidden"),c.addEventListener("click",function(){e(!0)}),d.addEventListener("click",function(){e(!1)}))})}})();
</script>
        <script
            defer
            src="https://performance.radar.cloudflare.com/beacon.js"
        ></script>
    </head>
    <body>
        <div id="cf-wrapper">
            <div
                class="cf-alert cf-alert-error cf-cookie-error hidden"
                id="cookie-alert"
                data-translate="enable_cookies"
            >
                Please enable cookies.
            </div>
            <div id="cf-error-details" class="p-0">
                <header
                    class="mx-auto pt-10 lg:pt-6 lg:px-8 w-240 lg:w-full mb-15 antialiased"
                >
                    <h1
                        class="inline-block md:block mr-2 md:mb-2 font-light text-60 md:text-3xl text-black-dark leading-tight"
                    >
                        <span data-translate="error">Error</span>
                        <span>1015</span>
                    </h1>
                    <span
                        class="inline-block md:block heading-ray-id font-mono text-15 lg:text-sm lg:leading-relaxed"
                        >Ray ID: 994ba1e3be6ef571 &bull;</span
                    >
                    <span
                        class="inline-block md:block heading-ray-id font-mono text-15 lg:text-sm lg:leading-relaxed"
                        >2025-10-26 17:21:50 UTC</span
                    >
                    <h2
                        class="text-gray-600 leading-1.3 text-3xl lg:text-2xl font-light"
                    >
                        You are being rate limited
                    </h2>
                </header>
                
                
                <section class="w-240 lg:w-full mx-auto mb-8 lg:px-8">
                    <div id="what-happened-section" class="w-1/2 md:w-full">
                        <h2
                            class="text-3xl leading-tight font-normal mb-4 text-black-dark antialiased"
                            data-translate="what_happened"
                        >
                            What happened?
                        </h2>
                        
                            <p>The owner of this website (services.nvd.nist.gov) has banned you temporarily from accessing this website.</p>
                        
                        
                        <p>
                            Please see
                            <a
                                rel="noopener noreferrer"
                                href="https://developers.cloudflare.com/support/troubleshooting/http-status-codes/cloudflare-1xxx-errors/error-1015/"
                                target="_blank"
                                >https://developers.cloudflare.com/support/troubleshooting/http-status-codes/cloudflare-1xxx-errors/error-1015/</a
                            >
                            for more details.
                        </p>
                        
                    </div>

                    
                </section>
                

                <div class="feedback-hidden py-8 text-center" id="error-feedback">
    <div id="error-feedback-survey" class="footer-line-wrapper">
        Was this page helpful?
        <button
            class="border border-solid bg-white cf-button cursor-pointer ml-4 px-4 py-2 rounded"
            id="feedback-button-yes"
            type="button"
        >
            Yes
        </button>
        <button
            class="border border-solid bg-white cf-button cursor-pointer ml-4 px-4 py-2 rounded"
            id="feedback-button-no"
            type="button"
        >
            No
        </button>
    </div>
    <div class="feedback-success feedback-hidden" id="error-feedback-success">
        Thank you for your feedback!
    </div>
</div> <div class="cf-error-footer cf-wrapper w-240 lg:w-full py-10 sm:py-4 sm:px-8 mx-auto text-center sm:text-left border-solid border-0 border-t border-gray-300">
    <p class="text-13">
      <span class="cf-footer-item sm:block sm:mb-1">Cloudflare Ray ID: <strong class="font-semibold">994ba1e3be6ef571</strong></span>
      <span class="cf-footer-separator sm:hidden">&bull;</span>
      <span id="cf-footer-item-ip" class="cf-footer-item hidden sm:block sm:mb-1">
        Your IP:
        <button type="button" id="cf-footer-ip-reveal" class="cf-footer-ip-reveal-btn">Click to reveal</button>
        <span class="hidden" id="cf-footer-ip">2409:40f2:204e:b79e:e41e:6691:5ef2:4889</span>
        <span class="cf-footer-separator sm:hidden">&bull;</span>
      </span>
      <span class="cf-footer-item sm:block sm:mb-1"><span>Performance &amp; security by</span> <a rel="noopener noreferrer" href="https://www.cloudflare.com/5xx-error-landing" id="brand_link" target="_blank">Cloudflare</a></span>
      
    </p>
    <script>(function(){function d(){var b=a.getElementById("cf-footer-item-ip"),c=a.getElementById("cf-footer-ip-reveal");b&&"classList"in b&&(b.classList.remove("hidden"),c.addEventListener("click",function(){c.classList.add("hidden");a.getElementById("cf-footer-ip").classList.remove("hidden")}))}var a=document;document.addEventListener&&a.addEventListener("DOMContentLoaded",d)})();</script>
  </div><!-- /.error-footer -->
            </div>
            <!-- /#cf-error-details -->
        </div>
        <!-- /#cf-wrapper -->

         <script>
    window._cf_translation = {};
    
    
  </script> 
        
    <script>(function(){function c(){var b=a.contentDocument||a.contentWindow.document;if(b){var d=b.createElement('script');d.innerHTML="window.__CF$cv$params={r:'994ba1e3be6ef571',t:'MTc2MTQ5OTMxMA=='};var a=document.createElement('script');a.src='/cdn-cgi/challenge-platform/scripts/jsd/main.js';document.getElementsByTagName('head')[0].appendChild(a);";b.getElementsByTagName('head')[0].appendChild(d)}}if(document.body){var a=document.createElement('iframe');a.height=1;a.width=1;a.style.position='absolute';a.style.top=0;a.style.left=0;a.style.border='none';a.style.visibility='hidden';document.body.appendChild(a);if('loading'!==document.readyState)c();else if(window.addEventListener)document.addEventListener('DOMContentLoaded',c);else{var e=document.onreadystatechange||function(){};document.onreadystatechange=function(b){e(b);'loading'!==document.readyState&&(document.onreadystatechange=e,c())}}}})();</script></body>
</html>
2025-10-26 22:51:50,585 - NVDClient - INFO - NVD API Call #44: Searching for 'Microsoft'
2025-10-26 22:51:52,494 - NVDClient - ERROR - NVD API call failed: 404 - 
2025-10-26 22:51:52,497 - NVDClient - INFO - NVD API Call #45: Searching for 'Microsoft'
2025-10-26 22:51:54,479 - NVDClient - ERROR - NVD API call failed: 429 - <!doctype html>
<!--[if lt IE 7]> <html class="no-js ie6 oldie" lang="en-US"> <![endif]-->
<!--[if IE 7]>    <html class="no-js ie7 oldie" lang="en-US"> <![endif]-->
<!--[if IE 8]>    <html class="no-js ie8 oldie" lang="en-US"> <![endif]-->
<!--[if gt IE 8]><!-->
<html class="no-js" lang="en-US">
    <!--<![endif]-->
    <head>
        <title>Access denied | services.nvd.nist.gov used Cloudflare to restrict access | services.nvd.nist.gov | Cloudflare</title>
        <meta charset="UTF-8" />
<meta http-equiv="Content-Type" content="text/html; charset=UTF-8" />
<meta http-equiv="X-UA-Compatible" content="IE=Edge" />
<meta name="robots" content="noindex, nofollow" />
<meta name="viewport" content="width=device-width,initial-scale=1" />
<link rel="stylesheet" id="cf_styles-css" href="/cdn-cgi/styles/main.css" /> <script>
  (function(){if(document.addEventListener&&window.XMLHttpRequest&&JSON&&JSON.stringify){var e=function(a){var c=document.getElementById("error-feedback-survey"),d=document.getElementById("error-feedback-success"),b=new XMLHttpRequest;a={event:"feedback clicked",properties:{errorCode: 1015 },helpful:a,version: 1 };b.open("POST","https://sparrow.cloudflare.com/api/v1/event");b.setRequestHeader("Content-Type","application/json");b.setRequestHeader("Sparrow-Source-Key","c771f0e4b54944bebf4261d44bd79a1e");
b.send(JSON.stringify(a));c.classList.add("feedback-hidden");d.classList.remove("feedback-hidden")};document.addEventListener("DOMContentLoaded",function(){var a=document.getElementById("error-feedback"),c=document.getElementById("feedback-button-yes"),d=document.getElementById("feedback-button-no");"classList"in a&&(a.classList.remove("feedback-hidden"),c.addEventListener("click",function(){e(!0)}),d.addEventListener("click",function(){e(!1)}))})}})();
</script>
        <script
            defer
            src="https://performance.radar.cloudflare.com/beacon.js"
        ></script>
    </head>
    <body>
        <div id="cf-wrapper">
            <div
                class="cf-alert cf-alert-error cf-cookie-error hidden"
                id="cookie-alert"
                data-translate="enable_cookies"
            >
                Please enable cookies.
            </div>
            <div id="cf-error-details" class="p-0">
                <header
                    class="mx-auto pt-10 lg:pt-6 lg:px-8 w-240 lg:w-full mb-15 antialiased"
                >
                    <h1
                        class="inline-block md:block mr-2 md:mb-2 font-light text-60 md:text-3xl text-black-dark leading-tight"
                    >
                        <span data-translate="error">Error</span>
                        <span>1015</span>
                    </h1>
                    <span
                        class="inline-block md:block heading-ray-id font-mono text-15 lg:text-sm lg:leading-relaxed"
                        >Ray ID: 994ba1fc1cba393d &bull;</span
                    >
                    <span
                        class="inline-block md:block heading-ray-id font-mono text-15 lg:text-sm lg:leading-relaxed"
                        >2025-10-26 17:21:54 UTC</span
                    >
                    <h2
                        class="text-gray-600 leading-1.3 text-3xl lg:text-2xl font-light"
                    >
                        You are being rate limited
                    </h2>
                </header>
                
                
                <section class="w-240 lg:w-full mx-auto mb-8 lg:px-8">
                    <div id="what-happened-section" class="w-1/2 md:w-full">
                        <h2
                            class="text-3xl leading-tight font-normal mb-4 text-black-dark antialiased"
                            data-translate="what_happened"
                        >
                            What happened?
                        </h2>
                        
                            <p>The owner of this website (services.nvd.nist.gov) has banned you temporarily from accessing this website.</p>
                        
                        
                        <p>
                            Please see
                            <a
                                rel="noopener noreferrer"
                                href="https://developers.cloudflare.com/support/troubleshooting/http-status-codes/cloudflare-1xxx-errors/error-1015/"
                                target="_blank"
                                >https://developers.cloudflare.com/support/troubleshooting/http-status-codes/cloudflare-1xxx-errors/error-1015/</a
                            >
                            for more details.
                        </p>
                        
                    </div>

                    
                </section>
                

                <div class="feedback-hidden py-8 text-center" id="error-feedback">
    <div id="error-feedback-survey" class="footer-line-wrapper">
        Was this page helpful?
        <button
            class="border border-solid bg-white cf-button cursor-pointer ml-4 px-4 py-2 rounded"
            id="feedback-button-yes"
            type="button"
        >
            Yes
        </button>
        <button
            class="border border-solid bg-white cf-button cursor-pointer ml-4 px-4 py-2 rounded"
            id="feedback-button-no"
            type="button"
        >
            No
        </button>
    </div>
    <div class="feedback-success feedback-hidden" id="error-feedback-success">
        Thank you for your feedback!
    </div>
</div> <div class="cf-error-footer cf-wrapper w-240 lg:w-full py-10 sm:py-4 sm:px-8 mx-auto text-center sm:text-left border-solid border-0 border-t border-gray-300">
    <p class="text-13">
      <span class="cf-footer-item sm:block sm:mb-1">Cloudflare Ray ID: <strong class="font-semibold">994ba1fc1cba393d</strong></span>
      <span class="cf-footer-separator sm:hidden">&bull;</span>
      <span id="cf-footer-item-ip" class="cf-footer-item hidden sm:block sm:mb-1">
        Your IP:
        <button type="button" id="cf-footer-ip-reveal" class="cf-footer-ip-reveal-btn">Click to reveal</button>
        <span class="hidden" id="cf-footer-ip">2409:40f2:204e:b79e:e41e:6691:5ef2:4889</span>
        <span class="cf-footer-separator sm:hidden">&bull;</span>
      </span>
      <span class="cf-footer-item sm:block sm:mb-1"><span>Performance &amp; security by</span> <a rel="noopener noreferrer" href="https://www.cloudflare.com/5xx-error-landing" id="brand_link" target="_blank">Cloudflare</a></span>
      
    </p>
    <script>(function(){function d(){var b=a.getElementById("cf-footer-item-ip"),c=a.getElementById("cf-footer-ip-reveal");b&&"classList"in b&&(b.classList.remove("hidden"),c.addEventListener("click",function(){c.classList.add("hidden");a.getElementById("cf-footer-ip").classList.remove("hidden")}))}var a=document;document.addEventListener&&a.addEventListener("DOMContentLoaded",d)})();</script>
  </div><!-- /.error-footer -->
            </div>
            <!-- /#cf-error-details -->
        </div>
        <!-- /#cf-wrapper -->

         <script>
    window._cf_translation = {};
    
    
  </script> 
        
    <script>(function(){function c(){var b=a.contentDocument||a.contentWindow.document;if(b){var d=b.createElement('script');d.innerHTML="window.__CF$cv$params={r:'994ba1fc1cba393d',t:'MTc2MTQ5OTMxNA=='};var a=document.createElement('script');a.src='/cdn-cgi/challenge-platform/scripts/jsd/main.js';document.getElementsByTagName('head')[0].appendChild(a);";b.getElementsByTagName('head')[0].appendChild(d)}}if(document.body){var a=document.createElement('iframe');a.height=1;a.width=1;a.style.position='absolute';a.style.top=0;a.style.left=0;a.style.border='none';a.style.visibility='hidden';document.body.appendChild(a);if('loading'!==document.readyState)c();else if(window.addEventListener)document.addEventListener('DOMContentLoaded',c);else{var e=document.onreadystatechange||function(){};document.onreadystatechange=function(b){e(b);'loading'!==document.readyState&&(document.onreadystatechange=e,c())}}}})();</script></body>
</html>
2025-10-26 22:51:54,490 - NVDClient - INFO - NVD API Call #46: Searching for 'Microsoft'
2025-10-26 22:51:56,476 - NVDClient - ERROR - NVD API call failed: 429 - <!doctype html>
<!--[if lt IE 7]> <html class="no-js ie6 oldie" lang="en-US"> <![endif]-->
<!--[if IE 7]>    <html class="no-js ie7 oldie" lang="en-US"> <![endif]-->
<!--[if IE 8]>    <html class="no-js ie8 oldie" lang="en-US"> <![endif]-->
<!--[if gt IE 8]><!-->
<html class="no-js" lang="en-US">
    <!--<![endif]-->
    <head>
        <title>Access denied | services.nvd.nist.gov used Cloudflare to restrict access | services.nvd.nist.gov | Cloudflare</title>
        <meta charset="UTF-8" />
<meta http-equiv="Content-Type" content="text/html; charset=UTF-8" />
<meta http-equiv="X-UA-Compatible" content="IE=Edge" />
<meta name="robots" content="noindex, nofollow" />
<meta name="viewport" content="width=device-width,initial-scale=1" />
<link rel="stylesheet" id="cf_styles-css" href="/cdn-cgi/styles/main.css" /> <script>
  (function(){if(document.addEventListener&&window.XMLHttpRequest&&JSON&&JSON.stringify){var e=function(a){var c=document.getElementById("error-feedback-survey"),d=document.getElementById("error-feedback-success"),b=new XMLHttpRequest;a={event:"feedback clicked",properties:{errorCode: 1015 },helpful:a,version: 1 };b.open("POST","https://sparrow.cloudflare.com/api/v1/event");b.setRequestHeader("Content-Type","application/json");b.setRequestHeader("Sparrow-Source-Key","c771f0e4b54944bebf4261d44bd79a1e");
b.send(JSON.stringify(a));c.classList.add("feedback-hidden");d.classList.remove("feedback-hidden")};document.addEventListener("DOMContentLoaded",function(){var a=document.getElementById("error-feedback"),c=document.getElementById("feedback-button-yes"),d=document.getElementById("feedback-button-no");"classList"in a&&(a.classList.remove("feedback-hidden"),c.addEventListener("click",function(){e(!0)}),d.addEventListener("click",function(){e(!1)}))})}})();
</script>
        <script
            defer
            src="https://performance.radar.cloudflare.com/beacon.js"
        ></script>
    </head>
    <body>
        <div id="cf-wrapper">
            <div
                class="cf-alert cf-alert-error cf-cookie-error hidden"
                id="cookie-alert"
                data-translate="enable_cookies"
            >
                Please enable cookies.
            </div>
            <div id="cf-error-details" class="p-0">
                <header
                    class="mx-auto pt-10 lg:pt-6 lg:px-8 w-240 lg:w-full mb-15 antialiased"
                >
                    <h1
                        class="inline-block md:block mr-2 md:mb-2 font-light text-60 md:text-3xl text-black-dark leading-tight"
                    >
                        <span data-translate="error">Error</span>
                        <span>1015</span>
                    </h1>
                    <span
                        class="inline-block md:block heading-ray-id font-mono text-15 lg:text-sm lg:leading-relaxed"
                        >Ray ID: 994ba208490f5008 &bull;</span
                    >
                    <span
                        class="inline-block md:block heading-ray-id font-mono text-15 lg:text-sm lg:leading-relaxed"
                        >2025-10-26 17:21:56 UTC</span
                    >
                    <h2
                        class="text-gray-600 leading-1.3 text-3xl lg:text-2xl font-light"
                    >
                        You are being rate limited
                    </h2>
                </header>
                
                
                <section class="w-240 lg:w-full mx-auto mb-8 lg:px-8">
                    <div id="what-happened-section" class="w-1/2 md:w-full">
                        <h2
                            class="text-3xl leading-tight font-normal mb-4 text-black-dark antialiased"
                            data-translate="what_happened"
                        >
                            What happened?
                        </h2>
                        
                            <p>The owner of this website (services.nvd.nist.gov) has banned you temporarily from accessing this website.</p>
                        
                        
                        <p>
                            Please see
                            <a
                                rel="noopener noreferrer"
                                href="https://developers.cloudflare.com/support/troubleshooting/http-status-codes/cloudflare-1xxx-errors/error-1015/"
                                target="_blank"
                                >https://developers.cloudflare.com/support/troubleshooting/http-status-codes/cloudflare-1xxx-errors/error-1015/</a
                            >
                            for more details.
                        </p>
                        
                    </div>

                    
                </section>
                

                <div class="feedback-hidden py-8 text-center" id="error-feedback">
    <div id="error-feedback-survey" class="footer-line-wrapper">
        Was this page helpful?
        <button
            class="border border-solid bg-white cf-button cursor-pointer ml-4 px-4 py-2 rounded"
            id="feedback-button-yes"
            type="button"
        >
            Yes
        </button>
        <button
            class="border border-solid bg-white cf-button cursor-pointer ml-4 px-4 py-2 rounded"
            id="feedback-button-no"
            type="button"
        >
            No
        </button>
    </div>
    <div class="feedback-success feedback-hidden" id="error-feedback-success">
        Thank you for your feedback!
    </div>
</div> <div class="cf-error-footer cf-wrapper w-240 lg:w-full py-10 sm:py-4 sm:px-8 mx-auto text-center sm:text-left border-solid border-0 border-t border-gray-300">
    <p class="text-13">
      <span class="cf-footer-item sm:block sm:mb-1">Cloudflare Ray ID: <strong class="font-semibold">994ba208490f5008</strong></span>
      <span class="cf-footer-separator sm:hidden">&bull;</span>
      <span id="cf-footer-item-ip" class="cf-footer-item hidden sm:block sm:mb-1">
        Your IP:
        <button type="button" id="cf-footer-ip-reveal" class="cf-footer-ip-reveal-btn">Click to reveal</button>
        <span class="hidden" id="cf-footer-ip">2409:40f2:204e:b79e:e41e:6691:5ef2:4889</span>
        <span class="cf-footer-separator sm:hidden">&bull;</span>
      </span>
      <span class="cf-footer-item sm:block sm:mb-1"><span>Performance &amp; security by</span> <a rel="noopener noreferrer" href="https://www.cloudflare.com/5xx-error-landing" id="brand_link" target="_blank">Cloudflare</a></span>
      
    </p>
    <script>(function(){function d(){var b=a.getElementById("cf-footer-item-ip"),c=a.getElementById("cf-footer-ip-reveal");b&&"classList"in b&&(b.classList.remove("hidden"),c.addEventListener("click",function(){c.classList.add("hidden");a.getElementById("cf-footer-ip").classList.remove("hidden")}))}var a=document;document.addEventListener&&a.addEventListener("DOMContentLoaded",d)})();</script>
  </div><!-- /.error-footer -->
            </div>
            <!-- /#cf-error-details -->
        </div>
        <!-- /#cf-wrapper -->

         <script>
    window._cf_translation = {};
    
    
  </script> 
        
    <script>(function(){function c(){var b=a.contentDocument||a.contentWindow.document;if(b){var d=b.createElement('script');d.innerHTML="window.__CF$cv$params={r:'994ba208490f5008',t:'MTc2MTQ5OTMxNg=='};var a=document.createElement('script');a.src='/cdn-cgi/challenge-platform/scripts/jsd/main.js';document.getElementsByTagName('head')[0].appendChild(a);";b.getElementsByTagName('head')[0].appendChild(d)}}if(document.body){var a=document.createElement('iframe');a.height=1;a.width=1;a.style.position='absolute';a.style.top=0;a.style.left=0;a.style.border='none';a.style.visibility='hidden';document.body.appendChild(a);if('loading'!==document.readyState)c();else if(window.addEventListener)document.addEventListener('DOMContentLoaded',c);else{var e=document.onreadystatechange||function(){};document.onreadystatechange=function(b){e(b);'loading'!==document.readyState&&(document.onreadystatechange=e,c())}}}})();</script></body>
</html>
2025-10-26 22:51:56,481 - NVDClient - INFO - NVD API Call #47: Searching for 'AV1'
2025-10-26 22:51:58,354 - NVDClient - ERROR - NVD API call failed: 404 - 
2025-10-26 22:51:58,358 - NVDClient - INFO - NVD API Call #48: Searching for 'AVC'
2025-10-26 22:52:00,148 - NVDClient - ERROR - NVD API call failed: 429 - <!doctype html>
<!--[if lt IE 7]> <html class="no-js ie6 oldie" lang="en-US"> <![endif]-->
<!--[if IE 7]>    <html class="no-js ie7 oldie" lang="en-US"> <![endif]-->
<!--[if IE 8]>    <html class="no-js ie8 oldie" lang="en-US"> <![endif]-->
<!--[if gt IE 8]><!-->
<html class="no-js" lang="en-US">
    <!--<![endif]-->
    <head>
        <title>Access denied | services.nvd.nist.gov used Cloudflare to restrict access | services.nvd.nist.gov | Cloudflare</title>
        <meta charset="UTF-8" />
<meta http-equiv="Content-Type" content="text/html; charset=UTF-8" />
<meta http-equiv="X-UA-Compatible" content="IE=Edge" />
<meta name="robots" content="noindex, nofollow" />
<meta name="viewport" content="width=device-width,initial-scale=1" />
<link rel="stylesheet" id="cf_styles-css" href="/cdn-cgi/styles/main.css" /> <script>
  (function(){if(document.addEventListener&&window.XMLHttpRequest&&JSON&&JSON.stringify){var e=function(a){var c=document.getElementById("error-feedback-survey"),d=document.getElementById("error-feedback-success"),b=new XMLHttpRequest;a={event:"feedback clicked",properties:{errorCode: 1015 },helpful:a,version: 1 };b.open("POST","https://sparrow.cloudflare.com/api/v1/event");b.setRequestHeader("Content-Type","application/json");b.setRequestHeader("Sparrow-Source-Key","c771f0e4b54944bebf4261d44bd79a1e");
b.send(JSON.stringify(a));c.classList.add("feedback-hidden");d.classList.remove("feedback-hidden")};document.addEventListener("DOMContentLoaded",function(){var a=document.getElementById("error-feedback"),c=document.getElementById("feedback-button-yes"),d=document.getElementById("feedback-button-no");"classList"in a&&(a.classList.remove("feedback-hidden"),c.addEventListener("click",function(){e(!0)}),d.addEventListener("click",function(){e(!1)}))})}})();
</script>
        <script
            defer
            src="https://performance.radar.cloudflare.com/beacon.js"
        ></script>
    </head>
    <body>
        <div id="cf-wrapper">
            <div
                class="cf-alert cf-alert-error cf-cookie-error hidden"
                id="cookie-alert"
                data-translate="enable_cookies"
            >
                Please enable cookies.
            </div>
            <div id="cf-error-details" class="p-0">
                <header
                    class="mx-auto pt-10 lg:pt-6 lg:px-8 w-240 lg:w-full mb-15 antialiased"
                >
                    <h1
                        class="inline-block md:block mr-2 md:mb-2 font-light text-60 md:text-3xl text-black-dark leading-tight"
                    >
                        <span data-translate="error">Error</span>
                        <span>1015</span>
                    </h1>
                    <span
                        class="inline-block md:block heading-ray-id font-mono text-15 lg:text-sm lg:leading-relaxed"
                        >Ray ID: 994ba21f2cbd2fdf &bull;</span
                    >
                    <span
                        class="inline-block md:block heading-ray-id font-mono text-15 lg:text-sm lg:leading-relaxed"
                        >2025-10-26 17:22:00 UTC</span
                    >
                    <h2
                        class="text-gray-600 leading-1.3 text-3xl lg:text-2xl font-light"
                    >
                        You are being rate limited
                    </h2>
                </header>
                
                
                <section class="w-240 lg:w-full mx-auto mb-8 lg:px-8">
                    <div id="what-happened-section" class="w-1/2 md:w-full">
                        <h2
                            class="text-3xl leading-tight font-normal mb-4 text-black-dark antialiased"
                            data-translate="what_happened"
                        >
                            What happened?
                        </h2>
                        
                            <p>The owner of this website (services.nvd.nist.gov) has banned you temporarily from accessing this website.</p>
                        
                        
                        <p>
                            Please see
                            <a
                                rel="noopener noreferrer"
                                href="https://developers.cloudflare.com/support/troubleshooting/http-status-codes/cloudflare-1xxx-errors/error-1015/"
                                target="_blank"
                                >https://developers.cloudflare.com/support/troubleshooting/http-status-codes/cloudflare-1xxx-errors/error-1015/</a
                            >
                            for more details.
                        </p>
                        
                    </div>

                    
                </section>
                

                <div class="feedback-hidden py-8 text-center" id="error-feedback">
    <div id="error-feedback-survey" class="footer-line-wrapper">
        Was this page helpful?
        <button
            class="border border-solid bg-white cf-button cursor-pointer ml-4 px-4 py-2 rounded"
            id="feedback-button-yes"
            type="button"
        >
            Yes
        </button>
        <button
            class="border border-solid bg-white cf-button cursor-pointer ml-4 px-4 py-2 rounded"
            id="feedback-button-no"
            type="button"
        >
            No
        </button>
    </div>
    <div class="feedback-success feedback-hidden" id="error-feedback-success">
        Thank you for your feedback!
    </div>
</div> <div class="cf-error-footer cf-wrapper w-240 lg:w-full py-10 sm:py-4 sm:px-8 mx-auto text-center sm:text-left border-solid border-0 border-t border-gray-300">
    <p class="text-13">
      <span class="cf-footer-item sm:block sm:mb-1">Cloudflare Ray ID: <strong class="font-semibold">994ba21f2cbd2fdf</strong></span>
      <span class="cf-footer-separator sm:hidden">&bull;</span>
      <span id="cf-footer-item-ip" class="cf-footer-item hidden sm:block sm:mb-1">
        Your IP:
        <button type="button" id="cf-footer-ip-reveal" class="cf-footer-ip-reveal-btn">Click to reveal</button>
        <span class="hidden" id="cf-footer-ip">2409:40f2:204e:b79e:e41e:6691:5ef2:4889</span>
        <span class="cf-footer-separator sm:hidden">&bull;</span>
      </span>
      <span class="cf-footer-item sm:block sm:mb-1"><span>Performance &amp; security by</span> <a rel="noopener noreferrer" href="https://www.cloudflare.com/5xx-error-landing" id="brand_link" target="_blank">Cloudflare</a></span>
      
    </p>
    <script>(function(){function d(){var b=a.getElementById("cf-footer-item-ip"),c=a.getElementById("cf-footer-ip-reveal");b&&"classList"in b&&(b.classList.remove("hidden"),c.addEventListener("click",function(){c.classList.add("hidden");a.getElementById("cf-footer-ip").classList.remove("hidden")}))}var a=document;document.addEventListener&&a.addEventListener("DOMContentLoaded",d)})();</script>
  </div><!-- /.error-footer -->
            </div>
            <!-- /#cf-error-details -->
        </div>
        <!-- /#cf-wrapper -->

         <script>
    window._cf_translation = {};
    
    
  </script> 
        
    <script>(function(){function c(){var b=a.contentDocument||a.contentWindow.document;if(b){var d=b.createElement('script');d.innerHTML="window.__CF$cv$params={r:'994ba21f2cbd2fdf',t:'MTc2MTQ5OTMyMA=='};var a=document.createElement('script');a.src='/cdn-cgi/challenge-platform/scripts/jsd/main.js';document.getElementsByTagName('head')[0].appendChild(a);";b.getElementsByTagName('head')[0].appendChild(d)}}if(document.body){var a=document.createElement('iframe');a.height=1;a.width=1;a.style.position='absolute';a.style.top=0;a.style.left=0;a.style.border='none';a.style.visibility='hidden';document.body.appendChild(a);if('loading'!==document.readyState)c();else if(window.addEventListener)document.addEventListener('DOMContentLoaded',c);else{var e=document.onreadystatechange||function(){};document.onreadystatechange=function(b){e(b);'loading'!==document.readyState&&(document.onreadystatechange=e,c())}}}})();</script></body>
</html>
2025-10-26 22:52:00,159 - NVDClient - INFO - NVD API Call #49: Searching for 'Windows'
2025-10-26 22:52:02,004 - NVDClient - ERROR - NVD API call failed: 404 - 
2025-10-26 22:52:02,009 - NVDClient - INFO - NVD API Call #50: Searching for 'News'
2025-10-26 22:52:03,730 - NVDClient - ERROR - NVD API call failed: 429 - <!doctype html>
<!--[if lt IE 7]> <html class="no-js ie6 oldie" lang="en-US"> <![endif]-->
<!--[if IE 7]>    <html class="no-js ie7 oldie" lang="en-US"> <![endif]-->
<!--[if IE 8]>    <html class="no-js ie8 oldie" lang="en-US"> <![endif]-->
<!--[if gt IE 8]><!-->
<html class="no-js" lang="en-US">
    <!--<![endif]-->
    <head>
        <title>Access denied | services.nvd.nist.gov used Cloudflare to restrict access | services.nvd.nist.gov | Cloudflare</title>
        <meta charset="UTF-8" />
<meta http-equiv="Content-Type" content="text/html; charset=UTF-8" />
<meta http-equiv="X-UA-Compatible" content="IE=Edge" />
<meta name="robots" content="noindex, nofollow" />
<meta name="viewport" content="width=device-width,initial-scale=1" />
<link rel="stylesheet" id="cf_styles-css" href="/cdn-cgi/styles/main.css" /> <script>
  (function(){if(document.addEventListener&&window.XMLHttpRequest&&JSON&&JSON.stringify){var e=function(a){var c=document.getElementById("error-feedback-survey"),d=document.getElementById("error-feedback-success"),b=new XMLHttpRequest;a={event:"feedback clicked",properties:{errorCode: 1015 },helpful:a,version: 1 };b.open("POST","https://sparrow.cloudflare.com/api/v1/event");b.setRequestHeader("Content-Type","application/json");b.setRequestHeader("Sparrow-Source-Key","c771f0e4b54944bebf4261d44bd79a1e");
b.send(JSON.stringify(a));c.classList.add("feedback-hidden");d.classList.remove("feedback-hidden")};document.addEventListener("DOMContentLoaded",function(){var a=document.getElementById("error-feedback"),c=document.getElementById("feedback-button-yes"),d=document.getElementById("feedback-button-no");"classList"in a&&(a.classList.remove("feedback-hidden"),c.addEventListener("click",function(){e(!0)}),d.addEventListener("click",function(){e(!1)}))})}})();
</script>
        <script
            defer
            src="https://performance.radar.cloudflare.com/beacon.js"
        ></script>
    </head>
    <body>
        <div id="cf-wrapper">
            <div
                class="cf-alert cf-alert-error cf-cookie-error hidden"
                id="cookie-alert"
                data-translate="enable_cookies"
            >
                Please enable cookies.
            </div>
            <div id="cf-error-details" class="p-0">
                <header
                    class="mx-auto pt-10 lg:pt-6 lg:px-8 w-240 lg:w-full mb-15 antialiased"
                >
                    <h1
                        class="inline-block md:block mr-2 md:mb-2 font-light text-60 md:text-3xl text-black-dark leading-tight"
                    >
                        <span data-translate="error">Error</span>
                        <span>1015</span>
                    </h1>
                    <span
                        class="inline-block md:block heading-ray-id font-mono text-15 lg:text-sm lg:leading-relaxed"
                        >Ray ID: 994ba235fe80dcf3 &bull;</span
                    >
                    <span
                        class="inline-block md:block heading-ray-id font-mono text-15 lg:text-sm lg:leading-relaxed"
                        >2025-10-26 17:22:03 UTC</span
                    >
                    <h2
                        class="text-gray-600 leading-1.3 text-3xl lg:text-2xl font-light"
                    >
                        You are being rate limited
                    </h2>
                </header>
                
                
                <section class="w-240 lg:w-full mx-auto mb-8 lg:px-8">
                    <div id="what-happened-section" class="w-1/2 md:w-full">
                        <h2
                            class="text-3xl leading-tight font-normal mb-4 text-black-dark antialiased"
                            data-translate="what_happened"
                        >
                            What happened?
                        </h2>
                        
                            <p>The owner of this website (services.nvd.nist.gov) has banned you temporarily from accessing this website.</p>
                        
                        
                        <p>
                            Please see
                            <a
                                rel="noopener noreferrer"
                                href="https://developers.cloudflare.com/support/troubleshooting/http-status-codes/cloudflare-1xxx-errors/error-1015/"
                                target="_blank"
                                >https://developers.cloudflare.com/support/troubleshooting/http-status-codes/cloudflare-1xxx-errors/error-1015/</a
                            >
                            for more details.
                        </p>
                        
                    </div>

                    
                </section>
                

                <div class="feedback-hidden py-8 text-center" id="error-feedback">
    <div id="error-feedback-survey" class="footer-line-wrapper">
        Was this page helpful?
        <button
            class="border border-solid bg-white cf-button cursor-pointer ml-4 px-4 py-2 rounded"
            id="feedback-button-yes"
            type="button"
        >
            Yes
        </button>
        <button
            class="border border-solid bg-white cf-button cursor-pointer ml-4 px-4 py-2 rounded"
            id="feedback-button-no"
            type="button"
        >
            No
        </button>
    </div>
    <div class="feedback-success feedback-hidden" id="error-feedback-success">
        Thank you for your feedback!
    </div>
</div> <div class="cf-error-footer cf-wrapper w-240 lg:w-full py-10 sm:py-4 sm:px-8 mx-auto text-center sm:text-left border-solid border-0 border-t border-gray-300">
    <p class="text-13">
      <span class="cf-footer-item sm:block sm:mb-1">Cloudflare Ray ID: <strong class="font-semibold">994ba235fe80dcf3</strong></span>
      <span class="cf-footer-separator sm:hidden">&bull;</span>
      <span id="cf-footer-item-ip" class="cf-footer-item hidden sm:block sm:mb-1">
        Your IP:
        <button type="button" id="cf-footer-ip-reveal" class="cf-footer-ip-reveal-btn">Click to reveal</button>
        <span class="hidden" id="cf-footer-ip">2409:40f2:204e:b79e:e41e:6691:5ef2:4889</span>
        <span class="cf-footer-separator sm:hidden">&bull;</span>
      </span>
      <span class="cf-footer-item sm:block sm:mb-1"><span>Performance &amp; security by</span> <a rel="noopener noreferrer" href="https://www.cloudflare.com/5xx-error-landing" id="brand_link" target="_blank">Cloudflare</a></span>
      
    </p>
    <script>(function(){function d(){var b=a.getElementById("cf-footer-item-ip"),c=a.getElementById("cf-footer-ip-reveal");b&&"classList"in b&&(b.classList.remove("hidden"),c.addEventListener("click",function(){c.classList.add("hidden");a.getElementById("cf-footer-ip").classList.remove("hidden")}))}var a=document;document.addEventListener&&a.addEventListener("DOMContentLoaded",d)})();</script>
  </div><!-- /.error-footer -->
            </div>
            <!-- /#cf-error-details -->
        </div>
        <!-- /#cf-wrapper -->

         <script>
    window._cf_translation = {};
    
    
  </script> 
        
    <script>(function(){function c(){var b=a.contentDocument||a.contentWindow.document;if(b){var d=b.createElement('script');d.innerHTML="window.__CF$cv$params={r:'994ba235fe80dcf3',t:'MTc2MTQ5OTMyMw=='};var a=document.createElement('script');a.src='/cdn-cgi/challenge-platform/scripts/jsd/main.js';document.getElementsByTagName('head')[0].appendChild(a);";b.getElementsByTagName('head')[0].appendChild(d)}}if(document.body){var a=document.createElement('iframe');a.height=1;a.width=1;a.style.position='absolute';a.style.top=0;a.style.left=0;a.style.border='none';a.style.visibility='hidden';document.body.appendChild(a);if('loading'!==document.readyState)c();else if(window.addEventListener)document.addEventListener('DOMContentLoaded',c);else{var e=document.onreadystatechange||function(){};document.onreadystatechange=function(b){e(b);'loading'!==document.readyState&&(document.onreadystatechange=e,c())}}}})();</script></body>
</html>
2025-10-26 22:58:25,142 - NVDClient - INFO - NVD API Call #1: Searching for 'Name'
2025-10-26 22:58:26,763 - NVDClient - ERROR - NVD API call failed: 404 - 
2025-10-26 22:58:26,766 - NVDClient - INFO - NVD API Call #2: Searching for 'NVM'
2025-10-26 22:58:28,421 - NVDClient - ERROR - NVD API call failed: 404 - 
2025-10-26 22:58:28,424 - NVDClient - INFO - NVD API Call #3: Searching for 'Docker'
2025-10-26 22:58:30,246 - NVDClient - ERROR - NVD API call failed: 404 - 
2025-10-26 22:58:30,253 - NVDClient - INFO - NVD API Call #4: Searching for 'Git'
2025-10-26 22:58:31,837 - NVDClient - ERROR - NVD API call failed: 404 - 
2025-10-26 22:58:31,839 - NVDClient - INFO - NVD API Call #5: Searching for 'Google'
2025-10-26 22:58:33,232 - NVDClient - ERROR - NVD API call failed: 404 - 
2025-10-26 22:58:33,234 - NVDClient - INFO - NVD API Call #6: Searching for 'Microsoft'
2025-10-26 22:58:34,483 - NVDClient - ERROR - NVD API call failed: 404 - 
2025-10-26 22:58:34,484 - NVDClient - INFO - NVD API Call #7: Searching for 'Microsoft'
2025-10-26 22:58:35,702 - NVDClient - ERROR - NVD API call failed: 404 - 
2025-10-26 22:58:35,704 - NVDClient - INFO - NVD API Call #8: Searching for 'TeXstudio'
2025-10-26 22:58:36,959 - NVDClient - ERROR - NVD API call failed: 404 - 
2025-10-26 22:58:36,962 - NVDClient - INFO - NVD API Call #9: Searching for 'VLC'
2025-10-26 22:58:38,154 - NVDClient - ERROR - NVD API call failed: 404 - 
2025-10-26 22:58:38,157 - NVDClient - INFO - NVD API Call #10: Searching for 'XAMPP'
2025-10-26 22:58:39,510 - NVDClient - ERROR - NVD API call failed: 404 - 
2025-10-26 22:58:39,512 - NVDClient - INFO - NVD API Call #11: Searching for 'Node.js'
2025-10-26 22:58:40,937 - NVDClient - ERROR - NVD API call failed: 404 - 
2025-10-26 22:58:40,938 - NVDClient - INFO - NVD API Call #12: Searching for 'Node.js'
2025-10-26 22:58:42,229 - NVDClient - ERROR - NVD API call failed: 404 - 
2025-10-26 22:58:42,231 - NVDClient - INFO - NVD API Call #13: Searching for 'DaVinci'
2025-10-26 22:58:43,573 - NVDClient - ERROR - NVD API call failed: 404 - 
2025-10-26 22:58:43,575 - NVDClient - INFO - NVD API Call #14: Searching for 'Oracle'
2025-10-26 22:58:44,822 - NVDClient - ERROR - NVD API call failed: 404 - 
2025-10-26 22:58:44,823 - NVDClient - INFO - NVD API Call #15: Searching for 'MongoDB'
2025-10-26 22:58:46,110 - NVDClient - ERROR - NVD API call failed: 404 - 
2025-10-26 22:58:46,111 - NVDClient - INFO - NVD API Call #16: Searching for 'Virtual-C'
2025-10-26 22:58:47,354 - NVDClient - ERROR - NVD API call failed: 404 - 
2025-10-26 22:58:47,355 - NVDClient - INFO - NVD API Call #17: Searching for 'MongoDB'
2025-10-26 22:58:48,625 - NVDClient - ERROR - NVD API call failed: 404 - 
2025-10-26 22:58:48,628 - NVDClient - INFO - NVD API Call #18: Searching for 'MongoDB'
2025-10-26 22:58:50,248 - NVDClient - ERROR - NVD API call failed: 404 - 
2025-10-26 22:58:50,251 - NVDClient - INFO - NVD API Call #19: Searching for 'Blackmagic'
2025-10-26 22:58:52,036 - NVDClient - ERROR - NVD API call failed: 404 - 
2025-10-26 22:58:52,040 - NVDClient - INFO - NVD API Call #20: Searching for 'DaVinci'
2025-10-26 22:58:53,768 - NVDClient - ERROR - NVD API call failed: 404 - 
2025-10-26 22:58:53,771 - NVDClient - INFO - NVD API Call #21: Searching for 'MySQL'
2025-10-26 22:58:55,497 - NVDClient - ERROR - NVD API call failed: 404 - 
2025-10-26 22:58:55,500 - NVDClient - INFO - NVD API Call #22: Searching for 'MySQL'
2025-10-26 22:58:57,077 - NVDClient - ERROR - NVD API call failed: 404 - 
2025-10-26 22:58:57,079 - NVDClient - INFO - NVD API Call #23: Searching for 'Google'
2025-10-26 22:58:58,596 - NVDClient - ERROR - NVD API call failed: 404 - 
2025-10-26 22:58:58,598 - NVDClient - INFO - NVD API Call #24: Searching for 'Microsoft'
2025-10-26 22:59:00,238 - NVDClient - ERROR - NVD API call failed: 404 - 
2025-10-26 22:59:00,240 - NVDClient - INFO - NVD API Call #25: Searching for 'Acer'
2025-10-26 22:59:01,896 - NVDClient - ERROR - NVD API call failed: 404 - 
2025-10-26 22:59:01,899 - NVDClient - INFO - NVD API Call #26: Searching for 'Acer'
2025-10-26 22:59:03,394 - NVDClient - ERROR - NVD API call failed: 429 - <!doctype html>
<!--[if lt IE 7]> <html class="no-js ie6 oldie" lang="en-US"> <![endif]-->
<!--[if IE 7]>    <html class="no-js ie7 oldie" lang="en-US"> <![endif]-->
<!--[if IE 8]>    <html class="no-js ie8 oldie" lang="en-US"> <![endif]-->
<!--[if gt IE 8]><!-->
<html class="no-js" lang="en-US">
    <!--<![endif]-->
    <head>
        <title>Access denied | services.nvd.nist.gov used Cloudflare to restrict access | services.nvd.nist.gov | Cloudflare</title>
        <meta charset="UTF-8" />
<meta http-equiv="Content-Type" content="text/html; charset=UTF-8" />
<meta http-equiv="X-UA-Compatible" content="IE=Edge" />
<meta name="robots" content="noindex, nofollow" />
<meta name="viewport" content="width=device-width,initial-scale=1" />
<link rel="stylesheet" id="cf_styles-css" href="/cdn-cgi/styles/main.css" /> <script>
  (function(){if(document.addEventListener&&window.XMLHttpRequest&&JSON&&JSON.stringify){var e=function(a){var c=document.getElementById("error-feedback-survey"),d=document.getElementById("error-feedback-success"),b=new XMLHttpRequest;a={event:"feedback clicked",properties:{errorCode: 1015 },helpful:a,version: 1 };b.open("POST","https://sparrow.cloudflare.com/api/v1/event");b.setRequestHeader("Content-Type","application/json");b.setRequestHeader("Sparrow-Source-Key","c771f0e4b54944bebf4261d44bd79a1e");
b.send(JSON.stringify(a));c.classList.add("feedback-hidden");d.classList.remove("feedback-hidden")};document.addEventListener("DOMContentLoaded",function(){var a=document.getElementById("error-feedback"),c=document.getElementById("feedback-button-yes"),d=document.getElementById("feedback-button-no");"classList"in a&&(a.classList.remove("feedback-hidden"),c.addEventListener("click",function(){e(!0)}),d.addEventListener("click",function(){e(!1)}))})}})();
</script>
        <script
            defer
            src="https://performance.radar.cloudflare.com/beacon.js"
        ></script>
    </head>
    <body>
        <div id="cf-wrapper">
            <div
                class="cf-alert cf-alert-error cf-cookie-error hidden"
                id="cookie-alert"
                data-translate="enable_cookies"
            >
                Please enable cookies.
            </div>
            <div id="cf-error-details" class="p-0">
                <header
                    class="mx-auto pt-10 lg:pt-6 lg:px-8 w-240 lg:w-full mb-15 antialiased"
                >
                    <h1
                        class="inline-block md:block mr-2 md:mb-2 font-light text-60 md:text-3xl text-black-dark leading-tight"
                    >
                        <span data-translate="error">Error</span>
                        <span>1015</span>
                    </h1>
                    <span
                        class="inline-block md:block heading-ray-id font-mono text-15 lg:text-sm lg:leading-relaxed"
                        >Ray ID: 994bac74eada615f &bull;</span
                    >
                    <span
                        class="inline-block md:block heading-ray-id font-mono text-15 lg:text-sm lg:leading-relaxed"
                        >2025-10-26 17:29:03 UTC</span
                    >
                    <h2
                        class="text-gray-600 leading-1.3 text-3xl lg:text-2xl font-light"
                    >
                        You are being rate limited
                    </h2>
                </header>
                
                
                <section class="w-240 lg:w-full mx-auto mb-8 lg:px-8">
                    <div id="what-happened-section" class="w-1/2 md:w-full">
                        <h2
                            class="text-3xl leading-tight font-normal mb-4 text-black-dark antialiased"
                            data-translate="what_happened"
                        >
                            What happened?
                        </h2>
                        
                            <p>The owner of this website (services.nvd.nist.gov) has banned you temporarily from accessing this website.</p>
                        
                        
                        <p>
                            Please see
                            <a
                                rel="noopener noreferrer"
                                href="https://developers.cloudflare.com/support/troubleshooting/http-status-codes/cloudflare-1xxx-errors/error-1015/"
                                target="_blank"
                                >https://developers.cloudflare.com/support/troubleshooting/http-status-codes/cloudflare-1xxx-errors/error-1015/</a
                            >
                            for more details.
                        </p>
                        
                    </div>

                    
                </section>
                

                <div class="feedback-hidden py-8 text-center" id="error-feedback">
    <div id="error-feedback-survey" class="footer-line-wrapper">
        Was this page helpful?
        <button
            class="border border-solid bg-white cf-button cursor-pointer ml-4 px-4 py-2 rounded"
            id="feedback-button-yes"
            type="button"
        >
            Yes
        </button>
        <button
            class="border border-solid bg-white cf-button cursor-pointer ml-4 px-4 py-2 rounded"
            id="feedback-button-no"
            type="button"
        >
            No
        </button>
    </div>
    <div class="feedback-success feedback-hidden" id="error-feedback-success">
        Thank you for your feedback!
    </div>
</div> <div class="cf-error-footer cf-wrapper w-240 lg:w-full py-10 sm:py-4 sm:px-8 mx-auto text-center sm:text-left border-solid border-0 border-t border-gray-300">
    <p class="text-13">
      <span class="cf-footer-item sm:block sm:mb-1">Cloudflare Ray ID: <strong class="font-semibold">994bac74eada615f</strong></span>
      <span class="cf-footer-separator sm:hidden">&bull;</span>
      <span id="cf-footer-item-ip" class="cf-footer-item hidden sm:block sm:mb-1">
        Your IP:
        <button type="button" id="cf-footer-ip-reveal" class="cf-footer-ip-reveal-btn">Click to reveal</button>
        <span class="hidden" id="cf-footer-ip">2409:40f2:204e:b79e:e41e:6691:5ef2:4889</span>
        <span class="cf-footer-separator sm:hidden">&bull;</span>
      </span>
      <span class="cf-footer-item sm:block sm:mb-1"><span>Performance &amp; security by</span> <a rel="noopener noreferrer" href="https://www.cloudflare.com/5xx-error-landing" id="brand_link" target="_blank">Cloudflare</a></span>
      
    </p>
    <script>(function(){function d(){var b=a.getElementById("cf-footer-item-ip"),c=a.getElementById("cf-footer-ip-reveal");b&&"classList"in b&&(b.classList.remove("hidden"),c.addEventListener("click",function(){c.classList.add("hidden");a.getElementById("cf-footer-ip").classList.remove("hidden")}))}var a=document;document.addEventListener&&a.addEventListener("DOMContentLoaded",d)})();</script>
  </div><!-- /.error-footer -->
            </div>
            <!-- /#cf-error-details -->
        </div>
        <!-- /#cf-wrapper -->

         <script>
    window._cf_translation = {};
    
    
  </script> 
        
    <script>(function(){function c(){var b=a.contentDocument||a.contentWindow.document;if(b){var d=b.createElement('script');d.innerHTML="window.__CF$cv$params={r:'994bac74eada615f',t:'MTc2MTQ5OTc0Mw=='};var a=document.createElement('script');a.src='/cdn-cgi/challenge-platform/scripts/jsd/main.js';document.getElementsByTagName('head')[0].appendChild(a);";b.getElementsByTagName('head')[0].appendChild(d)}}if(document.body){var a=document.createElement('iframe');a.height=1;a.width=1;a.style.position='absolute';a.style.top=0;a.style.left=0;a.style.border='none';a.style.visibility='hidden';document.body.appendChild(a);if('loading'!==document.readyState)c();else if(window.addEventListener)document.addEventListener('DOMContentLoaded',c);else{var e=document.onreadystatechange||function(){};document.onreadystatechange=function(b){e(b);'loading'!==document.readyState&&(document.onreadystatechange=e,c())}}}})();</script></body>
</html>
2025-10-26 22:59:03,397 - NVDClient - INFO - NVD API Call #27: Searching for 'WebAdvisor'
2025-10-26 22:59:04,924 - NVDClient - ERROR - NVD API call failed: 404 - 
2025-10-26 22:59:04,928 - NVDClient - INFO - NVD API Call #28: Searching for 'Python'
2025-10-26 22:59:06,398 - NVDClient - ERROR - NVD API call failed: 429 - <!doctype html>
<!--[if lt IE 7]> <html class="no-js ie6 oldie" lang="en-US"> <![endif]-->
<!--[if IE 7]>    <html class="no-js ie7 oldie" lang="en-US"> <![endif]-->
<!--[if IE 8]>    <html class="no-js ie8 oldie" lang="en-US"> <![endif]-->
<!--[if gt IE 8]><!-->
<html class="no-js" lang="en-US">
    <!--<![endif]-->
    <head>
        <title>Access denied | services.nvd.nist.gov used Cloudflare to restrict access | services.nvd.nist.gov | Cloudflare</title>
        <meta charset="UTF-8" />
<meta http-equiv="Content-Type" content="text/html; charset=UTF-8" />
<meta http-equiv="X-UA-Compatible" content="IE=Edge" />
<meta name="robots" content="noindex, nofollow" />
<meta name="viewport" content="width=device-width,initial-scale=1" />
<link rel="stylesheet" id="cf_styles-css" href="/cdn-cgi/styles/main.css" /> <script>
  (function(){if(document.addEventListener&&window.XMLHttpRequest&&JSON&&JSON.stringify){var e=function(a){var c=document.getElementById("error-feedback-survey"),d=document.getElementById("error-feedback-success"),b=new XMLHttpRequest;a={event:"feedback clicked",properties:{errorCode: 1015 },helpful:a,version: 1 };b.open("POST","https://sparrow.cloudflare.com/api/v1/event");b.setRequestHeader("Content-Type","application/json");b.setRequestHeader("Sparrow-Source-Key","c771f0e4b54944bebf4261d44bd79a1e");
b.send(JSON.stringify(a));c.classList.add("feedback-hidden");d.classList.remove("feedback-hidden")};document.addEventListener("DOMContentLoaded",function(){var a=document.getElementById("error-feedback"),c=document.getElementById("feedback-button-yes"),d=document.getElementById("feedback-button-no");"classList"in a&&(a.classList.remove("feedback-hidden"),c.addEventListener("click",function(){e(!0)}),d.addEventListener("click",function(){e(!1)}))})}})();
</script>
        <script
            defer
            src="https://performance.radar.cloudflare.com/beacon.js"
        ></script>
    </head>
    <body>
        <div id="cf-wrapper">
            <div
                class="cf-alert cf-alert-error cf-cookie-error hidden"
                id="cookie-alert"
                data-translate="enable_cookies"
            >
                Please enable cookies.
            </div>
            <div id="cf-error-details" class="p-0">
                <header
                    class="mx-auto pt-10 lg:pt-6 lg:px-8 w-240 lg:w-full mb-15 antialiased"
                >
                    <h1
                        class="inline-block md:block mr-2 md:mb-2 font-light text-60 md:text-3xl text-black-dark leading-tight"
                    >
                        <span data-translate="error">Error</span>
                        <span>1015</span>
                    </h1>
                    <span
                        class="inline-block md:block heading-ray-id font-mono text-15 lg:text-sm lg:leading-relaxed"
                        >Ray ID: 994bac87bf3c6089 &bull;</span
                    >
                    <span
                        class="inline-block md:block heading-ray-id font-mono text-15 lg:text-sm lg:leading-relaxed"
                        >2025-10-26 17:29:06 UTC</span
                    >
                    <h2
                        class="text-gray-600 leading-1.3 text-3xl lg:text-2xl font-light"
                    >
                        You are being rate limited
                    </h2>
                </header>
                
                
                <section class="w-240 lg:w-full mx-auto mb-8 lg:px-8">
                    <div id="what-happened-section" class="w-1/2 md:w-full">
                        <h2
                            class="text-3xl leading-tight font-normal mb-4 text-black-dark antialiased"
                            data-translate="what_happened"
                        >
                            What happened?
                        </h2>
                        
                            <p>The owner of this website (services.nvd.nist.gov) has banned you temporarily from accessing this website.</p>
                        
                        
                        <p>
                            Please see
                            <a
                                rel="noopener noreferrer"
                                href="https://developers.cloudflare.com/support/troubleshooting/http-status-codes/cloudflare-1xxx-errors/error-1015/"
                                target="_blank"
                                >https://developers.cloudflare.com/support/troubleshooting/http-status-codes/cloudflare-1xxx-errors/error-1015/</a
                            >
                            for more details.
                        </p>
                        
                    </div>

                    
                </section>
                

                <div class="feedback-hidden py-8 text-center" id="error-feedback">
    <div id="error-feedback-survey" class="footer-line-wrapper">
        Was this page helpful?
        <button
            class="border border-solid bg-white cf-button cursor-pointer ml-4 px-4 py-2 rounded"
            id="feedback-button-yes"
            type="button"
        >
            Yes
        </button>
        <button
            class="border border-solid bg-white cf-button cursor-pointer ml-4 px-4 py-2 rounded"
            id="feedback-button-no"
            type="button"
        >
            No
        </button>
    </div>
    <div class="feedback-success feedback-hidden" id="error-feedback-success">
        Thank you for your feedback!
    </div>
</div> <div class="cf-error-footer cf-wrapper w-240 lg:w-full py-10 sm:py-4 sm:px-8 mx-auto text-center sm:text-left border-solid border-0 border-t border-gray-300">
    <p class="text-13">
      <span class="cf-footer-item sm:block sm:mb-1">Cloudflare Ray ID: <strong class="font-semibold">994bac87bf3c6089</strong></span>
      <span class="cf-footer-separator sm:hidden">&bull;</span>
      <span id="cf-footer-item-ip" class="cf-footer-item hidden sm:block sm:mb-1">
        Your IP:
        <button type="button" id="cf-footer-ip-reveal" class="cf-footer-ip-reveal-btn">Click to reveal</button>
        <span class="hidden" id="cf-footer-ip">2409:40f2:204e:b79e:e41e:6691:5ef2:4889</span>
        <span class="cf-footer-separator sm:hidden">&bull;</span>
      </span>
      <span class="cf-footer-item sm:block sm:mb-1"><span>Performance &amp; security by</span> <a rel="noopener noreferrer" href="https://www.cloudflare.com/5xx-error-landing" id="brand_link" target="_blank">Cloudflare</a></span>
      
    </p>
    <script>(function(){function d(){var b=a.getElementById("cf-footer-item-ip"),c=a.getElementById("cf-footer-ip-reveal");b&&"classList"in b&&(b.classList.remove("hidden"),c.addEventListener("click",function(){c.classList.add("hidden");a.getElementById("cf-footer-ip").classList.remove("hidden")}))}var a=document;document.addEventListener&&a.addEventListener("DOMContentLoaded",d)})();</script>
  </div><!-- /.error-footer -->
            </div>
            <!-- /#cf-error-details -->
        </div>
        <!-- /#cf-wrapper -->

         <script>
    window._cf_translation = {};
    
    
  </script> 
        
    <script>(function(){function c(){var b=a.contentDocument||a.contentWindow.document;if(b){var d=b.createElement('script');d.innerHTML="window.__CF$cv$params={r:'994bac87bf3c6089',t:'MTc2MTQ5OTc0Ng=='};var a=document.createElement('script');a.src='/cdn-cgi/challenge-platform/scripts/jsd/main.js';document.getElementsByTagName('head')[0].appendChild(a);";b.getElementsByTagName('head')[0].appendChild(d)}}if(document.body){var a=document.createElement('iframe');a.height=1;a.width=1;a.style.position='absolute';a.style.top=0;a.style.left=0;a.style.border='none';a.style.visibility='hidden';document.body.appendChild(a);if('loading'!==document.readyState)c();else if(window.addEventListener)document.addEventListener('DOMContentLoaded',c);else{var e=document.onreadystatechange||function(){};document.onreadystatechange=function(b){e(b);'loading'!==document.readyState&&(document.onreadystatechange=e,c())}}}})();</script></body>
</html>
2025-10-26 22:59:06,402 - NVDClient - INFO - NVD API Call #29: Searching for 'Python'
2025-10-26 22:59:07,994 - NVDClient - ERROR - NVD API call failed: 404 - 
2025-10-26 22:59:07,996 - NVDClient - INFO - NVD API Call #30: Searching for 'ExpressVPN'
2025-10-26 22:59:09,620 - NVDClient - ERROR - NVD API call failed: 404 - 
2025-10-26 22:59:09,623 - NVDClient - INFO - NVD API Call #31: Searching for 'AcerWarrantyRegistration'
2025-10-26 22:59:11,254 - NVDClient - ERROR - NVD API call failed: 404 - 
2025-10-26 22:59:11,258 - NVDClient - INFO - NVD API Call #32: Searching for 'Microsoft'
2025-10-26 22:59:12,937 - NVDClient - ERROR - NVD API call failed: 404 - 
2025-10-26 22:59:12,943 - NVDClient - INFO - NVD API Call #33: Searching for 'Unstop'
2025-10-26 22:59:14,544 - NVDClient - ERROR - NVD API call failed: 404 - 
2025-10-26 22:59:14,546 - NVDClient - INFO - NVD API Call #34: Searching for 'Brave'
2025-10-26 22:59:16,028 - NVDClient - ERROR - NVD API call failed: 404 - 
2025-10-26 22:59:16,031 - NVDClient - INFO - NVD API Call #35: Searching for 'MiKTeX'
2025-10-26 22:59:17,584 - NVDClient - ERROR - NVD API call failed: 429 - <!doctype html>
<!--[if lt IE 7]> <html class="no-js ie6 oldie" lang="en-US"> <![endif]-->
<!--[if IE 7]>    <html class="no-js ie7 oldie" lang="en-US"> <![endif]-->
<!--[if IE 8]>    <html class="no-js ie8 oldie" lang="en-US"> <![endif]-->
<!--[if gt IE 8]><!-->
<html class="no-js" lang="en-US">
    <!--<![endif]-->
    <head>
        <title>Access denied | services.nvd.nist.gov used Cloudflare to restrict access | services.nvd.nist.gov | Cloudflare</title>
        <meta charset="UTF-8" />
<meta http-equiv="Content-Type" content="text/html; charset=UTF-8" />
<meta http-equiv="X-UA-Compatible" content="IE=Edge" />
<meta name="robots" content="noindex, nofollow" />
<meta name="viewport" content="width=device-width,initial-scale=1" />
<link rel="stylesheet" id="cf_styles-css" href="/cdn-cgi/styles/main.css" /> <script>
  (function(){if(document.addEventListener&&window.XMLHttpRequest&&JSON&&JSON.stringify){var e=function(a){var c=document.getElementById("error-feedback-survey"),d=document.getElementById("error-feedback-success"),b=new XMLHttpRequest;a={event:"feedback clicked",properties:{errorCode: 1015 },helpful:a,version: 1 };b.open("POST","https://sparrow.cloudflare.com/api/v1/event");b.setRequestHeader("Content-Type","application/json");b.setRequestHeader("Sparrow-Source-Key","c771f0e4b54944bebf4261d44bd79a1e");
b.send(JSON.stringify(a));c.classList.add("feedback-hidden");d.classList.remove("feedback-hidden")};document.addEventListener("DOMContentLoaded",function(){var a=document.getElementById("error-feedback"),c=document.getElementById("feedback-button-yes"),d=document.getElementById("feedback-button-no");"classList"in a&&(a.classList.remove("feedback-hidden"),c.addEventListener("click",function(){e(!0)}),d.addEventListener("click",function(){e(!1)}))})}})();
</script>
        <script
            defer
            src="https://performance.radar.cloudflare.com/beacon.js"
        ></script>
    </head>
    <body>
        <div id="cf-wrapper">
            <div
                class="cf-alert cf-alert-error cf-cookie-error hidden"
                id="cookie-alert"
                data-translate="enable_cookies"
            >
                Please enable cookies.
            </div>
            <div id="cf-error-details" class="p-0">
                <header
                    class="mx-auto pt-10 lg:pt-6 lg:px-8 w-240 lg:w-full mb-15 antialiased"
                >
                    <h1
                        class="inline-block md:block mr-2 md:mb-2 font-light text-60 md:text-3xl text-black-dark leading-tight"
                    >
                        <span data-translate="error">Error</span>
                        <span>1015</span>
                    </h1>
                    <span
                        class="inline-block md:block heading-ray-id font-mono text-15 lg:text-sm lg:leading-relaxed"
                        >Ray ID: 994baccd9bbf10c3 &bull;</span
                    >
                    <span
                        class="inline-block md:block heading-ray-id font-mono text-15 lg:text-sm lg:leading-relaxed"
                        >2025-10-26 17:29:17 UTC</span
                    >
                    <h2
                        class="text-gray-600 leading-1.3 text-3xl lg:text-2xl font-light"
                    >
                        You are being rate limited
                    </h2>
                </header>
                
                
                <section class="w-240 lg:w-full mx-auto mb-8 lg:px-8">
                    <div id="what-happened-section" class="w-1/2 md:w-full">
                        <h2
                            class="text-3xl leading-tight font-normal mb-4 text-black-dark antialiased"
                            data-translate="what_happened"
                        >
                            What happened?
                        </h2>
                        
                            <p>The owner of this website (services.nvd.nist.gov) has banned you temporarily from accessing this website.</p>
                        
                        
                        <p>
                            Please see
                            <a
                                rel="noopener noreferrer"
                                href="https://developers.cloudflare.com/support/troubleshooting/http-status-codes/cloudflare-1xxx-errors/error-1015/"
                                target="_blank"
                                >https://developers.cloudflare.com/support/troubleshooting/http-status-codes/cloudflare-1xxx-errors/error-1015/</a
                            >
                            for more details.
                        </p>
                        
                    </div>

                    
                </section>
                

                <div class="feedback-hidden py-8 text-center" id="error-feedback">
    <div id="error-feedback-survey" class="footer-line-wrapper">
        Was this page helpful?
        <button
            class="border border-solid bg-white cf-button cursor-pointer ml-4 px-4 py-2 rounded"
            id="feedback-button-yes"
            type="button"
        >
            Yes
        </button>
        <button
            class="border border-solid bg-white cf-button cursor-pointer ml-4 px-4 py-2 rounded"
            id="feedback-button-no"
            type="button"
        >
            No
        </button>
    </div>
    <div class="feedback-success feedback-hidden" id="error-feedback-success">
        Thank you for your feedback!
    </div>
</div> <div class="cf-error-footer cf-wrapper w-240 lg:w-full py-10 sm:py-4 sm:px-8 mx-auto text-center sm:text-left border-solid border-0 border-t border-gray-300">
    <p class="text-13">
      <span class="cf-footer-item sm:block sm:mb-1">Cloudflare Ray ID: <strong class="font-semibold">994baccd9bbf10c3</strong></span>
      <span class="cf-footer-separator sm:hidden">&bull;</span>
      <span id="cf-footer-item-ip" class="cf-footer-item hidden sm:block sm:mb-1">
        Your IP:
        <button type="button" id="cf-footer-ip-reveal" class="cf-footer-ip-reveal-btn">Click to reveal</button>
        <span class="hidden" id="cf-footer-ip">2409:40f2:204e:b79e:e41e:6691:5ef2:4889</span>
        <span class="cf-footer-separator sm:hidden">&bull;</span>
      </span>
      <span class="cf-footer-item sm:block sm:mb-1"><span>Performance &amp; security by</span> <a rel="noopener noreferrer" href="https://www.cloudflare.com/5xx-error-landing" id="brand_link" target="_blank">Cloudflare</a></span>
      
    </p>
    <script>(function(){function d(){var b=a.getElementById("cf-footer-item-ip"),c=a.getElementById("cf-footer-ip-reveal");b&&"classList"in b&&(b.classList.remove("hidden"),c.addEventListener("click",function(){c.classList.add("hidden");a.getElementById("cf-footer-ip").classList.remove("hidden")}))}var a=document;document.addEventListener&&a.addEventListener("DOMContentLoaded",d)})();</script>
  </div><!-- /.error-footer -->
            </div>
            <!-- /#cf-error-details -->
        </div>
        <!-- /#cf-wrapper -->

         <script>
    window._cf_translation = {};
    
    
  </script> 
        
    <script>(function(){function c(){var b=a.contentDocument||a.contentWindow.document;if(b){var d=b.createElement('script');d.innerHTML="window.__CF$cv$params={r:'994baccd9bbf10c3',t:'MTc2MTQ5OTc1Nw=='};var a=document.createElement('script');a.src='/cdn-cgi/challenge-platform/scripts/jsd/main.js';document.getElementsByTagName('head')[0].appendChild(a);";b.getElementsByTagName('head')[0].appendChild(d)}}if(document.body){var a=document.createElement('iframe');a.height=1;a.width=1;a.style.position='absolute';a.style.top=0;a.style.left=0;a.style.border='none';a.style.visibility='hidden';document.body.appendChild(a);if('loading'!==document.readyState)c();else if(window.addEventListener)document.addEventListener('DOMContentLoaded',c);else{var e=document.onreadystatechange||function(){};document.onreadystatechange=function(b){e(b);'loading'!==document.readyState&&(document.onreadystatechange=e,c())}}}})();</script></body>
</html>
2025-10-26 22:59:17,589 - NVDClient - INFO - NVD API Call #36: Searching for 'Microsoft'
2025-10-26 22:59:19,177 - NVDClient - ERROR - NVD API call failed: 404 - 
2025-10-26 22:59:19,179 - NVDClient - INFO - NVD API Call #37: Searching for 'Microsoft'
2025-10-26 22:59:20,943 - NVDClient - ERROR - NVD API call failed: 404 - 
2025-10-26 22:59:20,948 - NVDClient - INFO - NVD API Call #38: Searching for 'Python'
2025-10-26 22:59:22,633 - NVDClient - ERROR - NVD API call failed: 429 - <!doctype html>
<!--[if lt IE 7]> <html class="no-js ie6 oldie" lang="en-US"> <![endif]-->
<!--[if IE 7]>    <html class="no-js ie7 oldie" lang="en-US"> <![endif]-->
<!--[if IE 8]>    <html class="no-js ie8 oldie" lang="en-US"> <![endif]-->
<!--[if gt IE 8]><!-->
<html class="no-js" lang="en-US">
    <!--<![endif]-->
    <head>
        <title>Access denied | services.nvd.nist.gov used Cloudflare to restrict access | services.nvd.nist.gov | Cloudflare</title>
        <meta charset="UTF-8" />
<meta http-equiv="Content-Type" content="text/html; charset=UTF-8" />
<meta http-equiv="X-UA-Compatible" content="IE=Edge" />
<meta name="robots" content="noindex, nofollow" />
<meta name="viewport" content="width=device-width,initial-scale=1" />
<link rel="stylesheet" id="cf_styles-css" href="/cdn-cgi/styles/main.css" /> <script>
  (function(){if(document.addEventListener&&window.XMLHttpRequest&&JSON&&JSON.stringify){var e=function(a){var c=document.getElementById("error-feedback-survey"),d=document.getElementById("error-feedback-success"),b=new XMLHttpRequest;a={event:"feedback clicked",properties:{errorCode: 1015 },helpful:a,version: 1 };b.open("POST","https://sparrow.cloudflare.com/api/v1/event");b.setRequestHeader("Content-Type","application/json");b.setRequestHeader("Sparrow-Source-Key","c771f0e4b54944bebf4261d44bd79a1e");
b.send(JSON.stringify(a));c.classList.add("feedback-hidden");d.classList.remove("feedback-hidden")};document.addEventListener("DOMContentLoaded",function(){var a=document.getElementById("error-feedback"),c=document.getElementById("feedback-button-yes"),d=document.getElementById("feedback-button-no");"classList"in a&&(a.classList.remove("feedback-hidden"),c.addEventListener("click",function(){e(!0)}),d.addEventListener("click",function(){e(!1)}))})}})();
</script>
        <script
            defer
            src="https://performance.radar.cloudflare.com/beacon.js"
        ></script>
    </head>
    <body>
        <div id="cf-wrapper">
            <div
                class="cf-alert cf-alert-error cf-cookie-error hidden"
                id="cookie-alert"
                data-translate="enable_cookies"
            >
                Please enable cookies.
            </div>
            <div id="cf-error-details" class="p-0">
                <header
                    class="mx-auto pt-10 lg:pt-6 lg:px-8 w-240 lg:w-full mb-15 antialiased"
                >
                    <h1
                        class="inline-block md:block mr-2 md:mb-2 font-light text-60 md:text-3xl text-black-dark leading-tight"
                    >
                        <span data-translate="error">Error</span>
                        <span>1015</span>
                    </h1>
                    <span
                        class="inline-block md:block heading-ray-id font-mono text-15 lg:text-sm lg:leading-relaxed"
                        >Ray ID: 994baced3c5d8e1c &bull;</span
                    >
                    <span
                        class="inline-block md:block heading-ray-id font-mono text-15 lg:text-sm lg:leading-relaxed"
                        >2025-10-26 17:29:22 UTC</span
                    >
                    <h2
                        class="text-gray-600 leading-1.3 text-3xl lg:text-2xl font-light"
                    >
                        You are being rate limited
                    </h2>
                </header>
                
                
                <section class="w-240 lg:w-full mx-auto mb-8 lg:px-8">
                    <div id="what-happened-section" class="w-1/2 md:w-full">
                        <h2
                            class="text-3xl leading-tight font-normal mb-4 text-black-dark antialiased"
                            data-translate="what_happened"
                        >
                            What happened?
                        </h2>
                        
                            <p>The owner of this website (services.nvd.nist.gov) has banned you temporarily from accessing this website.</p>
                        
                        
                        <p>
                            Please see
                            <a
                                rel="noopener noreferrer"
                                href="https://developers.cloudflare.com/support/troubleshooting/http-status-codes/cloudflare-1xxx-errors/error-1015/"
                                target="_blank"
                                >https://developers.cloudflare.com/support/troubleshooting/http-status-codes/cloudflare-1xxx-errors/error-1015/</a
                            >
                            for more details.
                        </p>
                        
                    </div>

                    
                </section>
                

                <div class="feedback-hidden py-8 text-center" id="error-feedback">
    <div id="error-feedback-survey" class="footer-line-wrapper">
        Was this page helpful?
        <button
            class="border border-solid bg-white cf-button cursor-pointer ml-4 px-4 py-2 rounded"
            id="feedback-button-yes"
            type="button"
        >
            Yes
        </button>
        <button
            class="border border-solid bg-white cf-button cursor-pointer ml-4 px-4 py-2 rounded"
            id="feedback-button-no"
            type="button"
        >
            No
        </button>
    </div>
    <div class="feedback-success feedback-hidden" id="error-feedback-success">
        Thank you for your feedback!
    </div>
</div> <div class="cf-error-footer cf-wrapper w-240 lg:w-full py-10 sm:py-4 sm:px-8 mx-auto text-center sm:text-left border-solid border-0 border-t border-gray-300">
    <p class="text-13">
      <span class="cf-footer-item sm:block sm:mb-1">Cloudflare Ray ID: <strong class="font-semibold">994baced3c5d8e1c</strong></span>
      <span class="cf-footer-separator sm:hidden">&bull;</span>
      <span id="cf-footer-item-ip" class="cf-footer-item hidden sm:block sm:mb-1">
        Your IP:
        <button type="button" id="cf-footer-ip-reveal" class="cf-footer-ip-reveal-btn">Click to reveal</button>
        <span class="hidden" id="cf-footer-ip">2409:40f2:204e:b79e:e41e:6691:5ef2:4889</span>
        <span class="cf-footer-separator sm:hidden">&bull;</span>
      </span>
      <span class="cf-footer-item sm:block sm:mb-1"><span>Performance &amp; security by</span> <a rel="noopener noreferrer" href="https://www.cloudflare.com/5xx-error-landing" id="brand_link" target="_blank">Cloudflare</a></span>
      
    </p>
    <script>(function(){function d(){var b=a.getElementById("cf-footer-item-ip"),c=a.getElementById("cf-footer-ip-reveal");b&&"classList"in b&&(b.classList.remove("hidden"),c.addEventListener("click",function(){c.classList.add("hidden");a.getElementById("cf-footer-ip").classList.remove("hidden")}))}var a=document;document.addEventListener&&a.addEventListener("DOMContentLoaded",d)})();</script>
  </div><!-- /.error-footer -->
            </div>
            <!-- /#cf-error-details -->
        </div>
        <!-- /#cf-wrapper -->

         <script>
    window._cf_translation = {};
    
    
  </script> 
        
    <script>(function(){function c(){var b=a.contentDocument||a.contentWindow.document;if(b){var d=b.createElement('script');d.innerHTML="window.__CF$cv$params={r:'994baced3c5d8e1c',t:'MTc2MTQ5OTc2Mg=='};var a=document.createElement('script');a.src='/cdn-cgi/challenge-platform/scripts/jsd/main.js';document.getElementsByTagName('head')[0].appendChild(a);";b.getElementsByTagName('head')[0].appendChild(d)}}if(document.body){var a=document.createElement('iframe');a.height=1;a.width=1;a.style.position='absolute';a.style.top=0;a.style.left=0;a.style.border='none';a.style.visibility='hidden';document.body.appendChild(a);if('loading'!==document.readyState)c();else if(window.addEventListener)document.addEventListener('DOMContentLoaded',c);else{var e=document.onreadystatechange||function(){};document.onreadystatechange=function(b){e(b);'loading'!==document.readyState&&(document.onreadystatechange=e,c())}}}})();</script></body>
</html>
2025-10-26 22:59:22,637 - NVDClient - INFO - NVD API Call #39: Searching for 'Cursor'
2025-10-26 22:59:24,302 - NVDClient - ERROR - NVD API call failed: 429 - <!doctype html>
<!--[if lt IE 7]> <html class="no-js ie6 oldie" lang="en-US"> <![endif]-->
<!--[if IE 7]>    <html class="no-js ie7 oldie" lang="en-US"> <![endif]-->
<!--[if IE 8]>    <html class="no-js ie8 oldie" lang="en-US"> <![endif]-->
<!--[if gt IE 8]><!-->
<html class="no-js" lang="en-US">
    <!--<![endif]-->
    <head>
        <title>Access denied | services.nvd.nist.gov used Cloudflare to restrict access | services.nvd.nist.gov | Cloudflare</title>
        <meta charset="UTF-8" />
<meta http-equiv="Content-Type" content="text/html; charset=UTF-8" />
<meta http-equiv="X-UA-Compatible" content="IE=Edge" />
<meta name="robots" content="noindex, nofollow" />
<meta name="viewport" content="width=device-width,initial-scale=1" />
<link rel="stylesheet" id="cf_styles-css" href="/cdn-cgi/styles/main.css" /> <script>
  (function(){if(document.addEventListener&&window.XMLHttpRequest&&JSON&&JSON.stringify){var e=function(a){var c=document.getElementById("error-feedback-survey"),d=document.getElementById("error-feedback-success"),b=new XMLHttpRequest;a={event:"feedback clicked",properties:{errorCode: 1015 },helpful:a,version: 1 };b.open("POST","https://sparrow.cloudflare.com/api/v1/event");b.setRequestHeader("Content-Type","application/json");b.setRequestHeader("Sparrow-Source-Key","c771f0e4b54944bebf4261d44bd79a1e");
b.send(JSON.stringify(a));c.classList.add("feedback-hidden");d.classList.remove("feedback-hidden")};document.addEventListener("DOMContentLoaded",function(){var a=document.getElementById("error-feedback"),c=document.getElementById("feedback-button-yes"),d=document.getElementById("feedback-button-no");"classList"in a&&(a.classList.remove("feedback-hidden"),c.addEventListener("click",function(){e(!0)}),d.addEventListener("click",function(){e(!1)}))})}})();
</script>
        <script
            defer
            src="https://performance.radar.cloudflare.com/beacon.js"
        ></script>
    </head>
    <body>
        <div id="cf-wrapper">
            <div
                class="cf-alert cf-alert-error cf-cookie-error hidden"
                id="cookie-alert"
                data-translate="enable_cookies"
            >
                Please enable cookies.
            </div>
            <div id="cf-error-details" class="p-0">
                <header
                    class="mx-auto pt-10 lg:pt-6 lg:px-8 w-240 lg:w-full mb-15 antialiased"
                >
                    <h1
                        class="inline-block md:block mr-2 md:mb-2 font-light text-60 md:text-3xl text-black-dark leading-tight"
                    >
                        <span data-translate="error">Error</span>
                        <span>1015</span>
                    </h1>
                    <span
                        class="inline-block md:block heading-ray-id font-mono text-15 lg:text-sm lg:leading-relaxed"
                        >Ray ID: 994bacf70d626206 &bull;</span
                    >
                    <span
                        class="inline-block md:block heading-ray-id font-mono text-15 lg:text-sm lg:leading-relaxed"
                        >2025-10-26 17:29:24 UTC</span
                    >
                    <h2
                        class="text-gray-600 leading-1.3 text-3xl lg:text-2xl font-light"
                    >
                        You are being rate limited
                    </h2>
                </header>
                
                
                <section class="w-240 lg:w-full mx-auto mb-8 lg:px-8">
                    <div id="what-happened-section" class="w-1/2 md:w-full">
                        <h2
                            class="text-3xl leading-tight font-normal mb-4 text-black-dark antialiased"
                            data-translate="what_happened"
                        >
                            What happened?
                        </h2>
                        
                            <p>The owner of this website (services.nvd.nist.gov) has banned you temporarily from accessing this website.</p>
                        
                        
                        <p>
                            Please see
                            <a
                                rel="noopener noreferrer"
                                href="https://developers.cloudflare.com/support/troubleshooting/http-status-codes/cloudflare-1xxx-errors/error-1015/"
                                target="_blank"
                                >https://developers.cloudflare.com/support/troubleshooting/http-status-codes/cloudflare-1xxx-errors/error-1015/</a
                            >
                            for more details.
                        </p>
                        
                    </div>

                    
                </section>
                

                <div class="feedback-hidden py-8 text-center" id="error-feedback">
    <div id="error-feedback-survey" class="footer-line-wrapper">
        Was this page helpful?
        <button
            class="border border-solid bg-white cf-button cursor-pointer ml-4 px-4 py-2 rounded"
            id="feedback-button-yes"
            type="button"
        >
            Yes
        </button>
        <button
            class="border border-solid bg-white cf-button cursor-pointer ml-4 px-4 py-2 rounded"
            id="feedback-button-no"
            type="button"
        >
            No
        </button>
    </div>
    <div class="feedback-success feedback-hidden" id="error-feedback-success">
        Thank you for your feedback!
    </div>
</div> <div class="cf-error-footer cf-wrapper w-240 lg:w-full py-10 sm:py-4 sm:px-8 mx-auto text-center sm:text-left border-solid border-0 border-t border-gray-300">
    <p class="text-13">
      <span class="cf-footer-item sm:block sm:mb-1">Cloudflare Ray ID: <strong class="font-semibold">994bacf70d626206</strong></span>
      <span class="cf-footer-separator sm:hidden">&bull;</span>
      <span id="cf-footer-item-ip" class="cf-footer-item hidden sm:block sm:mb-1">
        Your IP:
        <button type="button" id="cf-footer-ip-reveal" class="cf-footer-ip-reveal-btn">Click to reveal</button>
        <span class="hidden" id="cf-footer-ip">2409:40f2:204e:b79e:e41e:6691:5ef2:4889</span>
        <span class="cf-footer-separator sm:hidden">&bull;</span>
      </span>
      <span class="cf-footer-item sm:block sm:mb-1"><span>Performance &amp; security by</span> <a rel="noopener noreferrer" href="https://www.cloudflare.com/5xx-error-landing" id="brand_link" target="_blank">Cloudflare</a></span>
      
    </p>
    <script>(function(){function d(){var b=a.getElementById("cf-footer-item-ip"),c=a.getElementById("cf-footer-ip-reveal");b&&"classList"in b&&(b.classList.remove("hidden"),c.addEventListener("click",function(){c.classList.add("hidden");a.getElementById("cf-footer-ip").classList.remove("hidden")}))}var a=document;document.addEventListener&&a.addEventListener("DOMContentLoaded",d)})();</script>
  </div><!-- /.error-footer -->
            </div>
            <!-- /#cf-error-details -->
        </div>
        <!-- /#cf-wrapper -->

         <script>
    window._cf_translation = {};
    
    
  </script> 
        
    <script>(function(){function c(){var b=a.contentDocument||a.contentWindow.document;if(b){var d=b.createElement('script');d.innerHTML="window.__CF$cv$params={r:'994bacf70d626206',t:'MTc2MTQ5OTc2NA=='};var a=document.createElement('script');a.src='/cdn-cgi/challenge-platform/scripts/jsd/main.js';document.getElementsByTagName('head')[0].appendChild(a);";b.getElementsByTagName('head')[0].appendChild(d)}}if(document.body){var a=document.createElement('iframe');a.height=1;a.width=1;a.style.position='absolute';a.style.top=0;a.style.left=0;a.style.border='none';a.style.visibility='hidden';document.body.appendChild(a);if('loading'!==document.readyState)c();else if(window.addEventListener)document.addEventListener('DOMContentLoaded',c);else{var e=document.onreadystatechange||function(){};document.onreadystatechange=function(b){e(b);'loading'!==document.readyState&&(document.onreadystatechange=e,c())}}}})();</script></body>
</html>
2025-10-26 22:59:24,310 - NVDClient - INFO - NVD API Call #40: Searching for 'MSYS2'
2025-10-26 22:59:25,892 - NVDClient - ERROR - NVD API call failed: 429 - <!doctype html>
<!--[if lt IE 7]> <html class="no-js ie6 oldie" lang="en-US"> <![endif]-->
<!--[if IE 7]>    <html class="no-js ie7 oldie" lang="en-US"> <![endif]-->
<!--[if IE 8]>    <html class="no-js ie8 oldie" lang="en-US"> <![endif]-->
<!--[if gt IE 8]><!-->
<html class="no-js" lang="en-US">
    <!--<![endif]-->
    <head>
        <title>Access denied | services.nvd.nist.gov used Cloudflare to restrict access | services.nvd.nist.gov | Cloudflare</title>
        <meta charset="UTF-8" />
<meta http-equiv="Content-Type" content="text/html; charset=UTF-8" />
<meta http-equiv="X-UA-Compatible" content="IE=Edge" />
<meta name="robots" content="noindex, nofollow" />
<meta name="viewport" content="width=device-width,initial-scale=1" />
<link rel="stylesheet" id="cf_styles-css" href="/cdn-cgi/styles/main.css" /> <script>
  (function(){if(document.addEventListener&&window.XMLHttpRequest&&JSON&&JSON.stringify){var e=function(a){var c=document.getElementById("error-feedback-survey"),d=document.getElementById("error-feedback-success"),b=new XMLHttpRequest;a={event:"feedback clicked",properties:{errorCode: 1015 },helpful:a,version: 1 };b.open("POST","https://sparrow.cloudflare.com/api/v1/event");b.setRequestHeader("Content-Type","application/json");b.setRequestHeader("Sparrow-Source-Key","c771f0e4b54944bebf4261d44bd79a1e");
b.send(JSON.stringify(a));c.classList.add("feedback-hidden");d.classList.remove("feedback-hidden")};document.addEventListener("DOMContentLoaded",function(){var a=document.getElementById("error-feedback"),c=document.getElementById("feedback-button-yes"),d=document.getElementById("feedback-button-no");"classList"in a&&(a.classList.remove("feedback-hidden"),c.addEventListener("click",function(){e(!0)}),d.addEventListener("click",function(){e(!1)}))})}})();
</script>
        <script
            defer
            src="https://performance.radar.cloudflare.com/beacon.js"
        ></script>
    </head>
    <body>
        <div id="cf-wrapper">
            <div
                class="cf-alert cf-alert-error cf-cookie-error hidden"
                id="cookie-alert"
                data-translate="enable_cookies"
            >
                Please enable cookies.
            </div>
            <div id="cf-error-details" class="p-0">
                <header
                    class="mx-auto pt-10 lg:pt-6 lg:px-8 w-240 lg:w-full mb-15 antialiased"
                >
                    <h1
                        class="inline-block md:block mr-2 md:mb-2 font-light text-60 md:text-3xl text-black-dark leading-tight"
                    >
                        <span data-translate="error">Error</span>
                        <span>1015</span>
                    </h1>
                    <span
                        class="inline-block md:block heading-ray-id font-mono text-15 lg:text-sm lg:leading-relaxed"
                        >Ray ID: 994bad018b631152 &bull;</span
                    >
                    <span
                        class="inline-block md:block heading-ray-id font-mono text-15 lg:text-sm lg:leading-relaxed"
                        >2025-10-26 17:29:26 UTC</span
                    >
                    <h2
                        class="text-gray-600 leading-1.3 text-3xl lg:text-2xl font-light"
                    >
                        You are being rate limited
                    </h2>
                </header>
                
                
                <section class="w-240 lg:w-full mx-auto mb-8 lg:px-8">
                    <div id="what-happened-section" class="w-1/2 md:w-full">
                        <h2
                            class="text-3xl leading-tight font-normal mb-4 text-black-dark antialiased"
                            data-translate="what_happened"
                        >
                            What happened?
                        </h2>
                        
                            <p>The owner of this website (services.nvd.nist.gov) has banned you temporarily from accessing this website.</p>
                        
                        
                        <p>
                            Please see
                            <a
                                rel="noopener noreferrer"
                                href="https://developers.cloudflare.com/support/troubleshooting/http-status-codes/cloudflare-1xxx-errors/error-1015/"
                                target="_blank"
                                >https://developers.cloudflare.com/support/troubleshooting/http-status-codes/cloudflare-1xxx-errors/error-1015/</a
                            >
                            for more details.
                        </p>
                        
                    </div>

                    
                </section>
                

                <div class="feedback-hidden py-8 text-center" id="error-feedback">
    <div id="error-feedback-survey" class="footer-line-wrapper">
        Was this page helpful?
        <button
            class="border border-solid bg-white cf-button cursor-pointer ml-4 px-4 py-2 rounded"
            id="feedback-button-yes"
            type="button"
        >
            Yes
        </button>
        <button
            class="border border-solid bg-white cf-button cursor-pointer ml-4 px-4 py-2 rounded"
            id="feedback-button-no"
            type="button"
        >
            No
        </button>
    </div>
    <div class="feedback-success feedback-hidden" id="error-feedback-success">
        Thank you for your feedback!
    </div>
</div> <div class="cf-error-footer cf-wrapper w-240 lg:w-full py-10 sm:py-4 sm:px-8 mx-auto text-center sm:text-left border-solid border-0 border-t border-gray-300">
    <p class="text-13">
      <span class="cf-footer-item sm:block sm:mb-1">Cloudflare Ray ID: <strong class="font-semibold">994bad018b631152</strong></span>
      <span class="cf-footer-separator sm:hidden">&bull;</span>
      <span id="cf-footer-item-ip" class="cf-footer-item hidden sm:block sm:mb-1">
        Your IP:
        <button type="button" id="cf-footer-ip-reveal" class="cf-footer-ip-reveal-btn">Click to reveal</button>
        <span class="hidden" id="cf-footer-ip">2409:40f2:204e:b79e:e41e:6691:5ef2:4889</span>
        <span class="cf-footer-separator sm:hidden">&bull;</span>
      </span>
      <span class="cf-footer-item sm:block sm:mb-1"><span>Performance &amp; security by</span> <a rel="noopener noreferrer" href="https://www.cloudflare.com/5xx-error-landing" id="brand_link" target="_blank">Cloudflare</a></span>
      
    </p>
    <script>(function(){function d(){var b=a.getElementById("cf-footer-item-ip"),c=a.getElementById("cf-footer-ip-reveal");b&&"classList"in b&&(b.classList.remove("hidden"),c.addEventListener("click",function(){c.classList.add("hidden");a.getElementById("cf-footer-ip").classList.remove("hidden")}))}var a=document;document.addEventListener&&a.addEventListener("DOMContentLoaded",d)})();</script>
  </div><!-- /.error-footer -->
            </div>
            <!-- /#cf-error-details -->
        </div>
        <!-- /#cf-wrapper -->

         <script>
    window._cf_translation = {};
    
    
  </script> 
        
    <script>(function(){function c(){var b=a.contentDocument||a.contentWindow.document;if(b){var d=b.createElement('script');d.innerHTML="window.__CF$cv$params={r:'994bad018b631152',t:'MTc2MTQ5OTc2Ng=='};var a=document.createElement('script');a.src='/cdn-cgi/challenge-platform/scripts/jsd/main.js';document.getElementsByTagName('head')[0].appendChild(a);";b.getElementsByTagName('head')[0].appendChild(d)}}if(document.body){var a=document.createElement('iframe');a.height=1;a.width=1;a.style.position='absolute';a.style.top=0;a.style.left=0;a.style.border='none';a.style.visibility='hidden';document.body.appendChild(a);if('loading'!==document.readyState)c();else if(window.addEventListener)document.addEventListener('DOMContentLoaded',c);else{var e=document.onreadystatechange||function(){};document.onreadystatechange=function(b){e(b);'loading'!==document.readyState&&(document.onreadystatechange=e,c())}}}})();</script></body>
</html>
2025-10-26 22:59:25,897 - NVDClient - INFO - NVD API Call #41: Searching for 'WhatsApp'
2025-10-26 22:59:27,711 - NVDClient - ERROR - NVD API call failed: 404 - 
2025-10-26 22:59:27,716 - NVDClient - INFO - NVD API Call #42: Searching for 'Intel®'
2025-10-26 22:59:29,459 - NVDClient - ERROR - NVD API call failed: 404 - 
2025-10-26 22:59:29,462 - NVDClient - INFO - NVD API Call #43: Searching for 'Intel®'
2025-10-26 22:59:31,078 - NVDClient - ERROR - NVD API call failed: 404 - 
2025-10-26 22:59:31,082 - NVDClient - INFO - NVD API Call #44: Searching for 'Microsoft'
2025-10-26 22:59:32,765 - NVDClient - ERROR - NVD API call failed: 429 - <!doctype html>
<!--[if lt IE 7]> <html class="no-js ie6 oldie" lang="en-US"> <![endif]-->
<!--[if IE 7]>    <html class="no-js ie7 oldie" lang="en-US"> <![endif]-->
<!--[if IE 8]>    <html class="no-js ie8 oldie" lang="en-US"> <![endif]-->
<!--[if gt IE 8]><!-->
<html class="no-js" lang="en-US">
    <!--<![endif]-->
    <head>
        <title>Access denied | services.nvd.nist.gov used Cloudflare to restrict access | services.nvd.nist.gov | Cloudflare</title>
        <meta charset="UTF-8" />
<meta http-equiv="Content-Type" content="text/html; charset=UTF-8" />
<meta http-equiv="X-UA-Compatible" content="IE=Edge" />
<meta name="robots" content="noindex, nofollow" />
<meta name="viewport" content="width=device-width,initial-scale=1" />
<link rel="stylesheet" id="cf_styles-css" href="/cdn-cgi/styles/main.css" /> <script>
  (function(){if(document.addEventListener&&window.XMLHttpRequest&&JSON&&JSON.stringify){var e=function(a){var c=document.getElementById("error-feedback-survey"),d=document.getElementById("error-feedback-success"),b=new XMLHttpRequest;a={event:"feedback clicked",properties:{errorCode: 1015 },helpful:a,version: 1 };b.open("POST","https://sparrow.cloudflare.com/api/v1/event");b.setRequestHeader("Content-Type","application/json");b.setRequestHeader("Sparrow-Source-Key","c771f0e4b54944bebf4261d44bd79a1e");
b.send(JSON.stringify(a));c.classList.add("feedback-hidden");d.classList.remove("feedback-hidden")};document.addEventListener("DOMContentLoaded",function(){var a=document.getElementById("error-feedback"),c=document.getElementById("feedback-button-yes"),d=document.getElementById("feedback-button-no");"classList"in a&&(a.classList.remove("feedback-hidden"),c.addEventListener("click",function(){e(!0)}),d.addEventListener("click",function(){e(!1)}))})}})();
</script>
        <script
            defer
            src="https://performance.radar.cloudflare.com/beacon.js"
        ></script>
    </head>
    <body>
        <div id="cf-wrapper">
            <div
                class="cf-alert cf-alert-error cf-cookie-error hidden"
                id="cookie-alert"
                data-translate="enable_cookies"
            >
                Please enable cookies.
            </div>
            <div id="cf-error-details" class="p-0">
                <header
                    class="mx-auto pt-10 lg:pt-6 lg:px-8 w-240 lg:w-full mb-15 antialiased"
                >
                    <h1
                        class="inline-block md:block mr-2 md:mb-2 font-light text-60 md:text-3xl text-black-dark leading-tight"
                    >
                        <span data-translate="error">Error</span>
                        <span>1015</span>
                    </h1>
                    <span
                        class="inline-block md:block heading-ray-id font-mono text-15 lg:text-sm lg:leading-relaxed"
                        >Ray ID: 994bad2c8da3f7fc &bull;</span
                    >
                    <span
                        class="inline-block md:block heading-ray-id font-mono text-15 lg:text-sm lg:leading-relaxed"
                        >2025-10-26 17:29:32 UTC</span
                    >
                    <h2
                        class="text-gray-600 leading-1.3 text-3xl lg:text-2xl font-light"
                    >
                        You are being rate limited
                    </h2>
                </header>
                
                
                <section class="w-240 lg:w-full mx-auto mb-8 lg:px-8">
                    <div id="what-happened-section" class="w-1/2 md:w-full">
                        <h2
                            class="text-3xl leading-tight font-normal mb-4 text-black-dark antialiased"
                            data-translate="what_happened"
                        >
                            What happened?
                        </h2>
                        
                            <p>The owner of this website (services.nvd.nist.gov) has banned you temporarily from accessing this website.</p>
                        
                        
                        <p>
                            Please see
                            <a
                                rel="noopener noreferrer"
                                href="https://developers.cloudflare.com/support/troubleshooting/http-status-codes/cloudflare-1xxx-errors/error-1015/"
                                target="_blank"
                                >https://developers.cloudflare.com/support/troubleshooting/http-status-codes/cloudflare-1xxx-errors/error-1015/</a
                            >
                            for more details.
                        </p>
                        
                    </div>

                    
                </section>
                

                <div class="feedback-hidden py-8 text-center" id="error-feedback">
    <div id="error-feedback-survey" class="footer-line-wrapper">
        Was this page helpful?
        <button
            class="border border-solid bg-white cf-button cursor-pointer ml-4 px-4 py-2 rounded"
            id="feedback-button-yes"
            type="button"
        >
            Yes
        </button>
        <button
            class="border border-solid bg-white cf-button cursor-pointer ml-4 px-4 py-2 rounded"
            id="feedback-button-no"
            type="button"
        >
            No
        </button>
    </div>
    <div class="feedback-success feedback-hidden" id="error-feedback-success">
        Thank you for your feedback!
    </div>
</div> <div class="cf-error-footer cf-wrapper w-240 lg:w-full py-10 sm:py-4 sm:px-8 mx-auto text-center sm:text-left border-solid border-0 border-t border-gray-300">
    <p class="text-13">
      <span class="cf-footer-item sm:block sm:mb-1">Cloudflare Ray ID: <strong class="font-semibold">994bad2c8da3f7fc</strong></span>
      <span class="cf-footer-separator sm:hidden">&bull;</span>
      <span id="cf-footer-item-ip" class="cf-footer-item hidden sm:block sm:mb-1">
        Your IP:
        <button type="button" id="cf-footer-ip-reveal" class="cf-footer-ip-reveal-btn">Click to reveal</button>
        <span class="hidden" id="cf-footer-ip">2409:40f2:204e:b79e:e41e:6691:5ef2:4889</span>
        <span class="cf-footer-separator sm:hidden">&bull;</span>
      </span>
      <span class="cf-footer-item sm:block sm:mb-1"><span>Performance &amp; security by</span> <a rel="noopener noreferrer" href="https://www.cloudflare.com/5xx-error-landing" id="brand_link" target="_blank">Cloudflare</a></span>
      
    </p>
    <script>(function(){function d(){var b=a.getElementById("cf-footer-item-ip"),c=a.getElementById("cf-footer-ip-reveal");b&&"classList"in b&&(b.classList.remove("hidden"),c.addEventListener("click",function(){c.classList.add("hidden");a.getElementById("cf-footer-ip").classList.remove("hidden")}))}var a=document;document.addEventListener&&a.addEventListener("DOMContentLoaded",d)})();</script>
  </div><!-- /.error-footer -->
            </div>
            <!-- /#cf-error-details -->
        </div>
        <!-- /#cf-wrapper -->

         <script>
    window._cf_translation = {};
    
    
  </script> 
        
    <script>(function(){function c(){var b=a.contentDocument||a.contentWindow.document;if(b){var d=b.createElement('script');d.innerHTML="window.__CF$cv$params={r:'994bad2c8da3f7fc',t:'MTc2MTQ5OTc3Mg=='};var a=document.createElement('script');a.src='/cdn-cgi/challenge-platform/scripts/jsd/main.js';document.getElementsByTagName('head')[0].appendChild(a);";b.getElementsByTagName('head')[0].appendChild(d)}}if(document.body){var a=document.createElement('iframe');a.height=1;a.width=1;a.style.position='absolute';a.style.top=0;a.style.left=0;a.style.border='none';a.style.visibility='hidden';document.body.appendChild(a);if('loading'!==document.readyState)c();else if(window.addEventListener)document.addEventListener('DOMContentLoaded',c);else{var e=document.onreadystatechange||function(){};document.onreadystatechange=function(b){e(b);'loading'!==document.readyState&&(document.onreadystatechange=e,c())}}}})();</script></body>
</html>
2025-10-26 22:59:32,770 - NVDClient - INFO - NVD API Call #45: Searching for 'Microsoft'
2025-10-26 22:59:34,559 - NVDClient - ERROR - NVD API call failed: 404 - 
2025-10-26 22:59:34,561 - NVDClient - INFO - NVD API Call #46: Searching for 'Microsoft'
2025-10-26 22:59:36,307 - NVDClient - ERROR - NVD API call failed: 429 - <!doctype html>
<!--[if lt IE 7]> <html class="no-js ie6 oldie" lang="en-US"> <![endif]-->
<!--[if IE 7]>    <html class="no-js ie7 oldie" lang="en-US"> <![endif]-->
<!--[if IE 8]>    <html class="no-js ie8 oldie" lang="en-US"> <![endif]-->
<!--[if gt IE 8]><!-->
<html class="no-js" lang="en-US">
    <!--<![endif]-->
    <head>
        <title>Access denied | services.nvd.nist.gov used Cloudflare to restrict access | services.nvd.nist.gov | Cloudflare</title>
        <meta charset="UTF-8" />
<meta http-equiv="Content-Type" content="text/html; charset=UTF-8" />
<meta http-equiv="X-UA-Compatible" content="IE=Edge" />
<meta name="robots" content="noindex, nofollow" />
<meta name="viewport" content="width=device-width,initial-scale=1" />
<link rel="stylesheet" id="cf_styles-css" href="/cdn-cgi/styles/main.css" /> <script>
  (function(){if(document.addEventListener&&window.XMLHttpRequest&&JSON&&JSON.stringify){var e=function(a){var c=document.getElementById("error-feedback-survey"),d=document.getElementById("error-feedback-success"),b=new XMLHttpRequest;a={event:"feedback clicked",properties:{errorCode: 1015 },helpful:a,version: 1 };b.open("POST","https://sparrow.cloudflare.com/api/v1/event");b.setRequestHeader("Content-Type","application/json");b.setRequestHeader("Sparrow-Source-Key","c771f0e4b54944bebf4261d44bd79a1e");
b.send(JSON.stringify(a));c.classList.add("feedback-hidden");d.classList.remove("feedback-hidden")};document.addEventListener("DOMContentLoaded",function(){var a=document.getElementById("error-feedback"),c=document.getElementById("feedback-button-yes"),d=document.getElementById("feedback-button-no");"classList"in a&&(a.classList.remove("feedback-hidden"),c.addEventListener("click",function(){e(!0)}),d.addEventListener("click",function(){e(!1)}))})}})();
</script>
        <script
            defer
            src="https://performance.radar.cloudflare.com/beacon.js"
        ></script>
    </head>
    <body>
        <div id="cf-wrapper">
            <div
                class="cf-alert cf-alert-error cf-cookie-error hidden"
                id="cookie-alert"
                data-translate="enable_cookies"
            >
                Please enable cookies.
            </div>
            <div id="cf-error-details" class="p-0">
                <header
                    class="mx-auto pt-10 lg:pt-6 lg:px-8 w-240 lg:w-full mb-15 antialiased"
                >
                    <h1
                        class="inline-block md:block mr-2 md:mb-2 font-light text-60 md:text-3xl text-black-dark leading-tight"
                    >
                        <span data-translate="error">Error</span>
                        <span>1015</span>
                    </h1>
                    <span
                        class="inline-block md:block heading-ray-id font-mono text-15 lg:text-sm lg:leading-relaxed"
                        >Ray ID: 994bad41be2bf4a2 &bull;</span
                    >
                    <span
                        class="inline-block md:block heading-ray-id font-mono text-15 lg:text-sm lg:leading-relaxed"
                        >2025-10-26 17:29:36 UTC</span
                    >
                    <h2
                        class="text-gray-600 leading-1.3 text-3xl lg:text-2xl font-light"
                    >
                        You are being rate limited
                    </h2>
                </header>
                
                
                <section class="w-240 lg:w-full mx-auto mb-8 lg:px-8">
                    <div id="what-happened-section" class="w-1/2 md:w-full">
                        <h2
                            class="text-3xl leading-tight font-normal mb-4 text-black-dark antialiased"
                            data-translate="what_happened"
                        >
                            What happened?
                        </h2>
                        
                            <p>The owner of this website (services.nvd.nist.gov) has banned you temporarily from accessing this website.</p>
                        
                        
                        <p>
                            Please see
                            <a
                                rel="noopener noreferrer"
                                href="https://developers.cloudflare.com/support/troubleshooting/http-status-codes/cloudflare-1xxx-errors/error-1015/"
                                target="_blank"
                                >https://developers.cloudflare.com/support/troubleshooting/http-status-codes/cloudflare-1xxx-errors/error-1015/</a
                            >
                            for more details.
                        </p>
                        
                    </div>

                    
                </section>
                

                <div class="feedback-hidden py-8 text-center" id="error-feedback">
    <div id="error-feedback-survey" class="footer-line-wrapper">
        Was this page helpful?
        <button
            class="border border-solid bg-white cf-button cursor-pointer ml-4 px-4 py-2 rounded"
            id="feedback-button-yes"
            type="button"
        >
            Yes
        </button>
        <button
            class="border border-solid bg-white cf-button cursor-pointer ml-4 px-4 py-2 rounded"
            id="feedback-button-no"
            type="button"
        >
            No
        </button>
    </div>
    <div class="feedback-success feedback-hidden" id="error-feedback-success">
        Thank you for your feedback!
    </div>
</div> <div class="cf-error-footer cf-wrapper w-240 lg:w-full py-10 sm:py-4 sm:px-8 mx-auto text-center sm:text-left border-solid border-0 border-t border-gray-300">
    <p class="text-13">
      <span class="cf-footer-item sm:block sm:mb-1">Cloudflare Ray ID: <strong class="font-semibold">994bad41be2bf4a2</strong></span>
      <span class="cf-footer-separator sm:hidden">&bull;</span>
      <span id="cf-footer-item-ip" class="cf-footer-item hidden sm:block sm:mb-1">
        Your IP:
        <button type="button" id="cf-footer-ip-reveal" class="cf-footer-ip-reveal-btn">Click to reveal</button>
        <span class="hidden" id="cf-footer-ip">2409:40f2:204e:b79e:e41e:6691:5ef2:4889</span>
        <span class="cf-footer-separator sm:hidden">&bull;</span>
      </span>
      <span class="cf-footer-item sm:block sm:mb-1"><span>Performance &amp; security by</span> <a rel="noopener noreferrer" href="https://www.cloudflare.com/5xx-error-landing" id="brand_link" target="_blank">Cloudflare</a></span>
      
    </p>
    <script>(function(){function d(){var b=a.getElementById("cf-footer-item-ip"),c=a.getElementById("cf-footer-ip-reveal");b&&"classList"in b&&(b.classList.remove("hidden"),c.addEventListener("click",function(){c.classList.add("hidden");a.getElementById("cf-footer-ip").classList.remove("hidden")}))}var a=document;document.addEventListener&&a.addEventListener("DOMContentLoaded",d)})();</script>
  </div><!-- /.error-footer -->
            </div>
            <!-- /#cf-error-details -->
        </div>
        <!-- /#cf-wrapper -->

         <script>
    window._cf_translation = {};
    
    
  </script> 
        
    <script>(function(){function c(){var b=a.contentDocument||a.contentWindow.document;if(b){var d=b.createElement('script');d.innerHTML="window.__CF$cv$params={r:'994bad41be2bf4a2',t:'MTc2MTQ5OTc3Ng=='};var a=document.createElement('script');a.src='/cdn-cgi/challenge-platform/scripts/jsd/main.js';document.getElementsByTagName('head')[0].appendChild(a);";b.getElementsByTagName('head')[0].appendChild(d)}}if(document.body){var a=document.createElement('iframe');a.height=1;a.width=1;a.style.position='absolute';a.style.top=0;a.style.left=0;a.style.border='none';a.style.visibility='hidden';document.body.appendChild(a);if('loading'!==document.readyState)c();else if(window.addEventListener)document.addEventListener('DOMContentLoaded',c);else{var e=document.onreadystatechange||function(){};document.onreadystatechange=function(b){e(b);'loading'!==document.readyState&&(document.onreadystatechange=e,c())}}}})();</script></body>
</html>
2025-10-26 22:59:36,314 - NVDClient - INFO - NVD API Call #47: Searching for 'AV1'
2025-10-26 22:59:37,945 - NVDClient - ERROR - NVD API call failed: 404 - 
2025-10-26 22:59:37,949 - NVDClient - INFO - NVD API Call #48: Searching for 'AVC'
2025-10-26 22:59:39,654 - NVDClient - ERROR - NVD API call failed: 404 - 
2025-10-26 22:59:39,658 - NVDClient - INFO - NVD API Call #49: Searching for 'Windows'
2025-10-26 22:59:41,432 - NVDClient - ERROR - NVD API call failed: 404 - 
2025-10-26 22:59:41,435 - NVDClient - INFO - NVD API Call #50: Searching for 'News'
2025-10-26 22:59:43,212 - NVDClient - ERROR - NVD API call failed: 404 - 
