Subject,Having_IP,Having_At_Symbol,Prefix_Suffix,URL_Length_Long,HTTPS_Token_in_URL,Suspicious_TLD,Shortening_Service,Contains_Password_Field,Domain_Old(>12mo),Alexa_Popular,label
CNN.com Daily Top 10,0,0,0,0,0,0,0,0,1,1,0
Re: [opensuse] Cooling Problems - Action needed,0,0,1,0,1,1,0,1,1,1,1
Guaranteed Erection Fast,0,0,0,0,1,0,0,0,1,1,1
Re: svn commit: r631666 - in /spamassassin/site: devel/index.html gtube/index.html released/index.html tag/index.html ,0,0,0,0,0,0,0,0,1,1,1
Re: [python-win32] Creating python com objects,0,0,1,0,0,0,1,1,1,1,1
CNN.com Daily Top 10,0,0,1,1,0,0,0,0,0,1,1
Get the latest news on your health. MZ,0,0,0,0,0,0,0,0,1,1,0
Re: [Buildbot-devel] Cannot get sendchange to work,0,0,0,0,0,1,0,0,1,1,1
Try Unlimited Tarot For 30 Days On Us! ,0,0,0,0,0,0,0,0,1,1,0
From Rocco Wolff,0,0,1,0,0,0,0,1,1,1,1
One Year written replica watches warranty - Urgent,1,0,0,0,0,0,0,0,1,1,1
Wie kann ich online Vi kauf?,0,0,0,0,0,1,0,1,1,1,1
First-rate elegant items - Urgent,0,0,1,1,1,0,1,0,1,1,1
Re: [spambayes-dev] [imapfilter] saving 1804 with new id: 1209671482,0,0,1,0,0,0,0,0,1,1,0
Goodiest giovanne solution,0,0,0,0,0,0,0,0,1,1,0
Forget about failures in bedroom for 3 months,0,0,0,0,0,0,0,0,1,1,0
Watches for all tastes at Replica Classics online store  ,0,0,0,1,0,1,0,0,1,1,1
Feel the real holiday,0,0,0,0,0,0,0,0,1,1,0
Your order in processing,0,1,0,0,1,0,0,0,1,1,1
Re: [Python-Dev] stable buildbots,1,0,0,0,0,0,0,0,1,1,0
Just Read What Our Satisfied Customers Say,1,0,0,1,0,0,1,0,1,1,1
CNN Alerts: My Custom Alert,0,1,0,0,0,1,0,0,1,1,1
Re: [ILUG] openvpn problem,0,0,0,0,0,0,0,0,1,1,0
"Much bigger, than you used to have it!",0,0,0,0,0,0,0,0,1,1,0
CNN.com Daily Top 10,0,0,1,1,0,0,0,0,1,1,1
Your happiness is much closer now,0,0,0,0,0,0,0,0,1,1,0
Re: [Python-3000] Types and classes,0,0,0,0,0,0,0,0,1,1,0
From Shannon Ballard,0,0,0,0,0,0,0,0,1,1,0
Re: [IIU] Eircom mail server weirdness,1,0,1,0,0,1,1,0,1,1,1
Offer variety replica watches,0,0,0,0,0,0,0,0,1,1,0
Re: [R] Switch two rows in a matrix,0,0,1,0,0,0,0,0,1,1,0
[Python-3000] Silent failing unit tests.,0,0,0,0,0,0,0,0,1,1,0
"Re: new article, ""A Romp Through Infinity"" - Important",0,0,0,0,0,0,0,0,1,1,0
CertifiedSafeSecureCialis,1,1,1,0,0,0,1,0,1,1,1
August playboy centrefold,1,1,1,0,0,0,0,0,1,1,1
Re: how to round off a decimal to the next whole number,1,1,0,0,1,0,0,0,1,1,1
$20 for a Few Minutes of Your Time,0,0,0,0,0,0,0,0,0,1,0
"[UAI] CFP AIMSA 2006 - Artificial Intelligence: Methodology, Systems, Applications",0,0,0,0,0,0,0,0,1,1,0
Luxurious costume replica watches at ...  ,0,0,0,0,1,0,1,0,1,1,1
CNN.com Daily Top 10,0,0,0,1,0,0,0,0,1,1,1
"Make the Impossible, Possible. Enlarge your Penis by 3"" in Weeks!",0,0,0,0,0,0,0,0,1,1,0
Find your love stick gain here,0,0,1,0,1,0,0,0,1,1,1
CNN.com Daily Top 10,0,0,0,0,0,0,0,0,1,1,0
Purchase  you meds in easy and confidential way in CanadianPharmacy.,0,0,0,0,0,0,0,0,1,1,0
We congratulate! You our client!,0,0,0,0,0,0,0,0,1,1,0
bayonne ri heckle milieu physik,0,0,0,0,0,0,0,0,1,1,0
Affordable and easy male and female enhancing.,0,0,0,0,0,0,0,0,0,1,0
Keep the young girls away from that bulch,0,0,0,1,0,0,0,1,1,1,1
"100% Safe To Take, With NO Side Effects.",1,1,0,0,0,0,0,0,1,1,1
Direct message from SpamExperts via web,0,0,0,0,0,0,0,0,1,1,0
CNN.com Daily Top 10,0,0,0,0,0,0,0,0,1,1,0
CNN.com Daily Top 10,0,0,0,0,0,1,1,0,1,1,1
you don't believe in better se>.<u@1 life?,0,0,0,0,0,0,0,0,1,1,0
"Re: [Python-Dev] r62129 - in python/trunk: PCbuild/debug.vsprops	PCbuild/kill_python.c PCbuild/kill_python.vcproj	PCbuild/pcbuild.sln PCbuild/pythoncore.vcproj	PCbuild/release.vsprops Tools/buildbot/Makefile	Tools/buildbot/build-amd64.bat Tools/build",0,1,0,0,1,1,0,0,1,1,1
Here is your E-greeting,0,0,0,0,0,0,0,0,1,1,0
Tried vacuum pumps and other advertised methods without success ?,0,1,0,1,0,0,0,0,1,1,1
Removable Hard Drives,1,1,0,0,0,0,0,0,1,1,1
Bell adopts new campaign,0,0,0,0,0,0,0,0,1,1,0
Several measures for male power?,1,1,0,1,0,1,0,0,1,1,1
Premo Substance Joy,0,0,0,0,0,0,0,0,1,0,0
RingtoneFeeder.com - Payment receipt and setup information - Urgent,0,1,0,1,0,0,0,0,1,1,1
"Science Table of Contents Text for 22 February 2008; Vol. 319, No. 5866",0,1,1,0,0,1,0,0,1,1,1
Which Ones Really Work? We List The Top Penis Enlargement Products!,0,0,0,1,0,0,0,0,1,1,0
Olympus mountain,0,0,0,0,0,0,0,1,1,1,0
___ Future4net ___  TripTracker gallery,1,0,1,0,1,0,1,1,1,1,1
Need Diploma? MBA  or other?    pw3kb,0,0,0,1,0,0,0,1,1,1,1
CNN.com Daily Top 10,0,1,1,0,1,0,1,0,1,1,1
Re: [Python-Dev] string representation of range in 3.0,0,0,0,0,0,0,0,0,1,1,1
Stop disappointing your lady in bed,0,0,0,0,1,0,0,0,1,1,0
"Re: [Python-Dev] Proposal: from __future__ import	unicode_string_literals",0,0,1,1,0,0,0,1,1,1,1
Watches,0,0,0,0,0,1,0,0,1,1,1
CNN.com Daily Top 10 - Urgent,0,1,0,0,0,0,0,0,1,1,1
"Re: [spambayes-dev] SpamBayes core_server.py and related bits	merged to CVS HEAD",0,0,0,0,0,1,0,0,1,1,1
Proven Effective for 72 Hours.,0,0,0,1,0,1,0,0,1,1,1
CNN.com Daily Top 10,0,0,0,0,0,0,0,0,1,1,0
Come closer to healthy and more passionate intimate life.,1,0,0,1,0,0,0,1,1,1,1
CNN Alerts: My Custom Alert,0,0,0,0,0,0,0,0,1,1,0
Re: Relaying Denied,1,0,1,1,0,1,1,1,1,1,1
she can never find someone like you.,0,0,0,0,0,0,1,0,1,1,1
50mg x 60 pills $2.00 per pill price,0,0,0,0,0,0,0,0,1,1,0
Re: [FoRK] Only in the republic of Boulder,0,0,0,0,0,1,1,0,1,1,1
Re: [opensuse]  [OT] How much power does a PC really consume?,0,0,0,0,0,0,0,0,1,1,0
Re: [python-win32] Finding the selected file in Windows Explorer,0,0,0,0,0,0,0,0,1,1,0
Purchase  you meds in easy and confidential way in CanadianPharmacy.,1,1,1,0,0,0,1,1,1,1,1
[UAI] First Call for Paper WIRN 2005,1,0,0,0,0,0,0,0,1,1,0
CNN.com Daily Top 10,0,1,0,1,1,0,0,0,1,1,1
CNN.com Daily Top 10,0,0,0,0,0,0,0,0,1,1,0
Generic brand remedys shipped quickly and discreetly to your front door - Action needed,1,0,1,0,0,0,0,1,1,1,1
58 new messages in 20 topics - abridged,0,0,0,0,0,0,0,0,1,1,0
Vi dient zur Behandlung bei E-problemen ..,0,1,0,0,0,0,0,0,1,1,1
CNN Alerts: My Custom Alert,0,0,1,0,0,0,0,0,1,1,1
 D.C.,0,0,0,0,0,0,0,1,0,1,1
"Re: [opensuse] ATI Radeon FireGL V5200, IBM/Lenovo Z61p, X won't start (SOLVED, partially)",0,0,1,0,1,0,0,0,1,1,1
With Vacheron Constantin replica watch time becomes ...   ,0,0,0,0,0,0,0,0,1,1,0
"Windows Vista, round two",0,0,0,0,0,0,1,0,1,1,1
Dequeing,0,0,0,0,0,0,0,0,1,1,0
Swell copies of elite watches,0,0,0,0,1,0,1,0,1,1,1
Enlarge,0,0,1,0,0,1,0,0,1,1,1
CNN Alerts: My Custom Alert - Urgent,0,0,0,0,1,0,0,0,1,1,1
[Spamassassin Wiki] Update of "ClamAVPlugin" by JustinMason,0,0,0,0,0,0,0,0,1,1,0
[clamav-virusdb] Update (daily: 5774),0,0,0,0,0,0,0,0,1,1,0
CNN.com Daily Top 10,0,0,0,0,0,1,0,0,1,1,1
Jessica simpson - Please verify,1,0,0,0,0,0,0,0,1,1,1
HABEAS_ACCREDITED_COI,0,0,0,0,0,0,0,0,1,1,0
Male Enhancement,0,0,0,0,0,0,0,0,1,1,0
CNN.com Daily Top 10,1,1,0,0,0,0,1,0,0,1,1
Europe makes moves towards Internet censorship,1,0,0,0,0,0,1,0,0,1,1
Purchase meds  with us and enjoy the life to the full.,0,0,1,0,1,1,0,0,1,1,1
These nurses are flaming hot,0,0,0,0,0,0,0,0,1,1,0
Re: [Python-Dev] How we can get rid of eggs for 2.6 and beyond,0,0,0,0,0,0,0,0,1,1,0
Choice IWC replica watches at Replica Classics   ,0,1,0,1,0,0,0,1,1,1,1
Re: [ILUG] openvpn problem,0,0,0,0,0,0,0,0,1,1,0
Re:,0,1,0,0,1,0,1,0,0,1,1
Buy must have meds without any prescription at EU Drug store.,0,1,0,0,0,1,0,0,1,1,1
From Queen Huffman,0,0,0,0,0,0,0,0,1,1,0
Slap that ass of hers,0,0,1,0,0,1,0,1,1,1,1
Re: [Python-Dev] Known doctest bug with unicode?,0,0,0,0,0,0,0,0,1,1,0
Academic Superstore: February Specials & New Products,0,0,0,0,0,0,0,0,1,1,0
we cure people,0,0,0,0,0,0,0,0,1,1,0
Re: Code freeze,1,1,0,0,0,0,0,0,1,1,1
Exquisite Replica - Action needed,1,0,0,0,0,1,0,0,1,1,1
The confidence comes in the course of time and the sizes ipy dru hcao,0,0,0,0,0,1,1,0,1,1,1
We congratulate! You our client!,0,0,0,0,0,0,0,0,1,1,0
Re: [opensuse] true news group?,1,0,1,0,0,1,0,0,1,1,1
Which Ones Really Work? We List The Top Penis Enlargement Products! - Action needed,1,0,0,0,0,0,1,0,1,1,1
First-class replica watches at Replica Classics ,0,0,0,0,0,0,0,0,1,1,0
Feel own real men,0,0,0,0,0,0,0,0,1,1,0
New White Paper: Measure your Online Marketing Initiatives with Software as a Service - Urgent,1,0,1,1,1,1,1,0,1,0,1
"[FoRK] An unordered list of thoughts I had during a conference call	with a potential client today ",0,0,0,1,0,0,0,0,1,1,0
All Your Breast Enlargement Info From Top Breast Enlargement Sites.,0,0,0,1,0,0,0,0,1,1,0
Real Enlargement,0,0,0,0,0,0,0,0,1,1,1
"[FoRK] One Laptop Per Child, Give One Get One",0,0,1,0,0,0,0,0,1,1,1
"[Perl Jobs] Senior OO Perl/MySQL Developer, Telecommute (telecommute), United States, CA, Westlake Village",0,0,0,0,0,0,0,0,1,1,0
Guaranteed,0,0,0,1,0,0,0,0,0,1,1
"Chineses suffer from quantity, we enjoy quality zdn aoey nbci",0,0,0,0,0,0,0,0,0,1,0
Re: [Python-3000] python-safethread project status,0,0,0,0,0,0,0,0,1,1,0
View Our Wholesale Rolex Replica Watches Today,0,0,0,0,0,0,0,0,1,1,0
Gorgeous beauty of fashion timepieces,1,0,0,0,0,1,0,1,1,1,1
Our best decision is suitable for every age c lqoz svrg,0,0,0,0,0,0,0,0,1,1,1
Re: is a local IMAP server "remote"?,1,0,0,0,0,0,0,0,1,1,1
Re: [Python-Dev] Invitation to try out open source code review tool,0,1,1,0,1,1,0,1,1,1,1
You've received an E-Greeting,0,0,0,0,0,0,0,0,1,1,0
Re: Simple mailing list,0,1,1,0,0,1,0,0,1,1,1
Regional Managers Needed ,1,1,1,1,1,0,1,0,1,1,1
"\\/\\/atches! rolex, patek philippe, vacheron constantin and others!  a c ef",0,0,0,1,0,0,0,0,1,1,1
pool brig jure shivery inconsistent,0,0,1,1,0,1,0,1,1,1,1
Re: [Python-3000] raw strings and \\u,0,0,0,0,0,0,1,0,1,1,1
Re: [Python-3000] u'text' as an alias for 'text'?,0,1,1,0,1,0,0,0,1,1,1
Get a magic wand to satisfy your lady,0,0,0,0,0,1,0,0,1,1,0
Order Rolex Replica //atches 0nline!   ,0,0,0,0,0,0,0,0,1,1,0
Re: [Python-Dev] Encoding detection in the standard library?,0,0,0,0,0,0,0,0,1,1,0
Rolex replica watch,0,0,0,0,0,0,0,0,1,1,0
Girls this hot are sweet,0,1,0,1,1,1,1,1,1,1,1
 racy car,0,1,0,1,1,0,0,0,1,1,1
High Quality Rolex Replica Watches,0,0,0,0,0,0,0,0,1,1,0
Don't be a fuddy-duddy...use the software everyone's using... ,0,0,0,0,0,0,0,1,1,1,1
CNN Alerts: My Custom Alert,0,0,0,0,0,0,0,0,1,0,0
Which Ones Really Work? We List The Top Penis Enlargement Products!,0,0,0,1,0,0,0,0,1,1,1
123,0,1,0,0,1,1,0,1,1,1,1
BestQualityTakeALookCialis,1,0,0,0,0,0,0,1,1,1,1
Re: ,0,1,0,0,0,0,1,0,1,1,1
CNN.com Daily Top 10,1,1,0,1,1,0,0,0,1,1,1
Click here to purchase high-quality replica watch  - Please verify,0,1,0,0,0,0,0,0,1,1,1
info,0,0,0,0,1,1,1,0,1,1,1
You have an E-Card from...? - Urgent,0,0,0,0,0,1,1,0,1,1,1
New IT Briefing: Virtualization: Rethinking the Windows desktop,1,0,0,0,0,0,0,0,1,1,0
CNN Alerts: My Custom Alert,0,0,0,0,0,0,0,0,1,1,0
Adventures in tape backup,0,0,0,0,0,0,0,0,1,1,0
Enjoy  easy and convenient online ordering process of purchasing with CanadianPharmacy.,0,1,0,0,1,0,0,0,1,1,1
Increase Your Penis Width (Girth) By upto 20%.,0,0,0,0,0,0,0,0,1,1,0
From Georgette Piper,1,0,0,0,0,0,0,0,1,1,1
Generate the best love results here,0,0,0,0,0,0,0,0,1,1,0
[UAI] CfP Evolutionary Intelligence - Special Issue on AIS,0,0,0,1,0,0,0,0,1,1,1
[Python-Dev] Tools\\buildbot\\kill_python.c can't be helping our cause,1,0,1,1,0,1,0,0,1,1,1
Re:,0,0,0,0,1,0,0,0,1,1,1
CNN.com Daily Top 10,0,0,0,0,0,0,0,0,1,1,0
megalomaniac runyon circumlocution revive gwyn,0,0,0,0,0,0,0,0,1,1,0
Your bevy of beauties will astound n foiptl icqsv,0,0,1,0,0,0,0,1,1,1,1
[Python-Dev] Another GSoC Student Introduction,0,1,0,0,0,1,0,1,1,1,1
Replica Rolex Swiss Watches   ,0,0,0,0,0,0,0,0,1,0,0
[PownceAPI] Question about Posting recipient(s),1,0,0,1,0,0,0,0,1,1,1
Re: kurila 1.3 released,0,0,1,1,0,0,0,0,1,1,1
Visit us  and calculate the money you save .,0,0,0,0,0,0,0,0,1,1,0
Startling Brietling watches at Replica Classics   ,1,1,0,0,0,0,0,0,1,1,1
Slap that ass of hers,1,0,0,1,0,1,0,0,1,1,1
Re: [Python-Dev] NeedsReview keyword,1,0,0,0,0,0,0,0,1,1,0
The top rated penis enlarger Proven Results. 100% Guaranteed.,1,1,0,0,0,0,0,0,1,1,1
Re: [PATCH] Bug fix for storing shared objects in shared structures,0,0,0,1,1,1,0,1,1,1,1
[PATCH] Attribute::Handlers till ears are bleeding,1,1,0,0,0,0,1,0,1,1,1
Dream to be a hero in her bed?,0,0,0,0,0,0,0,0,1,1,0
"Hey, hot man, hot woman is waiting for you.",0,0,0,0,0,0,0,0,1,0,0
Re: [Python-3000] Spooky behavior of dict.items() and friends,0,0,0,0,0,0,0,0,1,1,0
[UAI] Wanted: CS and EE majors for graduate studies in Statistics,0,0,0,1,0,0,0,0,1,1,0
Re: [opensuse] Problem with make,1,0,1,0,0,0,1,1,1,1,1
From Gloria Mcgraw,0,1,0,0,0,0,1,1,1,0,1
Millions of bottles sold vurder ak quusjy - Action needed,0,0,1,0,0,1,0,0,1,1,1
"[UAI] Monash Bayesian Reasoning Workshop April, 2006",0,0,0,1,0,1,0,0,1,1,1
Re: [Python-3000] Using *a for packing in lists and other places,1,0,1,1,1,0,0,0,1,1,1
[PownceAPI] Re: Unexpected media.src url in API,0,0,0,0,0,0,0,0,1,1,0
"Re: [Python-Dev] [Distutils] how to easily consume just the parts	of eggs that are good for you",0,0,1,0,0,0,0,0,1,1,0
Premo Medicinal Reductions,0,0,0,1,0,1,1,0,1,1,1
"Your free registration account expires soon - save 25% on purchase	today! - Urgent",0,0,0,0,0,0,0,0,1,1,1
Re: flooded with jr* spam,0,0,0,0,0,0,0,0,1,1,0
[ILUG] openvpn problem - Please verify,0,0,1,0,0,0,0,0,1,1,1
Re: [opensuse] Unstable system - who is the culprit?,0,0,0,0,0,0,0,0,1,1,0
Replica watches from Officine Panerai closest to original   ,0,0,0,0,0,0,0,0,1,1,1
Enjoy The Sex Life You Deserve,1,1,0,1,1,0,0,0,1,1,1
Re: [opensuse] Beagle waste,0,1,0,0,0,0,0,0,1,1,1
"[Spambayes-checkins] spambayes/spambayes CoreUI.py, 1.1.2.6, 1.1.2.7",0,0,0,0,1,0,1,0,1,1,0
Sluttily attractive girls,0,0,1,0,0,0,0,0,0,1,1
Strenghth and power for you.,0,0,0,0,0,1,0,1,1,1,1
CNN.com Daily Top 10,0,1,0,1,0,1,0,0,1,1,1
CNN.com Daily Top 10,0,0,0,0,0,0,0,0,1,1,0
Please re-submit your payment information.,0,0,0,0,0,0,0,0,1,1,0
Special treatment for your beloved,1,0,0,1,0,0,1,1,0,1,1
Karma sutra techniques for G-spots,0,0,0,0,0,0,0,0,1,1,0
Re: [Python-Dev] mmap.flush [was: NeedsReview keyword],0,0,0,0,0,0,0,0,1,1,0
[Bug 4821] issue debug message if rule name duplication is detected,0,0,0,0,0,0,0,0,1,1,0
[UAI] IJCV special issue on Probabilistic Models for Image Understanding,1,0,0,0,0,0,0,1,1,1,1
More length and width,0,0,0,0,0,0,0,0,1,1,0
Re: [Py2exe-users] pyd files,0,0,0,0,0,0,0,0,1,1,0
[opensuse] [Heretic question] Syncing Windows Mobile devices,1,0,0,1,1,0,1,0,1,1,1
[Bug 5731] DB_File locking hangs on Ubuntu feisty / gutsy Linux systems in spamd,0,0,0,1,0,0,0,0,1,1,0
Re: [R] using acf() for multiple columns,0,0,0,1,0,0,0,1,1,1,1
"Re: [opensuse] Novell client install, now K-Menu does not work",0,1,0,0,0,1,0,0,1,1,1
CNN.com Daily Top 10,1,0,0,0,0,0,0,0,1,1,1
Re: [Python-3000] Dict literal bytecode,1,0,0,1,0,0,1,1,1,1,1
Get the Finest Rolex Watch Replica !    - Urgent,0,0,0,0,0,0,1,0,1,1,1
Re: Reading and writing of removed shared memory segments (was: Re: [PATCH] add shmat() and shmdt() to IPC::SysV),0,0,0,0,0,0,0,0,1,1,0
Sandisk 2GB $11 . 19in LCD HDTV $225 . WD 250GB USB HD $109,0,0,0,0,0,0,0,0,1,1,0
Re: [Python-Dev] [Python-checkins] r61403 - python/trunk/Misc/NEWS,0,0,0,0,0,0,0,0,1,1,0
she can never find someone like you.,1,0,0,1,1,0,0,0,0,1,1
CNN.com Daily Top 10,0,0,0,0,0,0,0,0,1,1,0
[perl #47233] Core dump caused by goto ,0,0,0,0,0,0,0,0,1,1,1
Re: [OT] Bogus MX opinions - YES - it works!,0,0,0,1,0,0,0,0,1,1,0
Re: [opensuse] Setting up a mail server,0,0,0,0,0,0,0,0,1,1,0
[Slashdot] Stories for 2008-03-17,0,0,0,0,0,0,0,0,1,1,0
"[Buildbot-devel] [PATCH v2 11/12] Allow authentication to work with	.htpasswd-style files.",1,0,0,0,0,0,0,0,1,1,1
"This Week: Celebrity Desktop: Prince Harry, Red Hot Chili Peppers,	RioHeroes and more...",0,0,1,1,1,1,0,0,1,1,1
"Re: [opensuse] Use entire disk, and not a partition",0,0,0,0,0,0,0,0,1,1,0
Watches for all tastes at Replica Classics online store  ,0,0,0,0,0,0,0,0,1,1,0
[Ip-health] James Surowiecki: Too many stakeholders can be a deal-breaker.,0,0,0,0,0,0,0,0,1,1,0
The bigger tool,0,0,0,0,0,0,0,0,1,1,0
attaining a 20 sent mails per second,0,0,0,0,0,0,0,0,1,1,0
Jenna Jameson wants you as BFF,0,0,0,0,0,1,0,0,1,1,0
NBC11.com's 9am News Update,0,0,0,0,0,0,0,0,1,1,0
Change your sex life with PowerEnlarge! w gdrlii vuvo,0,0,0,0,0,0,0,0,1,1,0
Re: pyzor finally dead?,0,0,0,0,0,0,0,0,1,1,0
Re: [Python-Dev] unscriptable?,0,1,0,0,0,0,1,0,1,1,1
"[ spambayes-Bugs-810344 ] On Mac OS X,	should use 'dbm' instead of gdbm or bsddb",1,0,0,0,0,0,1,0,1,1,1
From Gwendolyn Dalton,0,0,0,0,0,0,0,0,1,1,0
Replica Classics  if looking for magnificent watches,0,0,0,0,1,0,0,0,1,1,0
RE: [doap-interest] Doap NetBeans plugin,0,0,0,1,0,0,0,1,1,1,1
"[Spambayes-checkins] spambayes/spambayes storage.py,1.61,1.62",0,0,0,0,0,1,0,0,1,1,1
CNN Alerts: My Custom Alert,0,0,1,0,0,0,1,0,1,1,1
For: c633a7640c35e4b576aa5126f2c3fb75 Switzerland To Be Devoured By Black Hole,1,0,1,1,0,1,0,0,1,0,1
Extraordinary Pill Deals,0,0,0,0,0,0,0,0,1,1,0
debt consolidation services,0,0,0,0,0,0,1,0,1,1,1
Re: [SM-USERS] Autorespond plugin,1,1,1,0,1,1,1,1,0,1,1
BestQualityPharmInternetPrices,1,1,0,0,0,0,0,0,1,1,1
CNN.com Daily Top 10,0,0,0,0,0,0,0,0,1,1,0
"Re: [opensuse] Use entire disk, and not a partition",0,1,0,0,0,1,1,0,1,1,1
Re: - Action needed,0,1,0,0,1,1,0,0,1,1,1
svn commit: r586008 - /spamassassin/branches/3.2/lib/Mail/SpamAssassin/Plugin/VBounce.pm,0,0,0,1,0,1,0,1,1,1,1
Re: [opensuse] SUSE 10.3 + ATI FireGL 5250 + Latest ATI driver = no 3D efects,0,1,0,1,1,1,1,1,1,1,1
Breathe a new life into your love organ,1,0,1,0,0,0,1,1,1,1,1
CNN.com Daily Top 10,0,0,0,0,0,0,0,0,1,1,0
Re:,1,1,0,1,0,0,0,1,1,1,1
"Don?t doubt, miracles happen!",0,0,1,1,0,0,0,0,1,1,1
Best viagra is here,0,0,0,0,1,1,0,0,0,1,1
CNN Alerts: My Custom Alert,0,0,0,0,0,0,0,0,1,1,0
August playboy centrefold,0,0,0,0,0,0,0,0,1,1,0
[UAI] CFP: Rationality and Knowledge Workshop,0,0,0,0,1,0,0,0,1,1,1
"Hurry, time is running out!",0,0,1,1,0,0,0,0,1,1,1
ALL MAJOR DESIGNER REPLICA W ATCHES!   ,0,0,0,0,0,0,0,0,1,1,0
Join world`s best gambling house,0,0,0,0,0,1,0,0,1,1,1
Thursday,0,0,0,0,0,0,0,0,1,1,1
Re: [python-win32] Threads in COM not given time to execute?,0,1,0,0,1,0,1,0,1,1,1
Re: [Buildbot-devel] Licensing clarification,1,0,0,0,0,0,0,0,1,1,1
Bitpipe KnowledgeAlert,0,0,0,0,0,0,0,0,1,1,0
FW: Scholarships & Awards Advertised - 16 April 2008,1,0,1,1,0,1,1,0,1,1,1
[Slashdot] Stories for 2008-03-03,0,0,0,0,0,0,0,0,1,1,0
Re: [Python-Dev] No __bases__ in dir() - Please verify,0,0,1,1,1,0,1,0,1,1,1
CNN.com Daily Top 10,0,0,0,0,0,0,0,0,1,1,0
[cw-discuss]  Making an MFC application run under Crossover,0,0,0,0,1,0,0,0,1,1,1
[Python-Dev] changing regrtest to handle import errors,0,0,0,1,1,0,0,0,1,1,0
Dont be left behind because of bad helth. - Important,0,0,0,0,0,0,0,0,1,1,1
CNN.com Daily Top 10,0,0,1,0,0,0,0,0,1,1,0
"[UAI] [Mlnet] Machine Learning - Pascal Challenges, April 11-13",0,0,0,0,0,0,0,0,1,1,1
CNN.com Daily Top 10,0,0,0,0,0,0,0,0,1,1,0
Re: [python-win32] Problem in reading MS Outlook mails.,0,0,0,0,0,0,0,0,1,1,1
Re: [opensuse] Online update,0,0,0,0,1,0,0,0,1,1,1
Ravishing Bvlgari watches at Replica Classics    - Please verify,0,0,0,0,0,0,0,0,1,1,1
Stimulate all her secret spots!,1,1,0,1,0,0,0,0,1,1,1
Sports Briefing: Shawn Johnson's gymnastic roots run from Iowa to Beijing - Important,0,1,1,1,0,0,1,0,1,1,1
CNN Alerts: My Custom Alert,0,0,0,0,0,0,0,0,1,1,1
For men with low libidos,0,0,0,0,0,1,1,1,1,1,1
Great stylish gifts,0,1,0,1,0,0,1,1,1,1,1
Return your self-estteme with blue pilule.,0,0,0,1,0,0,0,0,1,1,0
What IT can learn from botnets,0,0,0,0,0,0,0,0,1,1,0
Re: [PATCH] FreeBSD atoll() warning (Was Re: Code freeze),0,0,1,0,0,0,1,1,1,1,1
Vi dient zur Behandlung bei E-problemen ..,0,1,0,0,1,0,0,0,1,1,1
Re: Strange headers on mail from SA users list,0,0,0,1,0,0,0,0,1,0,1
Re: [python-win32] Overlay Icon Question...,0,0,0,0,0,1,0,0,1,1,1
MBA Case Study,0,0,0,0,0,0,0,0,1,1,0
and show how deeply you love him. - Please verify,0,0,1,0,1,0,0,0,0,1,1
"""The Awfulness and Necessity of Cultural Studies""",0,0,0,0,0,1,0,0,1,1,1
Your ex-gf will be begging to come back to her,0,0,0,0,0,0,0,0,1,1,1
Extended courier service delivers everything you order at our chemists. - Please verify,0,1,0,0,0,0,1,0,1,1,1
Your MX Helped Catch A Harvester!,0,0,1,1,1,0,0,1,1,1,1
All will be as you wont,0,0,0,0,0,0,0,0,1,1,1
[Python-3000] svnmerge - three broken tests,0,0,0,0,0,0,0,0,1,1,1
From Kennith Dalton,0,0,0,1,0,0,0,0,1,1,0
Re: [Python-3000] u'text' as an alias for 'text'?,0,0,0,0,0,1,0,1,1,1,1
CNN.com Daily Top 10,0,0,0,1,0,0,0,0,1,1,0
TO:86743211c8ba821b30b288073281da77  Paris Hilton nude on the beach,0,0,0,0,0,0,0,0,1,1,0
jehovah suffice potatoes spin porphyry,0,0,0,0,1,1,0,0,1,1,1
Re: [opensuse] freespace calculation  bug or not,0,1,0,0,0,1,0,0,0,1,1
"Beautiful quartz, water-resistant Replica Watches - Important",0,0,0,0,0,1,0,0,1,1,0
[UAI] Multiple Simultaneous Hypothesis Testing --- Type I and Type II Errors --- Pascal NoE,0,0,0,0,0,1,0,0,1,1,1
Superdelegates?,1,0,0,0,0,0,0,0,1,1,0
[perl #46217] (resent) Typeglobs vs. SUPER:: (Hook::LexWrap failure) ,0,0,1,1,0,0,0,0,1,0,0
Replica watches from Officine Panerai closest to original   ,1,0,0,0,0,0,0,0,1,1,0
"Re: [Python-Dev] [Distutils] how to easily consume just the parts	of eggs that are good for you",0,0,0,1,0,0,0,0,1,1,1
CNN.com Daily Top 10,0,0,0,0,0,0,0,0,1,1,1
Your insatiable chick will be full of pleasure rpykhg k cdr,0,0,0,0,0,0,0,0,1,1,0
EmedsOrderNowFastShipping,1,0,1,1,0,0,0,1,1,1,1
Stylish products for your success,1,0,0,0,1,0,0,1,1,0,1
Your new proportion will keep her satisfied,0,0,0,1,0,0,1,0,1,1,1
save 90% on watches! visit replica store - Urgent,0,0,0,0,0,0,0,0,1,1,1
Re: Re[ydn-delicious] name/Delete Tag Function Not Working,1,0,0,0,1,0,1,0,1,1,1
Immense augmentation of your tool,0,0,0,0,0,0,0,0,1,1,0
Stable results guaranteed,0,0,0,0,0,0,0,0,1,1,0
Looking for a watch? Visit Replica Classics ,0,0,1,0,1,0,0,1,1,1,1
Re: [opensuse] openSUSE 11.0 and the Non-ready KDE4,0,0,0,0,0,0,0,0,1,1,0
RE: FW: License Key for "TripTracker Slideshow - StandardLicense"(share-it! Ref #: 155809345),0,0,0,0,0,1,0,0,1,1,0
re: ???? ??? !,0,0,0,0,0,0,0,0,1,1,0
Guaranteed Erection Fast,0,0,0,0,0,0,0,0,1,1,0
CNN Alerts: My Custom Alert,0,0,0,1,1,1,0,1,1,1,1
"Re: Clearly bogus false positives -- on ""abuse"" contact point, no less",0,0,0,0,0,0,0,0,1,1,0
High Quality Rolex Replica Watches,0,0,0,0,0,0,0,0,1,1,0
Looking for really effective non-surgery penis enlargement method? wgii vzmlpl m,0,0,0,0,0,0,0,0,1,1,0
Re: [FoRK] How does one save a rendered page?,1,0,0,0,0,1,0,0,1,1,1
Re: [Python-Dev] [Python-3000] Code freeze?,0,0,1,0,0,0,0,0,1,1,1
Achieve any length you need,0,0,0,0,0,0,0,0,1,1,0
Re: mailformat troubles (dovecot: stat failed: Not a directory),0,0,0,0,0,0,0,1,1,1,1
Re: [ILUG] ILUG events this week,0,0,0,0,0,0,0,0,1,1,0
Male Enhancement Reviews,1,0,1,0,0,0,0,0,1,1,0
[Slashdot] Stories for 2008-08-06 - Urgent,1,0,0,0,0,0,0,0,1,1,1
CNN.com Daily Top 10 - Important,1,0,0,0,1,1,1,0,1,1,1
What to take for more pleasure at night. LA,0,0,0,0,0,0,0,0,1,1,1
CNN.com Daily Top 10,0,0,0,0,0,0,0,1,1,0,0
Enlarge,0,0,0,0,0,1,1,0,1,1,1
Male enhancing supplement - Important,0,0,0,0,0,0,0,0,1,1,0
Re: [R] how to save an R object selectively?,1,0,0,0,0,0,0,0,1,1,1
New porno Carmen Electra,1,0,1,1,0,0,0,0,1,1,1
Exclusive human health,0,0,0,0,0,0,1,1,1,1,1
Re: [Python-Dev] SVN FAQ for Windows users,0,0,0,0,0,0,0,0,1,1,0
[opensuse] screen lock,1,0,0,0,1,0,0,1,1,0,1
from Courtney Winston,0,0,0,0,0,0,0,0,1,1,0
Why software still sucks,0,0,0,0,0,0,0,0,1,1,0
Submit your payment information.,0,0,1,1,0,1,0,1,0,1,1
There is no cheaper source of original and perfectly working software.,0,1,0,0,0,0,0,0,1,1,1
She will belong to you if you take blue pilules.,0,0,0,0,0,0,0,0,1,1,0
Flawless design rep1!c@s,0,1,0,0,0,0,1,0,1,1,1
Re: False Regexp Matches,0,1,0,1,1,0,0,1,1,1,1
[spambayes-dev] Website updated for 1.1a4,0,0,0,1,0,1,0,1,0,1,1
porno Full for 89f5e051b97dc000872b1eb4a754e390 ,1,0,1,0,0,0,0,0,1,1,0
Re: [SM-DEVEL] Direct SM Plugin download for distro packaging,0,1,1,1,1,0,0,0,1,1,1
Re: SV: [opensuse] Migrate from 32bit to 64bit?,0,0,0,0,0,0,0,0,1,1,0
Re: [opensuse] Difference between Main Repository (OSS) and OSS,0,0,0,0,0,0,0,0,1,1,0
Mego grant suggestion,0,0,0,0,0,0,0,1,1,1,0
MEDITATION OR MEDICATION - lecture by Dr Pranav Pandya - Important,0,0,0,1,1,0,1,1,1,1,1
CNN Alerts: My Custom Alert,0,0,0,1,0,1,0,0,1,1,1
123,1,0,1,0,0,0,1,0,1,1,1
CNN Alerts: My Custom Alert,0,0,0,0,0,0,0,0,1,1,1
CNN Alerts: My Custom Alert,0,0,0,1,1,0,0,0,1,1,1
CNN.com Daily Top 10,0,0,0,0,0,0,0,0,1,1,0
Upgrade your pole to a foot long,0,1,0,0,0,0,0,0,1,1,1
Great pharm shop,0,0,0,0,0,0,0,0,1,1,0
[Python-3000] Adapt pydoc to new doc system,0,0,1,0,0,1,0,0,1,1,1
CFP: Conference on Email and Anti-Spam 2008,0,0,0,0,0,0,0,0,1,1,0
Feeling short? Let VPXL catapult you to the pinnacle of manhood XR,0,0,0,0,0,0,0,0,1,1,0
Re: [Python-Dev] Warn about mktemp once again?,0,0,0,0,0,0,0,0,1,1,0
Best store for mans,1,0,0,0,0,0,0,0,1,1,0
handkerchief wack squad whether squad,0,0,0,0,0,1,0,1,1,1,1
CNN Alerts: My Custom Alert,0,1,1,1,0,0,0,0,1,1,1
CNN.com Daily Top 10,0,0,1,1,0,0,0,0,1,1,0
Re: [FoRK] OpenSocial,0,0,0,0,0,0,0,0,1,1,0
[Python-Dev] Bug in Pickle protocol involving __setstate__,0,0,0,0,0,0,0,1,1,1,1
You've received an E-Greeting,0,0,0,0,1,0,0,1,1,1,1
Giving freedom to the wishes,0,0,0,0,1,0,0,0,1,1,1
Hot nights are guaranteed - Please verify,1,0,0,1,0,0,0,1,1,1,1
Brand names in horology,1,0,0,0,1,0,0,1,1,1,1
Gain 3+ Inches In Length.,0,0,0,0,1,0,0,0,1,1,1
"Re: New schemes vs recycling ""http:"" (Re: Past LC comments	on	draft-ietf-geopriv-http-location-delivery-08)",0,0,0,1,0,0,0,0,1,1,1
[Python-Dev] the release gods are angry at python,0,0,0,0,0,0,0,0,1,1,0
Re: [Python-Dev] How we can get rid of eggs for 2.6 and beyond,0,0,0,1,0,0,0,0,1,1,1
Fun fun fun,0,0,1,0,0,0,1,0,1,1,1
The world's largest online health shop. Q,0,0,1,0,0,0,0,0,0,1,1
"Re: new article, ""A Romp Through Infinity""",0,0,1,0,0,0,0,0,1,1,1
CNN Alerts: My Custom Alert,0,0,0,0,0,1,0,0,1,1,1
[python-win32] Windows Address Book Example ...,0,0,0,0,0,0,0,0,1,1,0
"Re: header_checks handled differently for emails with more than	one recipient?",0,0,0,0,0,0,0,0,1,1,0
Re: [opensuse] Unstable system - who is the culprit?,0,0,0,0,0,0,0,0,1,1,0
Re: Hold mail delivery,0,0,1,0,0,0,0,0,1,1,1
patch for lib/Term/Cap.pm for EBCDIC platform,0,0,0,0,0,0,0,0,1,1,0
Re: [opensuse] Amavis-new,0,1,0,0,0,1,0,1,1,1,1
We offer highest quality remedy. Come check us out,0,0,0,0,0,0,0,0,1,0,0
"DCC digest, Vol 1 #993 - 1 msg",1,1,1,0,0,0,0,1,1,1,1
Re: overload64.t failures,0,0,0,0,0,0,0,0,1,0,0
Here the best that can bring him pleasure,0,0,0,0,0,0,0,1,1,1,1
Re: [ie-rant] Fwd: excellent food article,0,0,0,0,0,0,1,0,1,1,1
Re: [python-win32] FileWatcher,0,1,0,0,0,0,1,0,1,1,1
Best clark offer,0,0,1,1,0,1,0,0,1,1,1
[TechRepublic] Compress a GIF or a JPEG graphic in Photoshop CS3,0,0,0,0,0,0,0,0,1,1,0
[PownceAPI] Re: Copyrights and the like.,0,0,1,0,0,0,0,0,1,1,1
Re:,0,0,0,1,1,0,0,0,1,1,1
Just have a look at our 20 NEW GIRLS today:,0,0,0,0,0,0,0,0,1,0,1
Contracts & Exam papers,0,0,0,1,0,1,0,1,1,1,1
Re: [opensuse] S-ATA hardware RAID controller,0,0,0,0,0,0,0,0,1,1,1
Re: Hotmail DCC listed ???,0,0,0,1,0,0,0,0,1,1,1
High quality models of accessories,1,0,0,0,0,0,0,0,1,1,1
You will make her 5 times a night,1,0,0,0,1,0,0,0,1,1,1
CNN Alerts: My Custom Alert,0,0,0,0,0,0,0,0,1,0,0
Vi dient zur Behandlung bei E-problemen ..,1,0,0,0,0,0,0,1,1,1,1
New video without cowards Penelope Cruz,0,0,0,0,0,0,0,0,1,1,0
PharmAllProductsProducts,0,0,0,0,0,1,0,0,1,1,0
Man's stuff store,0,0,0,0,0,0,0,1,1,1,0
Re: patch@32274 file/find/t/ find.t and taint.t fixes for VMS.,0,1,0,1,0,1,0,1,1,1,1
[UAI] NIPS workshop: Revealing Hidden Elements of Dynamical Systems,0,0,0,0,0,0,0,0,1,1,0
"replica Watches! rolex, patek philippe, vacheron ...   ",0,0,0,0,1,0,1,1,1,1,1
Your Digital Greeting Card is waiting,0,0,1,0,0,1,0,0,1,1,1
[UAI] CfP FOCLASA'05 at CONCUR 2005: Foundations of Coordination  Languages and Software Architectures,0,0,0,0,0,0,0,0,1,1,0
Have wild nights of love back again to life.,1,1,0,0,0,0,1,1,1,1,1
[UAI] 3rd SIPTA School on Imprecise Probabilities: 1st announcement - Important,0,0,0,0,0,0,0,1,0,1,1
Find your love stick gain here,0,0,0,0,0,0,0,0,1,1,0
Re: Slideshow,0,0,0,0,1,0,0,1,1,1,1
"Improbable things happen, too",0,0,0,1,0,0,0,0,1,1,0
Your new dedicated chemist shop.,0,0,0,0,0,0,0,0,0,1,1
Postfix on fake MX - Please verify,0,0,0,0,0,0,0,0,1,1,0
CNN Alerts: My Custom Alert,0,0,1,0,0,0,1,0,1,1,1
Re: maidrop error: Unable to open mailbox (why?),0,0,0,0,0,0,0,0,1,1,0
Positions Accessible - Important,0,0,0,0,0,0,0,0,1,1,0
You our client!,0,0,0,0,0,0,0,0,1,1,0
New evidence shows that results were true  ,1,0,1,0,0,0,0,0,1,1,1
Amend your problem of small dimension,1,1,0,1,1,0,0,1,1,1,1
From Effie Holmes,0,0,0,0,0,1,0,1,1,1,1
[UAI] CFP - ArgMAS 2008: Argumentation in Multi-Agent Systems,1,0,1,1,0,0,0,1,0,1,1
Re: ALL_TRUSTED and DOS_OE_TO_MX,1,0,1,0,0,1,0,1,1,1,1
"""Malformed UTF-8 character"" errors",0,0,0,0,0,0,0,0,1,1,0
Re:,0,0,0,0,0,1,0,0,1,1,1
CNN.com Daily Top 10,0,0,0,0,0,0,0,0,1,1,0
We invite you to the world of happiness!,0,0,1,0,0,0,0,0,1,1,1
Help Stop Premature Ejaculation! ,0,0,1,1,0,0,0,0,1,1,1
"Re: [Python-3000] [Python-Dev] Reminder: last alphas next	Wednesday	07-May-2008",0,0,0,0,0,0,0,0,1,1,0
Re: [Python-3000] os.popen versus subprocess.Popen,0,0,0,0,0,0,0,0,1,1,0
Re: Replace F::S with something truely portable (was Re: CPANPLUS broken again),0,0,0,0,0,0,0,0,1,1,0
Re: [Python-3000] Are bytes object really immutable?,1,0,0,0,0,0,0,1,1,1,1
Re: rule checking environment variable,0,0,0,0,0,0,0,0,1,1,0
Looking for a watch? Visit Replica Classics,0,0,0,0,0,1,0,1,1,1,1
Re: kurila 1.3 released,0,0,0,0,0,0,0,0,1,1,0
RE: Recipient Verification,0,0,1,1,1,1,0,0,1,1,1
TripTracker.net GeoRSS,0,0,0,1,0,0,0,0,1,1,1
Market Opener: Agrium profit more than doubles - Urgent,0,1,0,1,1,1,0,0,1,1,1
99% Automated Auction Income!,0,0,0,0,0,0,0,0,1,1,1
Find out the best enhancement solution,0,0,0,1,1,0,1,0,1,1,1
Re: [opensuse] Strange files,0,0,0,0,0,0,0,0,1,1,1
CNN Alerts: My Custom Alert,0,0,0,0,0,1,1,0,1,1,1
CNN.com Daily Top 10,0,0,0,0,0,0,0,0,1,1,0
How to uselibjingle in my asp.net project?,0,0,0,0,0,0,1,0,1,1,0
Penis Enlargement - Truth,0,1,0,0,1,1,0,1,1,1,1
Re: Very Penis Extended Long 191c440cbca7430a29b447429e6feec8,0,0,0,1,1,0,1,0,0,1,1
[ie-rant] Re: Name that tune...,0,0,0,0,1,0,0,0,1,1,1
Only best free,0,0,0,0,0,0,0,0,1,1,0
"[UAI] Postdoctoral Fellow Position in Machine Learning at TUC, Greece",1,0,0,0,0,0,0,0,1,1,1
"Re: [opensuse] SCO, still a potential problem for Novell?",0,0,1,1,0,0,1,0,1,1,0
Re: relay through gmail,0,0,0,0,0,0,0,0,1,1,0
[R] Variance-covariance matrix for parameter estimates,1,0,0,0,0,0,0,0,1,1,1
Re: [Python-3000] Displaying strings containing unicode escapes,0,0,0,0,0,0,0,0,1,1,0
Katerina age 29 -on dating ,0,0,0,0,0,0,0,0,1,1,0
Re: [Python-3000] what do I use in place of reduce?,1,0,1,0,0,0,1,0,1,1,1
[opensuse] installation via IPv6,0,0,0,0,1,0,0,0,1,1,1
50 ways to meet your lover_cindy184,0,0,0,1,0,0,0,0,1,1,0
Here we go again,0,0,0,0,0,0,0,0,1,1,0
Re: perl5.005_05-MAINT20070902,0,0,0,0,0,0,0,0,1,1,0
"This Week: NBA, Poker Channel, and More...",0,0,0,0,0,0,0,0,1,1,0
Check out our best seller watches,0,1,0,0,0,0,0,0,1,1,1
Change your sex life!,0,0,0,0,1,0,1,1,1,1,1
Re: [R] help with longitudinal data plot,0,0,1,0,0,0,0,0,1,1,0
Re: [opensuse] Defragging: possible?  necessary?,0,0,1,0,0,0,0,0,1,1,0
Regain your attractiveness as a man,1,0,1,0,0,0,1,1,1,1,1
CNN.com Daily Top 10,0,1,0,0,0,0,1,0,1,1,1
CNN.com Daily Top 10,0,0,0,0,0,0,0,0,1,1,1
Re: [opensuse] OpenSuse 11,0,1,0,0,1,1,0,1,1,1,1
The top of fashion fake watches,0,0,0,0,0,0,0,0,1,1,0
Re: [Python-Dev] Decimal(unicode),0,0,0,0,0,0,0,0,1,1,0
CNN Alerts: My Custom Alert,0,0,0,0,0,0,0,0,1,1,0
50mg x 60 pills price,0,0,0,0,0,1,0,0,1,1,1
gtm format,1,1,0,0,1,0,0,1,1,1,1
"Re: [python-win32] win32gui.EnumWindows, documentation?",0,0,1,0,1,0,0,0,1,0,1
Rolex is not for all. Is it for you ?   ,0,0,1,0,0,1,0,1,1,1,1
Re: Time to make multi.uribl.org optional rather than default?,1,0,1,1,0,0,0,1,1,1,1
From Laurie Delgado,0,0,0,0,0,1,0,0,1,1,1
Re: [opensuse] OpenOffice writer nuisance pop up [solved],0,0,0,0,0,0,0,0,1,1,0
Be admired for your true male merits - Action needed,0,0,0,0,0,0,0,0,1,1,1
[UAI] Internship at MERL: Optimizing network transport under uncertainty,1,1,0,1,0,0,0,0,1,1,1
Re: [Python-Dev] PyErr_Warn or PyErr_WarnEx,0,0,0,0,1,1,1,0,1,1,1
CNN.com Daily Top 10 - Action needed,0,0,0,1,0,0,0,0,1,1,1
[duodenalswitch] Digest Number 13722,0,0,0,1,0,0,1,0,1,1,1
CNN.com Daily Top 10,0,0,0,0,0,0,0,0,1,1,0
CNN.com Daily Top 10,0,1,0,1,0,0,0,0,1,1,1
email option,0,0,0,0,0,0,0,0,1,1,0
increase telnet secession count,1,0,0,1,0,1,0,0,1,1,1
[Buildbot-devel] sharing buildsteps,0,0,0,0,0,0,0,0,1,1,0
Last Longer in Bed,0,0,0,1,0,0,0,0,1,1,0
and show how deeply you love him.,0,0,0,1,0,1,1,0,1,1,1
RE: [ie-rant] calling all nerds,0,0,0,0,0,0,0,0,1,1,0
From Ana Franklin,0,0,0,0,0,0,0,0,1,1,0
CNN Alerts: My Custom Alert,0,0,1,0,1,1,0,1,1,1,1
from Art Parra - Please verify,0,0,0,0,0,0,0,0,1,1,0
Re: [Python-3000] Invitation to try out open source code review tool,0,0,1,0,0,0,1,0,1,1,1
Make it large and steady as rock!,0,0,0,0,0,0,0,0,1,1,0
Re: [PATCH] Porting/Maintainers.pm --check added functionality,0,0,0,0,0,0,0,0,0,1,0
"Find the best replica rolex, Jewelry etc. ",0,0,1,0,0,1,0,0,0,1,1
Wanted Growth Enhancement testimonials,0,0,0,0,0,0,0,0,1,1,0
Huge tool to please your lassie,0,0,0,0,0,0,0,0,1,1,0
CNN.com Daily Top 10,0,0,0,1,0,0,0,0,1,1,0
Re: [OT] Yahoo Deferred,0,0,0,0,0,0,0,0,1,1,0
Proven Effective for 72 Hours.,0,0,1,0,0,0,0,0,1,1,0
I want to find serious relations,0,0,0,0,0,0,0,0,1,0,0
Re: [opensuse] What's filling swap,0,0,0,0,0,0,0,0,1,1,0
Smoke [5.10.0] 32017 FAIL(F) MSWin32 WinXP/.Net SP2 (x86/2 cpu),0,0,0,0,0,0,0,0,1,1,0
Astrology.com: Daily Work Horoscope - Action needed,0,0,1,0,0,0,1,0,1,1,1
"Israel Today - August 6, 2008",1,0,0,0,0,1,0,0,1,1,1
Annual Spirituality Week - May 5th to 9th,0,1,1,0,0,1,1,0,1,1,1
Re: sitecustomize.pl pollutes tests,0,0,0,0,0,1,0,0,1,1,1
Re: PathTools beta for testing,0,0,0,0,0,0,0,0,1,1,0
You will make her 5 times a night,0,0,1,1,0,0,0,0,1,1,1
Male enhancing supplement,0,0,0,0,0,0,0,0,1,1,0
Supercharge your libido like never before trv qg bmta,0,0,0,0,0,0,0,0,1,1,0
PG Writing Workshop   ,0,0,0,0,0,0,0,0,1,1,0
CNN Alerts: My Custom Alert,0,0,0,0,0,0,0,1,1,1,0
Re: [UAI] Is it a paradox? - Please verify,1,1,1,0,0,0,0,1,0,1,1
FW: ???? ??? ,0,0,0,0,0,0,0,0,0,0,0
Re:,0,1,1,0,1,1,1,0,1,1,1
"Instead of our old formula, the new one is more concentrated and alot more powerful",0,0,0,0,0,0,0,0,0,1,0
More meat is what you need,0,0,0,0,0,0,0,0,1,1,0
Here best that can bring to you pleasure,0,0,0,0,0,0,0,0,1,1,0
Gain 3+ Inches In Length.,0,0,0,0,0,0,0,0,1,1,1
Re:,0,0,0,0,0,0,0,0,1,0,0
Chronicle search agent: CS & IT,1,0,0,1,1,0,0,0,1,1,1
For every men of different ages unique decision trggfk vqhscn bjwiih,0,0,0,0,0,0,0,0,1,1,0
[UAI] Key terms in logic - Please verify,0,1,0,0,0,0,0,0,1,1,1
Qualitative replica watches for most exacting people   ,0,0,0,0,1,0,0,0,1,1,1
Basic cunninglingus tips,0,0,0,0,0,1,0,1,1,1,1
Re: Test-Harness-Straps (was Re: 5.10 code freeze and dual-life modules),0,0,0,0,0,0,0,0,1,1,0
Re: kurila 1.3 released,0,0,0,0,0,0,0,0,1,1,0
Welche Vi kann ich online beste ..?,0,0,0,0,0,0,0,0,1,1,0
Re: [perl #47233] Core dump caused by goto,0,0,0,0,1,1,0,1,1,1,1
Re:  - Action needed,0,0,0,0,1,0,0,1,1,1,1
US $ 159.95 100mg x 90 pills price,0,0,0,0,0,0,0,0,1,1,0
Re: [ie-rant] Man love Rules!,0,1,0,1,0,0,0,0,1,1,1
Re: [opensuse] Is anyone using an Asrock AM2NF3-VSTA?,0,0,0,0,0,0,0,0,1,1,0
Re: - Please verify,1,0,1,1,0,0,0,0,0,1,1
Rejuvenate your old PC,1,1,1,0,0,0,1,0,1,1,1
Re: [opensuse] Is yum my problem?,0,0,0,1,0,0,0,0,1,1,1
Increase Your Penis Width (Girth) By upto 20%. - Action needed,0,0,1,1,0,1,1,0,1,1,1
Re: [ie-rant] Man love Rules! - Action needed,0,0,0,1,0,0,0,0,1,1,1
CNN.com Daily Top 10,1,0,1,0,0,0,0,1,1,1,1
CNN Alerts: My Custom Alert,0,0,1,0,0,0,0,0,1,0,1
Your Birthday Shout,0,0,0,0,0,0,0,0,1,1,0
"Re: [Python-Dev] Proposal: from __future__ import	unicode_string_literals",0,0,0,0,0,0,0,0,1,1,0
[UAI] RESEARCH POSITIONS AVAILABLE AT PORTO,0,0,0,0,0,0,0,0,1,1,0
CNN.com Daily Top 10,0,0,0,0,0,1,0,1,1,1,1
Purchase cheap Vacheron Constantin replica watch here   ,1,0,0,0,0,0,0,0,1,1,1
[R] Creating an array of lists,0,0,0,0,0,0,0,0,1,1,0
Re: ,1,0,0,1,0,0,0,0,1,1,1
Re: Smoke [5.8.8] 32356 FAIL(XF) freebsd 6.2-RELEASE (i386/1 cpu),0,0,0,0,0,0,0,0,1,1,0
[PownceAPI] Re: Unexpected media.src url in API,0,1,0,0,0,0,0,0,1,1,0
To Men Who Want To Buy Rolex Watches At A Fraction Of The Price,1,0,0,0,1,1,0,0,1,1,1
Ensure your potence and make love everywhere,0,0,1,0,0,0,0,0,1,1,0
The first aid is always ready,0,0,1,0,0,0,0,0,1,1,1
Stunning porno Nicole Richie,0,0,0,0,0,0,0,0,1,1,0
seminar announcement,1,0,0,0,0,0,0,0,1,1,0
[ie-rant] Dancing parrot,0,0,0,0,0,0,0,0,1,1,0
FIghting with illness?,1,1,0,0,0,1,0,1,1,1,1
Re: The 'believe-it' spams,1,1,1,0,1,0,0,1,1,1,1
US $ 119.95 Viagra 50mg x 60 pills buy now - Action needed,0,0,0,0,1,1,0,0,1,1,1
Try and convince - you can be better ror ird ch,0,1,0,0,0,1,0,1,1,1,1
Be not afraid of making changes in your life,1,0,1,0,0,0,1,0,1,1,1
Receipt for Your Payment to animoto.com - Urgent,1,0,1,0,0,1,0,1,1,1,1
postfix service provider?,0,0,0,0,0,1,0,0,0,1,1
[RISKS] Risks Digest 25.06,0,0,0,0,0,0,0,0,1,1,0
[UAI] junior researcher,0,1,0,1,0,0,0,0,1,1,1
Your receipt #5859028869,1,0,0,0,1,1,0,0,1,1,1
The bigger tool,0,0,0,0,0,0,0,0,1,1,0
Re: [ydn-delicious] Strange behaviour : bookmarks disappear and reappear ! - Important,0,0,0,1,0,0,0,0,1,1,0
Re: [Python-Dev] segfault in 2.5.1,1,0,0,0,0,0,0,0,1,1,1
Re: [python-win32] excelRTDServer demo not working,0,0,0,0,0,0,0,0,1,1,1
Be a god of her intimate dreams,1,0,0,1,1,0,0,0,1,1,1
Proven Effective for 72 Hours Free Trial Sample Available Today,0,0,0,0,0,0,0,0,1,1,0
Re: [Python-Dev] socket.try_reuse_address(),1,0,0,0,0,0,1,1,1,1,1
123,0,0,0,0,0,0,0,0,1,1,0
CNN Alerts: My Custom Alert,0,0,1,0,1,0,1,1,1,1,1
Re: [Python-Dev] Compiler used to build Python for Windows,0,0,0,0,0,0,0,0,1,1,0
Compare Top 5 Penis Enlargers - Urgent,0,0,0,0,0,0,1,0,1,1,1
porno Gallery for d2edaed0a9e91129f704d4a6b68ba62b ,0,0,0,0,0,0,0,0,1,1,0
Module::Build xs.t failure information on VMS,1,1,0,0,0,0,0,0,1,1,1
Re: Code freeze,0,1,0,1,0,0,0,1,1,1,1
Re: kurila 1.3 released,0,0,0,0,0,0,0,0,1,1,1
[UAI] Reminder: Registration for AI 2005 is now open,0,0,0,1,1,1,0,1,1,1,1
Change of Date Open Day 2008,0,0,0,0,0,0,0,0,1,1,0
Re: [perl #46463] filetests sometimes do not set _,0,0,0,0,0,0,0,0,1,1,0
Re: [opensuse] Unstable system - who is the culprit?,0,0,0,0,0,0,1,0,1,1,0
CNN.com Daily Top 10,1,0,1,1,1,1,0,0,1,1,1
"Re: [opensuse] Memory leakage, or normal? Was: Huge amount usage of ram memory ( i have 2Gb and free 121 Mb )",0,0,0,0,0,1,0,0,1,0,1
RE: Week 12,0,0,0,0,0,0,0,0,1,1,0
Re: [opensuse] Defragging: possible?  necessary?,0,0,0,0,0,0,0,0,1,1,0
Feeling the real party,0,0,0,0,0,0,0,0,0,1,1
Have wild nights of love back again to life.,1,1,0,1,0,0,0,0,1,1,1
CNN.com Daily Top 10 - Action needed,0,0,0,0,0,0,0,1,1,1,1
"Replica watches, pens, bags and more... Cheap luxury gifts ...   ",0,0,0,0,0,0,0,1,1,1,1
Don't be left behind - enlarge yourself now! ccddk baijch qcr,0,0,0,0,0,0,1,1,1,1,1
From Sallie Richardson,0,0,0,1,0,1,0,0,1,1,0
Your order in processing,0,0,0,0,0,1,0,1,1,1,1
Re: [ie-rant] Going nowhere fast,0,0,0,1,0,0,0,1,1,1,1
Join Our Easter Workshop Today,0,0,0,0,1,0,0,1,1,1,1
Re: New M::B beta on CPAN,0,0,0,0,0,0,0,0,1,1,0
Your ads are not running. - Urgent,1,0,0,0,1,0,0,0,1,1,1
Guaranteed Erection Fast - Important,0,0,0,0,0,0,0,0,1,1,0
CNN.com Daily Top 10,0,0,0,1,0,0,1,0,0,1,1
Re: two instances,1,1,1,1,0,0,0,0,1,1,1
CNN Alerts: My Custom Alert,0,0,0,0,0,0,0,0,1,1,0
RE: [ydn-delicious] "your bookmarks" vs "your favorites",0,0,0,0,0,0,0,0,1,1,0
[ie-rant] Earlier every year,0,0,0,1,1,0,1,0,1,0,1
Reduce your hair lost.,0,0,0,0,0,0,0,0,1,1,0
everybody wants.,0,0,0,0,0,0,0,1,0,1,1
Super buckie suggestion,0,0,0,0,1,1,0,1,1,1,1
ALL MAJOR DESIGNER REPLICA W ATCHES!   ,1,0,1,1,0,0,0,0,1,1,1
Using network tests,1,0,0,0,0,0,0,0,1,1,1
Re: [opensuse] true news group?,0,0,0,0,1,1,1,0,1,1,1
CNN Alerts: My Custom Alert,0,1,1,0,0,0,0,1,1,1,1
Get the cheapest software offer!,0,0,0,1,0,0,0,1,1,1,1
Re: autolearn vs sa-learn / Bayes,0,0,0,0,0,0,0,0,1,1,1
Re: Past LC comments on draft-ietf-geopriv-http-location-delivery-08,0,0,0,1,1,0,0,1,1,1,1
[UAI] Research Fellow Position in Uncertain Reasoning/Planning,0,1,0,0,0,0,0,0,1,1,0
CNN.com Daily Top 10,0,0,0,0,0,0,0,0,1,1,0
[b3ta] "The Favourite Read of the Tapas Bar Nine",0,0,0,0,1,0,0,0,1,1,1
Message to all Staff,1,0,1,0,0,0,0,1,1,1,1
BBC(Bleadperl Breaks CPAN) Today: Devel::Caller (0.11),0,0,0,1,0,0,0,0,1,1,1
whitenos,0,0,0,1,0,0,0,1,1,1,1
Re: [Python-3000] range() issues,0,0,1,0,0,0,1,0,1,1,1
Re: Branching,1,0,0,0,0,0,0,0,1,1,1
Choice IWC replica watches at Replica Classics   ,1,0,1,1,1,1,0,0,1,1,1
RE: ???? ???-??????????!!!,0,1,1,0,0,1,1,0,1,1,1
Re: REPOST of Re: [opensuse] OpenSuse 11,1,0,0,0,0,0,0,1,1,1,1
CNN Alerts: My Custom Alert,0,0,0,0,0,0,0,0,1,1,0
[Slashdot] Stories for 2008-03-08,0,0,1,0,0,0,1,1,1,1,1
CNN.com Daily Top 10,1,0,0,0,0,0,0,0,1,0,0
Re: [opensuse] VirtualBox OSE problmes with openSUSE 10.3,1,1,1,0,0,0,0,0,1,1,1
AvailableHealthyLifeSoftTabs - Important,0,0,0,1,0,0,1,0,1,1,1
Re: [opensuse] Computer does not turn off,0,0,0,0,0,0,0,1,1,1,1
Tuesday Netball (Eclipse) - Fank you :),1,0,0,1,0,1,0,1,1,1,1
Re: [opensuse] bash - why doesn't the tldp bash beginners guide for loop example work?,1,0,1,1,1,0,0,1,1,1,1
Male Enhancement - Urgent,1,0,1,0,0,1,0,1,1,1,1
"Tried ineffective pills, vacuum pumps, and other advertised methods without success? eym jnpmyl o",0,0,0,0,0,0,0,0,1,1,0
From Melanie North,1,0,0,0,0,0,0,0,1,1,0
Re: smtp_connection_cache_destinations by network address,1,0,0,0,0,0,0,0,1,1,0
"Re: [Python-Dev] unittest's redundant assertions: asserts vs.	failIf/Unlesses",0,1,1,1,0,1,0,0,1,1,1
[pywin32-bugs] [ pywin32-Bugs-1540243 ] Doesn't work well as non-admin,0,0,0,0,0,0,0,0,1,1,0
Re: sensitive wiki pages,0,0,0,0,0,0,0,0,1,1,0
A Joke A Day - g c - Please verify,0,0,0,0,0,0,0,0,1,1,1
Reduce your hair lost.,0,0,0,0,0,0,0,0,1,1,0
Re: [Python-3000] Method to populate tp_* slots via getattr()?,0,0,1,0,0,0,1,1,1,1,1
[UAI] Job announcement: Machine Learning group in a major financial company,0,0,0,0,0,0,0,0,1,1,0
Re:,1,0,0,0,0,0,0,0,1,1,0
"[ spambayes-Bugs-1600821 ] Classifier UnicodeDecodeError on wrong	transfer encoding",0,0,0,0,0,0,0,0,1,1,1
CNN.com Daily Top 10,0,0,0,0,0,0,1,0,1,0,1
CNN.com Daily Top 10,1,1,0,0,0,0,1,0,1,1,1
Guaranteed Erection Fast,0,0,0,1,1,1,1,1,1,1,1
Helping Men with low sex drives,1,0,0,1,0,0,0,1,1,1,1
Control your male power,0,0,0,0,0,0,0,0,1,1,1
"Re: [Python-Dev] how to easily consume just the parts of eggs	that	are good for you",0,0,0,0,0,1,0,0,1,1,1
Choice IWC replica watches at Replica Classics   ,0,0,0,0,0,0,0,0,1,1,0
Re: [python-win32] How to create a com_record? - Action needed,0,0,1,1,0,0,0,0,1,1,1
CNN.com Daily Top 10 - Important,0,0,0,0,0,0,0,0,1,1,0
[Python-Dev] Tracing at a more granular level (branch coverage),0,0,0,0,0,0,0,0,1,1,0
rolex cartier omega LV CD chanel gucci ...  ,0,0,0,0,0,0,0,0,1,1,0
"Re: [opensuse] Knetworkmanager, wireless, I'm going nuts :-)",1,0,0,0,1,1,0,1,1,1,1
41 new messages in 20 topics - abridged,0,0,0,0,0,0,0,0,1,1,0
Jaeger-LeCoultre replica watch Luxury isnt a sin ,0,0,0,0,0,0,0,0,1,1,0
Re: [Python-3000] Using *a for packing in lists and other places,0,0,0,0,0,0,0,0,1,1,0
From Laurie Delgado,0,0,0,0,0,0,0,0,1,1,0
Generate the best love results here - Please verify,0,1,0,1,0,0,0,0,0,1,1
Re: [Python-3000] Should int() and float() accept bytes?,1,0,1,0,0,0,0,1,1,1,1
Re: is a local IMAP server "remote"?,1,1,0,0,0,1,0,0,0,1,1
ViagraUSlicensedAllProducts,1,1,0,0,0,0,1,0,1,1,1
Fun fun fun,0,0,0,0,0,0,0,0,1,1,1
[UAI] CFP: 5th Workshop on Modelling and Solving Problems with Constraints,0,0,0,0,0,0,1,0,1,0,1
Re: relay_transport is not working,0,1,0,0,1,0,1,0,1,1,1
Jaeger-LeCoultre replica watch Luxury isnt a sin ,1,0,0,0,1,0,1,0,1,1,1
Re: [Python-Dev] GSoC Student Introduction,0,0,0,0,0,1,0,0,1,1,1
Re: Question about header_checks,0,0,0,0,0,0,0,0,1,1,0
Update Your Billing Information.,0,1,0,0,1,0,0,0,1,1,1
Fun fun fun,1,0,0,0,0,0,0,0,1,1,1
Re: [ILUG] Mounting Windows shares in Linux,0,0,1,0,0,0,0,0,1,1,0
CNN Alerts: My Custom Alert,0,0,0,0,0,0,0,0,1,1,0
Thanks for being  with CanadianPharmacy.,0,0,0,0,0,0,0,0,1,1,0
From Normand Fritz,0,0,0,0,0,0,0,0,1,1,0
Your Account with Google AdWords.,0,0,0,0,0,0,0,0,1,1,0
[UAI] Identifying active paths in a Bayesian network,0,1,1,0,0,0,0,0,1,1,1
svn commit: r584629 - /spamassassin/branches/bug-5293-pluginized-bayes/lib/Mail/SpamAssassin/Plugin/Bayes.pm,0,0,0,0,0,0,0,0,1,1,0
Re: [ILUG] ILUG events this week,1,0,0,0,0,1,1,0,1,1,1
Buy cheap  Canadian drugs and start saving now with CanadianPharmacy.,0,1,1,1,0,0,0,0,1,1,1
Direct message from SpamExperts via web,0,0,0,0,0,0,0,0,1,1,0
Luxurious costume replica watches at ...  ,1,1,0,1,1,0,0,0,1,0,1
The top rated penis enlarger Proven Results. 100% Guaranteed.,0,0,0,1,0,1,0,0,1,1,1
Re: [Py2exe-users] unknown url type: 'c' - Urgent,1,0,0,1,0,1,0,0,1,1,1
"Re: [Python-Dev] Capsule Summary of Some Packaging/Deployment	Technology Concerns",1,0,0,0,0,1,0,0,1,1,1
Sie k&#246;nnen Vi online kaufen,0,1,1,0,0,1,1,1,1,1,1
Inexpensive symbols of swagger society,0,0,1,0,0,0,0,1,1,1,1
and show how deeply you love him.,0,0,0,0,1,0,0,0,1,1,1
What They Don't Want You to Know What it Does to Your Body !,0,0,0,0,0,0,0,0,1,1,0
Order  cheap medications in Canada and save money.   - Action needed,0,0,0,0,0,0,1,0,1,1,1
Re: Restricting internal distribution list: warning: unknown smtpd restriction: "insiders_only",0,0,0,1,0,0,0,0,1,1,0
Re: Challenging Local Sender/Recipient Spam,0,1,1,1,0,0,1,1,0,0,1
123,0,0,1,0,0,0,0,0,1,1,0
Video: Controlling Complexity in Agile and Traditional Development,0,0,0,0,0,0,0,0,1,1,0
Re: [R] Creating an array of lists,0,0,0,0,0,0,0,0,1,1,0
Re: [opensuse] Re: openSUSE Boxed Editions,0,1,1,1,0,1,0,0,1,1,1
You our client!,0,0,0,1,0,0,0,0,1,1,0
CNN Alerts: My Custom Alert - Action needed,1,0,0,1,1,0,1,0,1,1,1
Perfected Substance Offers,0,0,0,0,0,0,0,0,1,1,0
5 ways to buy for your love more passinnate,1,0,0,0,1,0,0,1,1,1,1
CNN.com Daily Top 10,1,1,0,1,0,1,0,0,1,1,1
"ietf-dkim Digest, Vol 108, Issue 2",0,0,0,0,0,0,0,0,1,1,1
mailq shows as empty,0,0,0,0,0,1,0,0,1,1,1
Re: [Python-Dev] Python source code on Bazaar vcs,0,0,0,0,0,0,0,0,1,1,0
[UAI] Visualization of Bayesian Networks? - Please verify,0,1,0,0,0,0,0,1,1,1,1
Re: [opensuse] Computer does not turn off,0,0,0,0,0,0,0,0,1,1,0
LCD HDTV Closeout: 26in $359 . 42in $599 . 47in $1029,0,0,1,0,0,0,0,0,1,1,0
Great news for disenchanted men!,1,0,0,1,0,0,0,0,1,0,1
For men with low libidos,0,0,0,0,0,0,1,0,1,1,1
Be not afraid of making changes in your life,0,0,0,0,0,1,1,1,1,1,1
[Bug 5822]  New: try URIBL_XBL,0,0,0,1,0,0,0,0,1,1,0
Re: - Please verify,0,0,0,0,0,0,1,0,1,1,1
Male Enhancement Reviews,0,0,0,0,1,0,0,0,1,1,1
studious maid dapple multifarious maid,0,0,0,0,0,0,0,0,1,1,0
Re: Lots Of SPAM,0,0,1,0,0,0,0,0,1,1,1
Items for Man's health,0,0,0,0,1,0,0,1,1,1,1
Re: [PATCH] perlfunc/perldiag errors,0,0,1,0,1,0,0,0,1,1,1
Re: Postfix on fake MX,0,1,0,0,0,0,0,0,1,1,0
Re: [Python-3000] what do I use in place of reduce?,0,0,0,0,0,0,0,0,1,1,0
[opensuse] CA/Private Key Questions,0,0,0,0,0,0,0,1,1,1,1
HealthAddtoCartAllProducts,0,0,0,0,0,0,0,0,1,1,0
We congratulate! You our client!,0,1,0,1,1,0,0,1,1,1,1
Weird Stories from NBC11.com,0,0,0,0,0,0,0,0,1,1,0
Italian-crafted Rolex - only $65 - $140!!,0,0,1,0,1,1,0,0,1,1,1
Every night will be a hot steamy night once you have your 10inch schlong! hS,0,1,0,0,0,0,0,0,1,1,1
Excellent-made replica watches from Rolex   ,0,0,0,0,0,0,0,0,1,1,0
Re: [ie-rant] Weekend Break,0,0,1,1,0,0,0,0,1,1,1
"It's time to enlarge your penis choosing the safest, doctor approved method! gnslz ordmuo fe",0,0,0,0,0,0,0,0,1,1,0
Psychologist endorsed products for men,0,1,0,1,0,0,1,0,1,1,1
You have one or more alerts.,0,1,0,1,0,1,0,0,1,1,1
[lwv-healthcare] information source,0,0,0,0,0,0,0,0,1,1,0
RE: [ILUG] Linux-compatible wireless adapters,0,0,0,0,0,0,0,1,1,0,1
Re: [OT] Yahoo Deferred,0,0,0,0,0,0,0,0,1,1,0
CNN.com Daily Top 10,0,0,0,0,0,0,0,0,1,1,0
Re: [Python-3000] range() issues,0,0,0,0,0,0,0,0,1,1,0
Ravishing Bvlgari watches at Replica Classics   ,0,0,0,0,0,0,0,0,1,1,0
[UAI] Eurolan 2007 Summer School - Final Call,0,0,1,1,1,0,0,0,0,1,1
"Start 2008 with a larger, stronger penis with an all natural solution! R",0,0,0,0,0,0,0,0,1,1,0
Some months and women are admired by you xe y fktw,1,0,0,0,0,0,0,0,1,1,0
Make your tool large and really hard,0,0,0,1,0,0,0,0,1,1,0
Huge tool to please your lassie,0,0,1,0,0,1,1,0,1,1,1
Re: [opensuse] libata partition limit,0,0,0,0,0,1,0,0,1,1,1
"TuxOnIce-users Digest, Vol 36, Issue 19",1,0,1,0,0,0,0,1,0,1,1
Re: [opensuse] HP Printer C4380,1,0,0,0,0,1,0,1,1,1,1
Exploit or artifact?,1,1,1,0,0,0,0,0,1,1,1
Excellent improving effect on male health.,0,1,1,0,0,0,0,1,1,1,1
CNN.com Daily Top 10,0,0,1,1,1,0,1,1,1,0,1
Extend your possibilities in your private life bai nic kdw,0,0,0,0,1,1,0,1,1,1,1
Wie kann ich online Vi kauf?,0,0,0,0,0,0,0,0,1,1,0
Girls this hot are sweet - Urgent,0,0,1,1,1,0,0,0,1,1,1
CNN.com Daily Top 10,0,0,0,0,0,0,0,0,0,1,0
Job alert from Massey University,1,0,0,0,0,1,1,1,1,1,1
Are we missing some tests?,0,0,0,0,0,0,0,0,1,1,0
Re: [Fwd: CPAN Upload: J/JS/JSTOWE/Term-Cap-1.10.tar.gz],0,0,0,0,0,0,0,0,1,1,0
"[Perl Jobs] Web Software Engineer (onsite), United States, MA, Boston",0,0,0,1,0,0,0,0,1,1,1
Get worth any girl's attention,0,0,0,0,0,0,0,0,1,1,1
Unique halth stuff,0,0,0,0,0,0,0,0,1,1,1
Re: [PownceAPI] Working with oAuth - Important,0,0,0,0,0,0,0,1,1,1,1
Re: UTF8 flag missing on stringified references,0,0,1,1,0,0,0,0,1,1,1
Coming fast and furious,0,1,0,0,1,0,0,0,1,1,1
"Improbable things happen, too",1,1,1,0,0,1,0,0,0,1,1
Achieve her complete satisfaction,0,1,0,0,0,1,0,0,1,1,1
CNN.com Daily Top 10,1,0,0,0,0,0,0,0,1,1,1
Hold mail delivery,1,0,0,0,0,0,0,0,1,1,1
[Bug 5831] mass-check --server leaves temp files around,1,0,1,1,0,0,1,0,1,1,1
Re: [UAI] Determinism verses chance,0,0,1,1,0,0,0,1,1,1,1
"Re: [Python-Dev] unittest's redundant assertions:	assertsvs.	failIf/Unlesses - Please verify",0,0,0,0,0,0,0,0,1,1,1
RE: [saml-dev] the value of AuthnInstant,0,0,0,0,0,0,0,0,1,1,0
Re: [opensuse] amavisd warning failure?,0,0,0,0,0,0,0,0,1,1,1
Re:,0,0,0,0,0,1,0,0,1,0,1
New at Novell ZENworks Cool Solutions,0,0,0,0,0,0,0,0,1,1,0
Re: Conditional SMTP Authencation,0,0,0,0,0,0,0,0,1,1,0
fashionable replica watches - Please verify,1,1,0,0,0,0,0,0,1,1,1
[spambayes-dev] FW: [Spambayes] (no subject),0,0,0,0,0,0,0,0,1,1,0
Re: Change 31996: Right. So fixing [] and {} not to leave extra references was not enough,0,0,1,0,0,0,1,0,1,1,1
Triptracker Slideshow - a couple of questions,0,0,1,0,0,0,0,1,1,1,1
Celebrate a victory in love,0,0,1,1,0,1,0,0,1,1,1
IDG Connect's Tech Tuesday,0,0,0,0,0,0,0,0,1,1,0
Re: [opensuse] true news group?,0,1,0,0,1,0,0,0,1,1,1
[UAI] CFP: CIDM-07 Special Session on New Directions and Challenges of Near-Duplicate Detection - Please verify,0,0,0,0,0,1,1,0,1,1,1
A megasite for easy and  convenient ordering. - Important,0,1,0,0,0,1,0,1,0,1,1
[SM-USERS] Broken national chars in replies from squirrelmail,0,0,1,1,1,0,0,1,1,1,1
video Kick-up for 89f5e051b97dc000872b1eb4a754e390 ,0,0,0,0,0,0,0,0,1,1,0
[clamav-virusdb] Update (daily: 5770),0,1,0,0,0,0,0,0,0,1,1
Today's Activity (Wednesday 5th March),0,0,1,1,0,0,0,0,1,1,1
Re: [FoRK] awesome firefox extension,0,0,1,0,0,0,0,0,1,1,0
Re: [Python-Dev] unscriptable?,1,1,1,0,0,0,0,0,1,1,1
False positive with scoring I don't understand,0,0,0,0,0,0,0,0,1,1,0
Re: [Python-Dev] string representation of range in 3.0,0,0,0,0,0,0,0,0,1,1,0
Rolex is not for all. Is it for you ?   ,1,0,0,1,0,1,1,0,1,1,1
Allow your rod elongate,0,0,0,1,0,0,0,0,1,1,1
 D.C.,0,0,0,0,0,0,0,0,1,1,0
Dice JobAlert for Agent Primary,0,0,0,0,1,0,0,0,1,1,1
[ILUG] [OT] stuff for sale,0,1,1,0,1,0,0,0,1,1,1
Your chance to have perfect intimate life. - Action needed,0,0,0,0,0,0,0,1,1,1,1
Re: ,1,0,0,0,0,0,0,1,1,1,1
InternetPricesEffectivenessNewOffer - Urgent,1,1,0,1,1,0,0,1,1,1,1
This formula really works xgc vrfvg q,0,0,1,0,0,1,1,1,1,1,1
CNN.com Daily Top 10,0,0,0,0,0,0,0,0,1,1,0
Re: Spamassassin not catching spam - Please verify,0,0,0,0,0,0,0,0,1,1,1
[UAI] CFP _Information Fusion_ (Elsevier) special issue,0,0,0,0,0,0,0,0,0,1,0
123,0,0,0,0,0,0,0,0,1,1,0
Re: [opensuse] Setting up a mail server,0,0,1,1,0,1,0,0,1,1,1
Re: [opensuse] Looking for kdelibs3-3.5.7 for i586 for suse-10.1,0,0,0,0,1,0,0,0,1,1,0
You are the  next to quit.  - Urgent,0,0,0,0,0,0,0,0,1,1,1
123,0,0,0,0,0,0,0,1,1,1,0
Guaranteed increase in length,1,0,1,0,0,1,0,0,0,1,1
Re:,0,0,0,0,0,0,0,0,1,1,0
Really you did not try them?,0,0,0,0,0,0,0,0,1,1,0
"Re: [Python-Dev] Proposal: from __future__ import	unicode_string_literals",0,1,0,0,0,0,0,0,1,1,1
Buy a new Perrelet watch   ,0,0,0,0,0,0,0,0,1,1,0
buildbot failure in mleisi-suse10.2-x86_64 - Action needed,0,1,0,1,0,0,1,0,1,1,1
Penis Enlargement Is Possible ! Learn How and What Products Work,0,0,0,0,0,0,0,0,1,1,0
ok_languages doesn't seem to work,0,0,0,0,0,0,1,0,1,1,1
Your meds market line.,0,0,0,0,0,0,0,0,1,1,1
InternetPricesMedsYourHealth,0,0,0,0,0,0,0,0,1,1,0
Benefit from world know male enhancing products.,0,0,0,0,0,1,0,0,1,1,1
Re:  - Important,0,0,0,0,0,0,0,0,1,1,0
Special issue of news from  Bloomberg! Urgent  Apocalyptic News Usama Ben Laden!,0,0,0,0,1,0,1,1,1,1,1
"Re: Extracting attachments, filenames with spaces ",1,0,0,0,0,0,0,0,1,1,1
Replica Rolex Swiss Watches   ,0,0,0,0,0,0,0,0,1,1,0
Re: [perl #57626] [BUG] perl6 -e 'say "hello"'  ==> Segmentation fault,1,0,0,0,0,0,0,0,1,1,0
Limited edition watch models,0,0,0,0,0,0,0,0,1,1,0
RE: [doap-interest] Doap NetBeans plugin,0,0,0,0,1,0,1,1,1,1,1
123,1,0,0,0,0,0,0,0,1,1,0
 I use a USB hard disk as /home with TuxOnIce since kernel 2.6.19 or so,0,0,0,0,0,0,0,0,1,1,0
CNN.com Daily Top 10,0,0,1,1,0,0,0,0,1,1,1
Re: strange order of log entries,0,0,0,0,0,0,0,0,1,1,0
CustomerSupportPillsYourHealth,0,1,0,1,0,0,0,1,1,1,1
Re: [Python-Dev] Warn about mktemp once again?,0,0,0,0,0,0,0,1,1,1,1
Re:,0,0,1,0,1,0,0,0,1,1,1
For:edd2994ffb157556a462e3d7a09a3240 Britney and Paris Lesbian video,0,0,1,0,1,0,1,0,1,1,1
Get any soft you need without delays. - Important,0,1,0,1,0,0,0,1,1,1,1
[Python-Dev] PEP 365 (Adding the pkg_resources module),0,0,0,0,1,0,0,1,1,0,1
Re: [opensuse] OpenSuse 11 - Urgent,1,1,0,0,1,1,0,0,1,1,1
[UAI] CFP: European Workshop on Probabilistic Graphical Models,1,0,1,0,0,0,0,0,1,1,1
Re: [opensuse] OpenSuse 11,0,0,0,0,0,0,0,0,1,1,0
Re: [python-win32] Windows programing cookbook?,0,0,0,0,0,0,0,0,1,1,0
[UAI] AIME 2007 - Final Announcement,0,0,0,1,0,0,0,0,1,1,0
Re: [ILUG] Where to buy new PC without OS ?,0,0,1,1,0,1,0,1,1,1,1
FW: Planet Sports Tues 19th Feb,0,1,0,1,0,0,0,0,1,1,1
Re: configure failed in tru64,1,0,0,0,0,1,0,0,1,1,1
You Can Enlarge Your Penis By 3" Compare Top 5 Penis Enlargers,0,0,0,0,0,0,0,0,1,1,0
Re: [Python-3000] The release process,0,0,0,0,0,0,0,0,1,1,0
Re: [opensuse] Refresh Sources Question - Action needed,1,0,1,1,0,0,0,0,1,1,1
[UAI] Research and Teaching Position (Danube University Krems),0,0,0,0,1,1,1,1,1,1,1
Big pecker equal more action,0,0,0,0,0,0,0,0,1,1,0
From Alan Stone,0,1,0,0,1,0,0,0,1,1,1
CNN.com Daily Top 10,0,0,0,0,0,0,0,0,1,1,0
CNN Alerts: My Custom Alert,0,0,0,0,0,0,0,0,1,1,0
Re: Branching,0,0,0,0,0,0,0,0,1,1,1
Think You Know Much About "Intimacy"?,0,0,0,0,1,0,0,1,1,1,1
Re: [opensuse] Mounting an vmware virtual disk in Linux.,1,0,1,0,1,1,0,0,1,1,1
Re: [Python-3000] PEP 3108 - stdlib reorg/cleanup,0,0,0,0,0,0,0,0,1,1,0
Re: [Python-Dev] Problems with the new super(),0,0,0,0,0,0,0,0,1,1,0
Catch the eye of every woman,0,0,1,1,1,0,0,1,1,1,1
Classical Bvlgari watches at Replica Classics    - Action needed,1,0,1,1,1,0,0,1,1,1,1
[PATCH] Time::Piece & matherr on qnx4,1,0,0,1,0,0,0,0,1,1,1
[Python-Dev] Debian/alpha test_math failures,0,1,0,0,0,0,0,1,1,1,0
Protected Mail Delivery,0,0,0,0,0,0,0,0,1,1,0
Re: TripTracker Slideshow Question,0,0,0,0,0,0,0,0,1,1,0
"Re: what are the criteria for being listed in	sa-blacklist.current?",0,0,0,0,0,0,0,0,1,1,0
Perfect Substance Deals,0,0,0,0,0,0,0,0,1,1,0
she can never find someone like you.,0,0,0,1,0,1,0,1,1,1,1
Katerina age 29 -on dating ,1,0,0,0,0,0,0,0,1,1,1
More excitement for your lady,0,0,0,0,0,0,0,0,1,1,0
[UAI] DL extended: MCS'2007 under ICCS'2007,0,0,0,0,0,0,0,0,1,1,0
Highly secure 256bit order processing,1,0,0,0,0,0,0,0,1,1,1
Re: [R] defining the distance between axis label and axis,0,0,0,0,0,0,0,0,1,1,0
Re: [Python-Dev] Commit access request,1,0,0,1,1,0,0,0,1,1,1
New revolutionary products to help men,0,0,0,0,0,0,0,0,1,1,0
Brand name meds at dirt cheap price.,0,0,1,0,0,0,0,0,1,1,1
These SOA papers could win you an Apple iPod!,0,0,0,0,0,0,0,0,1,1,0
From Martina Mcconnell,0,0,0,0,0,0,1,1,1,1,1
Omega replica watch Same quality at lower price    - Action needed,0,0,0,0,0,0,0,0,1,1,0
Your chance to have perfect intimate life.,0,0,0,0,0,0,0,0,1,1,1
Re: [Python-3000] The release process,0,0,1,0,0,0,1,1,1,1,1
New size for Men especially for new feelings of women at once scsbr o snc,0,0,0,0,0,0,0,0,1,1,0
Regards,0,0,0,0,0,0,0,0,1,1,0
 he noted. But that is not something a machine is capable of learning -- at least not in his lifetime,1,0,1,1,1,1,0,0,1,1,1
"Wekalist Digest, Vol 61, Issue 3",0,0,1,0,0,0,1,0,1,1,1
FriendlySupportInfoInternationalPharmacy,0,0,1,0,0,0,0,1,1,1,1
Re: [Python-Dev] First green Windows x64 buildbots!,1,1,0,0,0,0,0,0,1,1,1
Irish Web Tech Conf - Update,0,0,0,0,0,0,0,0,1,1,0
[Bug 5817] Poorly faked MTA Received headers (MUA to MX),0,0,0,1,1,1,0,0,1,1,1
123,0,0,1,0,0,0,0,1,1,1,1
Startling Brietling watches at Replica Classics   ,0,0,0,0,1,0,0,0,1,1,0
CNN.com Daily Top 10,0,0,0,0,0,0,0,0,1,1,0
CNN Alerts: My Custom Alert,0,0,0,0,0,0,0,0,1,1,0
Looking for a watch? Visit Replica Classics ,0,0,0,0,0,0,0,0,1,1,0
Most girls love large organs,0,0,1,0,0,0,0,0,1,1,1
Renowned watches reproduced for you,0,1,0,0,0,1,1,0,1,1,1
Re: [rt.cpan.org #30782] "Used only once" warning under perl 5.10,1,1,1,0,1,0,1,1,1,1,1
Ref No: MELI-T/ 17-F044262312,0,0,1,1,0,0,1,1,1,1,1
Top Quality Size,0,0,0,1,0,0,1,0,1,1,1
Fast Shipping WorldWide. ,0,0,0,0,0,0,0,0,1,1,0
Your bevy of beauties will astound zinax fveon kw,1,0,0,1,0,0,1,0,1,1,1
Good gayelord suggestion,0,0,0,1,0,1,0,0,1,1,1
"Working with Windows Training - ADVANCED - Wed, 14th May 2008 ",0,0,0,0,0,0,0,0,1,1,0
Re: Being RFC-ignorant... - Please verify,1,1,0,0,1,0,0,1,1,1,1
From Dominique Higgins - Urgent,1,0,1,1,1,0,1,0,1,1,1
[Bug 5675] TextCat sidesteps 'what if I DON'T like language X?',0,0,1,0,0,0,0,0,1,1,0
Help Stop Premature Ejaculation! ,0,0,0,0,0,0,0,0,1,1,0
Be so big you will need new underwear,0,0,0,0,0,0,0,0,1,1,0
CNN.com Daily Top 10,0,0,0,0,0,0,0,0,1,1,0
rolex watches,0,0,0,0,0,0,0,0,1,1,0
Re: BBC(Bleadperl Breaks CPAN) Today: SQL::Translator (0.08001) - Important,0,0,0,0,0,0,0,0,1,1,0
[UAI] CFP: ACL 2005 Workshop on Feature Engineering for Machine Learning in NLP,1,0,1,1,1,1,1,0,1,1,1
svn commit: r586723 [1/2] - /spamassassin/rules/trunk/sandbox/jm/20_sought.cf - Please verify,0,0,0,0,0,0,0,0,1,1,1
Guaranteed Erection Fast,0,0,0,0,1,1,0,0,1,1,1
"Make the Impossible, Possible. Enlarge your Penis by 3"" in Weeks!",0,0,0,0,0,0,0,1,1,1,0
[opensuse] Is anyone using an Asrock AM2NF3-VSTA?,0,1,1,0,0,0,0,0,1,1,1
CNN.com Daily Top 10,0,0,0,0,0,0,0,0,1,1,0
[clamav-virusdb] Update (daily: 5744) - Important,0,0,0,1,1,0,1,0,1,1,1
For:ee6926e026081dad6db64da282e6de22 Britney and Paris Lesbian video,0,0,0,1,1,1,0,0,1,1,1
[clamav-virusdb] Update (daily: 6124),0,0,0,0,0,0,0,0,1,1,0
Brand name meds at dirt cheap price.,0,0,1,0,0,0,1,1,1,1,1
Your recipe for successful love  Ym,0,0,0,0,0,1,1,0,1,1,1
Re: [-.ext.B.t]optree_misc.t failure on VMS in blead@32181,0,1,0,0,0,1,1,0,1,1,1
RE: patch for ext/IO_Compress_Zlib/t/101truncate-deflate.t for EBCDIC platform,0,0,0,0,0,0,0,0,1,1,0
*3 FREE Bottles Of VPXL !! ,1,0,0,0,0,1,0,0,1,1,1
[UAI] Postdoc positions at Oregon State University,0,1,1,0,0,1,0,0,1,1,1
CNN.com Daily Top 10,0,0,0,0,0,0,0,0,1,1,0
Re: [opensuse] openSUSE 11.0 and the Non-ready KDE4,0,0,0,0,0,0,0,0,1,1,1
Re: [ILUG] VIA EPIA server,0,1,0,0,0,1,0,0,1,1,1
I want sale you rolex . Do you want one? ,1,0,1,0,1,1,1,0,1,1,1
Don?t leave her dissatisfied,0,0,0,0,0,0,0,0,1,1,0
Buy a new Perrelet watch   ,0,0,0,0,0,0,0,0,1,1,1
Changes to the maps API without updating the documentation!,0,0,0,1,0,0,0,0,1,1,1
A modification suggestion - Please verify,0,0,0,0,0,0,0,0,1,1,1
"replica Watches! rolex, patek philippe, vacheron ...   ",0,1,1,1,0,0,0,0,1,1,1
For:42fcb2d48c638c1153ec87d1a563ac0f Boy Loses Arm in Gator Attack,1,1,1,0,0,0,0,0,1,1,1
From Tim Sherman,1,1,0,1,0,0,0,0,1,1,1
CNN.com Daily Top 10,1,1,0,0,1,0,1,0,1,1,1
Jenna Jameson wants you as BFF,0,0,1,0,0,0,0,0,1,1,0
Gain 3+ Inches In Length. - Urgent,0,0,0,0,1,1,1,0,1,1,1
Re: [Python-3000] gettext,0,1,0,0,1,0,0,1,1,1,1
Re: [Python-3000] binascii.crc32 vs zlib.crc32,0,0,0,0,0,0,0,0,1,0,0
Re:,0,0,0,0,0,0,0,0,1,1,0
Succeed in close relationships,0,0,0,0,0,0,0,0,1,1,0
CNN.com Daily Top 10,0,1,1,0,0,0,0,0,0,1,1
[UAI] Combining probability and logic: conference,0,0,0,0,0,0,1,1,1,1,1
CNN.com Daily Top 10,0,0,0,0,0,0,0,0,1,1,0
Re: 5.10 code freeze and dual-life modules,0,0,0,0,0,0,0,0,1,1,0
Help Stop Premature Ejaculation! ,0,0,0,0,0,0,0,0,1,1,0
A true godsend to your little soldier of love,0,0,0,0,1,0,0,0,1,1,1
"ietf-dkim Digest, Vol 108, Issue 2",0,0,1,0,0,0,0,1,1,1,1
Learn how to prolonge your pleasure in bed. I,0,0,0,0,0,0,1,1,1,1,1
Re: [perl #46579] (Documentation?) Bug with 'last',0,0,1,0,0,0,0,0,1,1,1
Five start health products,0,0,1,0,1,0,0,0,1,1,1
CNN Alerts: My Custom Alert,0,0,0,0,0,0,0,0,1,1,0
"Re: [Python-Dev] [Distutils] how to easily consume just the parts	of eggs that are good for you",0,0,0,0,0,0,0,0,1,1,0
Re: selective greylisting based on user preference - Please verify,0,0,0,0,0,0,1,0,1,1,1
"Python at Sun's CommunityOne May 5, 2008",0,0,0,1,0,0,0,1,1,1,1
New possibility to satisfy her dreams immediately sywqr ffhd jkqysk,0,1,0,1,1,0,0,1,1,1,1
[UAI] UAI-2004 Proceedings: Announcement,0,0,0,0,0,0,0,0,1,1,0
Womens wish list for men,0,0,0,0,0,0,0,0,1,1,0
[Bug 5644] Message sends BodyEval::check_stock_info into hard loop,1,0,0,0,0,0,0,0,1,1,1
Re: [Python-Dev] Python XML Validator,0,0,0,0,0,0,0,0,1,1,0
Re: [opensuse] Update mirror sites?,1,0,0,0,0,0,0,0,1,1,1
[UAI] SUM 2007 Call for Participation,0,0,1,0,0,0,0,0,1,1,0
SoftTabsForCustomersShipping,0,0,0,0,0,0,0,0,1,1,0
in processing....,0,0,0,0,0,0,0,0,1,1,0
Elegance in details- stylish accessories for ladies and gentlemen.,1,0,0,0,0,1,0,0,1,1,1
CNN.com Daily Top 10,0,0,0,0,0,0,0,0,1,1,0
ANN: python-ldap-2.3.2,0,1,0,0,0,0,0,0,1,1,0
Re: possible to avoid slowdown on large m//g? - Please verify,0,0,0,0,0,0,0,0,1,1,1
Someone sent you an Ecard.,0,0,0,0,0,0,0,0,1,1,0
[perl #46747] regexp inconsistency ,0,0,0,0,0,0,0,0,1,1,0
Re: [opensuse] Defragging: possible?  necessary?,0,0,0,0,0,0,0,0,1,1,0
6 new messages in 1 topic - abridged,0,0,0,0,0,0,0,0,1,1,0
Helping Men with low sex drives,0,0,0,0,0,0,0,0,1,1,0
">+=+=+=+=+=+=+=+=+=+=+=+=+=+=+=+=+=+=+=+=+=+=+=+=+=+=+=+=+=+= >THE DAILY TOP 10 >from CNN.com >Top videos and stories as of: Aug  1, 2008  3:58 PM EDT >+=+=+=+=+=+=+=+=+=+=+=+=+=+=+=+=+=+=+=+=+=+=+=+=+=+=+=+=+=+= TOP 10 VIDEOS 1. MONTAUK 'MONSTER' http://www.cnn.com/video/partners/email/index.html?url=/video/us/2008/07/31/moos.montauk.monster.cnn Is it a devil dog? Is it a turtle? Is it the Montauk Monster? CNN's Jeanne Moos asks, ""what is this thing?"" 2. RACY PHOTOS OF TODDLER'S MOM http://www.cnn.com/video/partners/email/index.html?url=/video/crime/2008/07/31/ng.racy.photos.cnn 3. NEWS OF THE ABSURD EPISODE 54 http://www.cnn.com/video/partners/email/index.html?url=/video/podcasts/absurd/site/2008/08/01/nota.episode.54.cnn 4. POLICE BEATING DISPUTE http://www.cnn.com/video/partners/email/index.html?url=/video/us/2008/07/31/levs.police.video.cnn 5. MOM PLEADS FOR GIRL'S RETURN http://www.cnn.com/video/partners/email/index.html?url=/video/crime/2008/08/01/hill.boss.reigh.plea.cnn 6. DEFENDANT FAKES HEART ATTACK http://www.cnn.com/video/partners/email/index.html?url=/video/crime/2008/08/01/dnt.fake.heart.attack.mxf.whio 7. KILLER CARRIED VICTIM'S HEAD http://www.cnn.com/video/partners/email/index.html?url=/video/world/2008/07/31/natpkg.can.bus.decapitation.ctv 8. MURDER CONFESSION RECANTED http://www.cnn.com/video/partners/email/index.html?url=/video/world/2008/08/01/blake.brazil.teen.murder.itn 9. ANTHRAX SUSPECT'S HOME http://www.cnn.com/video/partners/email/index.html?url=/video/us/2008/08/01/von.dr.bruce.ivins.home.cnn 10. HECKLERS INTERRUPT OBAMA TALK http://www.cnn.com/video/partners/email/index.html?url=/video/politics/2008/08/01/sot.fl.obama.protesters.baynews9 TOP 10 STORIES 1. SUSPECT IN BEHEADING IDENTIFIED http://www.cnn.com/2008/WORLD/americas/08/01/canada.beheading/index.html Canadian police say Vince Weiguang Li, 40, of Edmonton is charged with second-degree murder in the beheading of a man on a bus. 2. JUDGE TAKEN OFF LAST JENA 6 CASES http://www.cnn.com/2008/CRIME/08/01/jena6.appeal/index.html 3. PEOPLE MAG GETS PITT-JOLIE PIX http://www.cnn.com/2008/SHOWBIZ/Movies/08/01/brangelina.photos.ap/index.html 4. ATTACK IN TORONTO CALLED RACIAL http://www.cnn.com/2008/WORLD/americas/08/01/canada.attack.ap/index.html 5. IREPORTERS' UNUSUAL NAMES http://www.cnn.com/2008/LIVING/08/01/unusual.names.irpt/index.html 6. MOTHER PLEADS FOR CHILD'S RETURN http://www.cnn.com/2008/CRIME/08/01/rockefeller.kidnapping/index.html 7. KARADZIC: I MADE DEAL WITH U.S. http://www.cnn.com/2008/WORLD/europe/08/01/karadzic.trial/index.html 8. SUSPECT ARRESTED IN SWIM KILLINGS http://www.cnn.com/2008/CRIME/08/01/wisconsin.shooting.ap/index.html 9. ANTHRAX SUSPECT APPARENT SUICIDE http://www.cnn.com/2008/CRIME/08/01/anthrax.death/index.html 10. MCCAIN: OBAMA CRITICISM 'FAIR' http://www.cnn.com/2008/POLITICS/08/01/campaign.wrap/index.html CNN, The Most Trusted Name in News >    Cable News Network LP, LLLP.                       < >    One CNN Center, Atlanta, Georgia 30303             < >    2008 Cable News Network LP, LLLP.                  < >    A Time Warner Company.                             < >    All Rights Reserved.                               < ========================================================= =   Please send comments or suggestions by going to     = =           http://www.cnn.com/feedback/                = =                                                       = =      Read our privacy guidelines by going to          = =         http://www.cnn.com/privacy.html               = ========================================================= You have agreed to receive this email from CNN.com as a result of your CNN.com preference settings. To manage your settings, go to: http://www.cnn.com/linkto/bn.manage.html To unsubscribe from the Daily Top 10, go to http://cgi.cnn.com/m/clik?e=62f73b75923b64042f1e88cf1bf89663@gvc.ceas-challenge.cc&l=cnn-dailytop10 - Urgent",0,0,0,0,0,0,0,0,1,1,0
Because most men cannot satisfy their women,0,0,0,0,0,0,0,0,1,1,1
Wing IDE 3.0.5 released,0,0,0,0,0,1,0,0,1,1,1
PathTools beta for testing - Please verify,1,0,0,0,0,1,1,0,1,1,1
CNN.com Daily Top 10,0,0,0,0,0,0,0,0,1,1,0
Re: [Python-Dev] [Python-3000]  No releases tonight,0,0,1,0,0,0,1,0,1,1,1
Male Enhancement Reviews,0,0,0,0,0,0,0,0,1,1,0
Re: [FoRK] Book Mooch,0,0,0,1,0,1,1,0,1,1,1
Are remote workers a network security risk?,0,0,0,1,0,0,0,0,1,1,1
Gradual but stable results,0,0,0,0,1,0,0,0,1,1,0
[Python-3000] refleaks,0,0,1,1,0,0,0,0,1,0,1
Re: [Python-Dev] No releases tonight,1,1,0,0,0,0,0,0,1,1,1
Generate the best love results here,0,0,0,0,0,0,0,0,0,0,0
CNN Alerts: My Custom Alert,0,0,0,0,0,0,0,0,1,1,0
Sluttily attractive girls,0,0,0,0,0,0,0,0,1,1,0
CNN.com Daily Top 10,0,0,0,0,0,0,0,0,1,1,0
Buy a new Perrelet watch   ,0,0,1,1,1,0,0,1,1,1,1
Re: [Python-3000] Spooky behavior of dict.items() and friends - Action needed,0,1,1,0,1,0,0,1,1,1,1
Re: [Python-Dev] fixing tests on windows,0,0,0,0,0,0,0,0,1,1,0
CNN Alerts: My Custom Alert,0,0,0,0,0,0,0,0,1,1,0
CNN.com Daily Top 10,0,0,0,1,0,0,1,0,1,1,1
Exclusive stuff for mans - Action needed,0,1,1,0,0,0,0,0,1,1,1
[Slashdot] Stories for 2008-04-13,1,1,0,0,0,0,0,0,1,1,1
[UAI] CFP:  FLAIRS 2005--Special Track on Uncertain Reasoning - Urgent,0,0,0,0,0,0,0,1,1,1,1
CNN.com Daily Top 10 - Please verify,0,0,0,0,1,1,0,1,1,1,1
Re: Net/Ping/t/510_ping_udp.t fails on Windows Vista,1,0,0,0,0,0,1,1,1,1,1
Coming fast and furious,0,0,0,0,0,0,0,0,1,1,0
Re: [opensuse] Advice on new hardware,0,0,0,0,0,0,0,0,1,1,0
Direct message from SpamExperts via web,0,0,0,0,1,0,0,1,1,1,1
Re: [PATCH] Bug fix for storing shared objects in shared structures,0,0,0,1,0,0,0,0,1,0,1
From Cecile Vega,1,0,1,0,0,0,1,0,1,1,1
Replica watches from Officine Panerai closest to original   ,0,1,0,0,0,1,0,0,1,1,1
Re: [opensuse] Localhost:631 is Not Found,1,0,0,0,0,0,1,0,1,1,1
Health world,0,0,0,0,0,0,0,0,1,1,0
"Re: [opensuse] Re: Need a tool like mmv, but to generate sequential names",0,1,1,1,0,1,0,0,1,1,1
Re: server is rejecting mail from single domain,0,0,0,0,0,0,0,0,1,1,0
Re: [Python-Dev] Fixing buildbot/external(-amd64).bat files on Windows - Action needed,0,1,0,1,0,0,0,0,1,1,1
Ranking And Reviews Of The Top 5 Penis Enlargement Products! - Urgent,0,1,0,0,0,0,0,0,1,1,1
[Py2exe-users] py2exe & IIS problem,1,0,0,1,0,0,0,0,1,1,1
Re: [Python-3000] [stdlib-sig] PEP 3108 - stdlib reorg/cleanup,0,0,0,0,0,0,0,0,1,1,0
[SM-USERS] Hidden folders?,0,0,0,0,0,0,0,0,1,1,0
Re: [Python-Dev] Python 2.6 and 3.0 ...and applink.c? - Please verify,1,0,0,0,0,1,0,0,1,1,1
Re: [opensuse] Online update,0,0,0,0,0,1,0,0,1,1,1
"V, Produktbeschreibungen ..",0,0,1,0,0,0,0,1,1,1,1
Solving the Top Five IT Security Audit Issues,0,0,1,1,0,0,0,1,1,1,1
CNN Alerts: My Custom Alert,1,0,1,1,1,1,0,0,1,1,1
"Re: [Python-Dev] Proposal: from __future__	import	unicode_string_literals",0,0,0,0,0,0,0,0,1,1,0
Re: [opensuse] openmotiff22-libs always avail for update even I set it to taboo,0,0,0,0,0,0,0,0,1,1,0
Re: [spambayes-dev] Subversion conversion?,0,0,0,0,0,0,0,1,1,1,0
First-class replica watches at Replica Classics ,0,0,0,1,0,0,0,0,1,1,0
"Versatile, Colorful Tubs Work Hard Indoors and Out",0,0,1,0,1,0,1,1,1,1,1
CNN Alerts: My Custom Alert,0,0,0,1,0,1,0,0,0,1,1
Don't want to buy their shops unknown in the stores?,0,0,0,0,0,0,0,0,1,1,0
Replica Classics trendy replica watches for you   ,1,0,0,0,0,0,0,0,1,1,0
CNN Alerts: My Custom Alert,0,0,0,0,0,0,0,0,1,1,0
How to get the attention of recruiters ,1,0,0,0,0,0,0,0,1,1,0
ANN: python-ldap-2.3.2,0,0,0,1,0,0,1,0,1,1,1
CNN Alerts: My Custom Alert,0,0,0,0,1,0,0,0,1,1,1
Penis Enlargement Is Possible ! Learn How and What Products Work,0,0,0,0,0,0,0,0,1,1,0
[UAI] [ESSLLI 2006] Second Call for Course and Workshop Proposals,0,0,0,0,1,0,1,0,1,1,1
Re: [opensuse] Recent kernel update(s) failed,1,0,0,1,1,0,0,0,1,1,1
SV: SV: [opensuse] Migrate from 32bit to 64bit?,0,0,0,0,1,1,1,0,1,1,1
"Instill fear in you lady tonight, with VPXL inspired cock's might! o",0,0,0,0,0,0,0,0,1,1,0
Impress her with your huge boner,0,0,0,0,0,0,0,0,1,1,0
Which Ones Really Work? We List The Top Penis Enlargement Products!,0,0,0,0,0,0,0,0,1,1,0
Your insatiable chick will be full of pleasure,0,0,1,0,0,0,0,0,1,1,0
[spambayes-dev] 1.1b1?,0,0,0,0,0,0,0,0,1,1,0
Re: [Python-3000] what do I use in place of reduce?,0,0,0,1,0,0,0,1,1,1,1
Re: [Python-3000] Reminder: last alphas next Wednesday 07-May-2008,1,0,0,1,1,0,0,0,1,1,1
[Bug 5825] [review] need to update mkrules on 3.2 to match SVN trunk,0,0,0,0,0,1,0,0,1,1,1
Free of charge professional installation consultations could be of great help. Prompt reply on all your requests. Money back guarantee ensures the quality of product.,0,0,0,0,0,0,1,1,1,1,1
New revolutionary products to help men,0,0,1,0,0,0,0,0,1,1,0
Happy Birthday from Your Voice,0,0,0,0,0,0,0,0,1,1,0
CNN.com Daily Top 10,0,0,1,1,0,0,1,1,1,1,1
From Ramiro Faulk,0,0,1,0,0,0,0,0,1,0,1
we cure people,0,0,0,0,0,0,0,0,1,1,0
RE: Week 2,0,0,0,0,0,0,0,0,1,1,0
Good jecho solution,0,0,0,0,0,0,0,0,1,1,0
Re: Code freeze,0,0,0,0,0,0,0,0,1,1,0
Re: - Please verify,1,0,1,0,0,0,0,0,1,1,1
waals roister spectator passport vinyl,1,0,1,1,0,1,0,0,1,1,1
2 interfaces,0,0,1,1,1,0,0,1,1,1,1
Re: [tt] [FoRK] Book guillotining - spine removal for amateurs,0,0,0,0,0,0,1,0,1,1,1
The top rated penis enlarger Proven Results. 100% Guaranteed.,0,0,0,0,0,0,1,0,1,1,1
[PATCH] faster utf(16|32) decode_xs & encode_xs,0,0,0,0,0,0,0,0,1,1,0
Re:,0,0,0,0,0,0,0,0,1,1,0
CNN Alerts: My Custom Alert,0,0,0,0,0,0,0,0,1,1,0
Best ezequiel offer,0,0,0,0,0,0,0,0,1,1,0
"replica Watches! rolex, patek philippe, vacheron ... ",0,0,0,0,0,0,0,0,1,1,0
What are the Biggest Blunders when Building Spreadsheet Apps in Java? - Important,0,0,1,1,0,0,0,1,1,1,1
"Produce Stronger, Rock Hard Erections. ",0,0,1,0,0,0,0,0,1,1,0
from Augusta Sparks,0,0,0,0,0,0,0,0,1,1,0
glassware bunyan eros blackball bunyan,0,1,0,0,0,0,1,0,1,1,1
Direct message from SpamExperts via web,1,1,0,1,0,0,1,0,1,1,1
SoftTabsPharmacyHealthyLife,1,0,1,0,1,0,1,0,1,1,1
Penis Enlargement Is Possible ! Learn How and What Products Work,0,0,0,0,0,0,0,0,1,1,0
CNN Alerts: My Custom Alert,0,0,0,0,0,0,0,0,1,1,0
classify pellet hannah switzer storage,1,1,0,0,0,0,1,0,1,1,1
horsetail blackball gross owly commando,0,0,0,0,0,0,0,0,1,1,0
The bigger tool,1,1,0,0,0,0,0,0,1,1,1
Re: [ie-rant] Fwd: excellent food article,0,0,0,0,0,0,0,0,1,1,1
I want sale you rolex . Do you want one? ,0,0,0,0,0,0,0,0,1,1,0
avaricious flu digress bounce diathermy,0,0,1,0,1,1,0,1,1,1,1
Daily Romantic Horoscope for Singles,0,0,0,1,0,0,0,0,1,1,1
Take it to the seventh heaven of perfect intimate life,1,1,1,1,0,0,1,1,1,1,1
Re:,0,0,0,0,0,0,0,0,1,1,0
CNN Alerts: My Custom Alert - Important,0,0,0,0,0,0,0,0,1,1,0
Very discrete shipping and billing,0,0,0,0,0,0,0,0,1,1,0
Re: [ILUG] Zebra & Quagga,0,0,0,0,0,0,0,0,1,1,0
Exam Barnie - Important,1,1,0,0,0,0,0,0,1,1,1
Script viewer,0,1,0,0,1,0,0,0,1,1,1
helpful for your health.,0,0,0,0,0,0,0,1,1,1,1
[Bug 5800] RFE: rule DATE_CONTAINS_TAB (rule included) - Action needed,0,0,0,0,0,0,0,0,1,1,1
[Bug 5677] [review] New TLD list,0,0,1,0,0,0,0,1,1,0,1
Swell copies of elite watches,1,0,1,0,0,0,0,0,1,1,1
Re: [python-win32] get python install dir,0,0,0,0,0,0,0,0,1,1,0
Beyonce,0,0,0,1,1,0,0,0,1,1,1
[UAI] [Mlnet] HIS'05 - Final Call for Papers,1,0,0,0,1,0,1,0,1,1,1
Goodiest chrisse offer,1,0,0,0,0,0,0,1,1,1,1
Penis Enlargement Is Possible ! Learn How and What Products Work,0,1,0,0,0,0,1,0,0,1,1
[UAI] CfP Workshop "Privacy-Enhanced Personalization",0,0,0,0,0,0,0,0,1,1,0
[perl #57680] [CAGE] Problems in find_write_record ,0,1,1,0,0,0,1,0,1,0,1
We congratulate! You our client!,1,0,1,0,0,0,1,1,1,1,1
[opensuse] Firefox Java Plugin,1,0,0,0,0,0,0,1,1,1,1
 Spain Read my story at:   http://www.duodenalswitch.com/Patients/Dina/dina.html See my photos in the Photo Gallery at   http://www.bodybybaltasar.com/ See my ObesityHelp profile at: http://www.obesityhelp.com/member/dinamcb/ [Non-text portions of this message have been removed]           Back to top                       Reply to sender  |                        Reply to group  |                        Reply via web post               Messages in this topic             (5)                     4e.            Re: brain  shrinking       Posted by:      ""aasclvd@aol.com""             aasclvd@aol.com                                          yikes2bnluv                 Sat Feb 9,0,0,0,1,0,0,1,0,1,1,1
CNN.com Daily Top 10,0,0,0,0,0,0,0,0,1,1,0
"[ie-rant] LCD Sound System in Crawdaddy, Sat. 20th Oct",0,0,1,0,0,0,0,0,1,1,0
Re: "Nice girl like to chat" spam ,0,0,0,0,0,0,0,0,1,1,0
Re: Use of reserved word "our" is deprecated,0,0,0,0,0,0,0,1,1,1,1
[UAI] The Reasoner 1(2),0,0,0,0,0,0,0,0,1,1,0
Possess longer and thicker dong! - Important,0,0,0,0,0,0,0,0,1,1,0
Five Blu-ray players for less than $500,0,0,0,0,0,0,0,0,1,1,0
CNN.com Daily Top 10,0,1,0,1,1,0,0,0,1,1,1
Re: Low scores,0,0,0,0,0,0,1,0,1,1,1
Re: (perl-current of 5.9.5) patch for ext/Sys/Syslog/Makefile.PL for EBCDIC platform,0,1,0,1,1,0,0,0,1,1,1
Doctors help men with low libidos,0,0,0,0,0,0,0,0,1,1,0
Re: [opensuse] Opensuse Updater endless Loop - Bad Cups Update?,0,0,0,0,0,0,1,0,1,1,1
CNN.com Daily Top 10 - Action needed,0,0,0,0,0,0,1,0,0,1,1
CNN.com Daily Top 10,0,0,0,0,0,0,0,0,1,1,0
Re: [ILUG] Where to buy new PC without OS ?,0,0,1,0,0,0,0,0,1,1,1
No scoring because of not beeing tested ?,0,0,0,0,0,0,0,0,1,1,0
"Wekalist Digest, Vol 60, Issue 19",0,0,1,0,1,0,0,0,1,1,1
in processing....,0,0,1,1,0,0,0,0,1,1,1
CNN.com Daily Top 10,0,0,0,0,0,0,0,0,1,1,0
G-spot location techniques for men,0,0,0,0,0,0,0,0,1,1,0
Re: postfix-2.5.1 - smtpd logging ":unknown" on client lines,0,0,1,0,1,0,0,0,1,1,1
diffusion blackball lecture nd bezel,1,0,1,0,0,0,0,0,0,1,1
Re: [python-win32] Any interest in a pywin32 open session at PyCon?,1,1,1,1,0,0,0,0,1,1,1
Re: Recipient Verification,0,0,0,1,0,0,1,1,1,1,1
Buy a new Perrelet watch   ,1,1,0,1,1,1,0,0,0,1,1
Please be informed that you should be extremely careful choosing your penis enlargement method.,0,0,0,0,0,0,0,0,1,1,0
CNN.com Daily Top 10 - Action needed,0,0,0,0,0,0,0,0,1,1,0
Enjoy gambling in the most reliable online casino!,0,0,0,0,0,0,0,0,1,1,0
Most reliable replica from Patek Philippe watch here   ,0,0,0,0,0,0,0,0,1,1,0
From Carlo Marsh,0,0,0,0,0,0,0,0,1,1,0
Rolex replica watch,0,0,1,0,0,0,0,0,1,0,0
"ChiPy ~Special~ Monthly Meeting Tuesday, April 15th",0,0,0,0,0,0,0,0,1,1,0
Re: [Python-3000] Spooky behavior of dict.items() and friends,0,0,0,0,0,0,1,0,1,1,1
fashionable replica watches,0,1,1,0,0,0,1,0,1,1,1
How To Enlarge Penis Size,1,1,0,0,0,0,1,0,1,1,1
You've received an E-Greeting - Please verify,0,0,0,0,1,0,1,0,1,1,1
CNN Alerts: My Custom Alert,0,1,1,1,0,0,0,0,1,0,1
[ie-rant] Winehouse @ EMA's,0,0,0,0,0,0,0,0,1,1,0
[PownceAPI] Working with oAuth,0,0,0,1,1,0,0,0,1,1,1
"Beautiful quartz, water-resistant Replica Watches",0,0,0,0,0,0,0,1,1,1,1
Summer cut off on weight losing products.,0,0,0,0,0,0,0,0,1,1,0
Re: [127.0.0.1]: Connection refused),1,1,0,0,0,1,0,0,0,1,1
Re: Broken OO-parent-method call & can(),0,0,1,0,0,1,0,0,1,1,1
"Teco Industry is in the business of corn, wheat, paddy, and",0,0,0,0,0,0,0,0,1,1,0
Unique health items,0,0,0,0,0,0,0,0,1,1,1
Goodiest gunner proposition,0,0,0,0,0,0,0,0,1,1,0
pretentious pittsburgh when connie fireman,0,0,0,1,0,0,0,1,1,1,1
[Python-Dev] Deco,0,0,1,0,1,1,0,1,1,1,1
"[Spambayes-checkins] spambayes/scripts core_server.py,1.1,1.2",0,1,0,1,0,0,0,0,1,1,1
CNN.com Daily Top 10,1,1,0,0,0,0,1,0,1,1,1
"Make the Impossible, Possible. Enlarge your Penis by 3"" in Weeks!",0,0,0,0,0,1,0,0,1,1,1
"[Perl Jobs] Perl Web Developer (onsite), United Kingdom, Essex, Stansted",0,0,0,0,0,0,0,0,1,1,0
Re: [perl #46019] Documentation for 'srand' has a problem in code snippet,0,0,0,0,0,0,0,0,1,1,0
CNN.com Daily Top 10 - Urgent,1,0,1,1,0,0,0,0,1,1,1
Unbelievable changes in your relationships,0,0,0,0,0,0,0,0,1,1,0
"RE: [PATCH] RE: Change 32238: ""Bake"" the values of PERL_REVISION, PERL_VERSION and PERL_SUBVERSION - Action needed",0,1,0,0,1,0,0,0,1,1,1
PharmacyPhentrimineForValuedCustomer - Important,0,0,0,0,0,0,0,0,1,1,1
Planet Sports Draw for Tuesday the 29th April,1,0,1,0,0,1,0,0,1,1,1
*3 FREE Bottles Of VPXL !! ,0,0,0,0,0,0,0,0,1,1,0
A card for you,0,0,0,0,0,0,0,0,1,1,0
Re: [Python-Dev] Problems with the new super(),0,0,1,1,1,0,0,0,1,1,1
"TuxOnIce-users Digest, Vol 36, Issue 14",0,1,0,0,0,0,1,1,0,1,1
[UAI] 2nd CFP: olmh@ESSLLI 2006,0,0,0,0,0,0,0,0,1,1,1
Gain more inches for its length,1,0,0,0,1,0,0,0,1,1,1
helpful for your health.,0,0,0,0,0,0,0,0,1,1,0
"Re: [Python-Dev] annoying dictionary problem, non-existing keys",0,0,0,0,0,0,0,0,1,1,0
"100% Safe To Take, With NO Side Effects. - Please verify",0,0,0,1,1,1,1,0,1,1,1
Prodigious preparation is to your service,1,0,0,1,0,0,1,1,1,1,1
"Limited time offer, get one of three antieds free with every product.",1,1,1,1,0,0,0,0,1,1,1
Re: [Python-Dev] Invitation to try out open source code review tool,0,0,0,0,0,0,0,0,1,1,0
Compare Top 5 Penis Enlargers,1,1,0,1,0,0,0,0,1,1,1
"Re: [Python-Dev] thoughts on having EOFError inherit from	EnvironmentError?",0,0,0,0,0,0,0,0,1,1,0
InfoSoftTabsCustomerSupport,0,0,0,0,0,0,0,1,1,1,1
Mega-huge dimension for you!,0,0,0,0,0,0,1,0,1,1,0
Re: [python-win32] Library not Registered Error while running,0,0,1,0,0,0,0,0,1,1,0
[PownceAPI] Re: Problem with Character Set,0,0,0,0,1,1,1,0,1,1,1
BestsellersBestQualityCustomerSupport,1,1,0,1,1,0,0,0,1,1,1
Doctor Approved And Recommended.,0,0,0,0,0,0,0,0,1,0,0
"Produce Stronger, Rock Hard Erections. ",0,0,0,0,0,0,0,0,1,1,0
Qualitative replica watches for most exacting people   ,0,0,1,0,0,0,0,0,1,1,0
[Python-Dev] No __bases__ in dir(),0,0,0,1,0,0,1,0,1,1,1
From Andy Curran,0,0,0,0,0,0,0,0,1,1,0
Want to make love everywhere? Ask us how. B,0,0,0,0,0,0,0,0,1,1,0
CNN.com Daily Top 10 - Action needed,1,0,0,0,0,0,0,0,0,1,1
"Make the Impossible, Possible. Enlarge your Penis by 3"" in Weeks!",0,0,0,1,0,1,0,0,1,1,1
CNN.com Daily Top 10,0,0,1,0,0,0,0,0,1,1,1
Reach so needed measurement,0,0,0,0,0,0,0,0,0,1,0
Re: priority and order of execution of rules ,0,0,0,0,0,1,0,1,1,1,1
Don't be left behind - enlarge yourself now! fkzr sxomam pjz,0,0,1,0,0,0,1,0,1,1,1
Re: HABEAS_ACCREDITED_COI,0,0,0,0,0,0,1,0,1,1,0
CNN.com Daily Top 10,0,0,0,0,0,0,0,0,1,1,0
Re: [ILUG] Broadband in Dublin,0,1,0,0,0,1,0,1,1,1,1
Re: [opensuse] Intel 3945 Wireless Problem opensuse 10.3 - RESOLVED!,1,0,1,1,0,1,0,0,1,1,1
Re: [UAI] Is it a paradox?,0,0,0,1,0,1,0,0,1,1,1
RE: Out of office - Vacation message,0,0,0,0,0,0,0,0,1,1,0
Replica Classics trendy replica watches for you   ,0,1,0,0,0,0,0,1,1,1,1
Ikaroo Tools CSV files,0,0,0,0,0,0,0,0,1,1,0
Direct message from SpamExperts via web,0,0,0,0,1,0,0,0,1,1,1
Re: [doap-interest] New DOAP repository: doapspace.org - Action needed,0,1,1,1,0,0,0,1,1,1,1
Your effort will be rewarded,0,0,0,0,0,1,0,0,1,1,0
Hurricane Bertha strengthens into Category 3 storm in Atlantic,0,0,0,0,0,0,0,1,1,1,0
Re: The code.google.com/robots.txt blocks other search engines. - Important,0,1,0,0,1,0,0,0,1,1,1
RE: [opensuse] screen lock,1,1,1,0,0,0,0,0,1,1,1
Will programme-makers face justice over premium-rate phone votes?,0,0,0,0,0,1,0,0,1,1,1
CNN.com Daily Top 10,0,0,1,1,1,1,0,0,1,1,1
Startling Brietling watches at Replica Classics   ,0,0,0,0,0,0,0,0,1,1,0
Re: [opensuse] Virtualbox USB Support,0,0,0,0,0,0,0,0,1,1,0
With Vacheron Constantin replica watch time becomes ...   ,0,0,0,0,1,0,0,0,1,1,1
Order  cheap medications in Canada and save money.  ,0,0,0,0,0,0,0,0,1,1,0
Re: [Python-3000] u'text' as an alias for 'text'?,0,1,0,0,0,0,0,0,1,1,1
Re: [opensuse] how can be formated a external USB hard disk in konsole? - Urgent,1,1,1,0,0,0,0,0,1,1,1
CNN.com Daily Top 10,0,0,0,0,0,0,0,0,1,1,0
[Python-Dev] Fwd:  2.6 and 3.0 project management,0,0,0,0,0,0,0,0,1,1,0
You can do all with it,0,0,0,0,0,0,0,0,1,1,0
CNN.com Daily Top 10,0,0,1,0,0,0,0,0,1,1,0
The most exact watch imitations online ,0,1,0,0,0,0,1,0,1,1,1
"Replica watches, bags, pens - Action needed",0,0,0,1,0,0,0,1,1,1,1
[Dixielandjazz] Songwriter,0,0,1,0,0,0,0,0,1,1,0
stitch opossum permalloy mervin styli,0,0,0,0,1,0,0,0,1,1,1
[Python-3000] 3.0 alpha builds break on FreeBSD.,1,0,1,1,0,0,0,0,1,1,1
Keep it up fast and simply.,0,0,0,0,0,1,0,0,1,1,0
Don?t leave her dissatisfied - Urgent,0,0,0,1,1,0,0,0,1,1,1
You can find here all medicines what you want - Important,0,0,0,0,0,0,0,0,1,1,0
TakeALookHealthNewOffer,1,1,1,0,0,1,1,0,1,1,1
Bayes: What am I missing,1,1,0,0,0,1,0,0,1,0,1
Haute couture watch brands copied,0,0,0,0,0,0,0,0,1,1,0
Be admired for your true male merits,0,1,0,0,0,0,0,0,1,1,1
Send him male enhancing products,0,0,1,1,0,1,0,1,1,1,1
CNN.com Daily Top 10,0,1,0,0,1,1,0,0,0,0,1
Re: Bayes - Balance of spam,0,0,0,0,0,0,0,0,1,1,0
Best replica watches from Omega at Replica Classics   ,0,0,0,0,0,0,0,0,1,1,0
[UAI] announcement: 2006 KDD Cup - Important,1,0,0,1,0,0,0,1,1,1,1
RE: [opensuse] Upgrade 10.2 to 10.3 failure,0,0,0,0,0,0,0,0,1,1,0
From August Cobb,0,1,1,0,0,0,0,0,1,1,1
Don't be left behind - enlarge yourself now! vau xj rredz,0,0,0,0,0,0,0,1,1,1,0
Re: [opensuse] Syncing Blackberry on Linux,0,1,0,0,0,0,0,0,1,1,0
Ranking And Reviews Of The Top 5 Penis Enlargement Products!,0,0,0,0,0,0,0,0,1,1,0
Re: [opensuse] Unstable system - who is the culprit?,1,1,1,1,0,0,1,0,1,1,1
G-spot location techniques for men - Urgent,0,0,0,0,0,0,0,1,1,0,1
Re: [Python-Dev] Documentation reorganization,0,0,1,0,1,0,1,0,1,1,1
Re: [perl #47181] Try OO semantics before throwing fatal error,1,0,0,0,0,0,0,0,1,1,0
CNN Alerts: My Custom Alert,0,0,0,0,0,0,0,0,1,1,0
Purchase medications with CanadianPharmacy and enjoy our low prices.,0,0,0,0,0,0,0,0,1,1,0
[UAI] CFP:  GECCO 2005 Undergraduate Workshop,1,0,0,1,1,0,0,0,1,1,1
CNN.com Daily Top 10,0,0,0,1,0,0,0,0,0,1,1
Most reliable replica from Patek Philippe watch here   ,1,0,0,0,0,1,0,0,1,1,1
RE: Postfix fails to stop on server reboot,1,1,0,0,0,1,0,0,1,1,1
Re: [Python-Dev] Code freeze?,0,0,0,0,0,0,0,0,1,1,0
CNN Alerts: My Custom Alert,0,0,0,0,0,0,0,0,1,1,0
Re: [SM-USERS] Default Citation - Please verify,0,0,1,1,0,0,0,1,1,1,1
[ILUG] Zebra & Quagga,0,0,0,0,0,0,0,0,1,1,0
Huge love weapon is never too much,0,0,0,0,0,0,0,0,1,1,0
buy now 50mg x 30 pills $89.95,0,0,1,0,0,0,0,0,1,1,0
Show her your real size,0,0,1,1,1,1,0,0,1,1,1
Re: BBC(Bleadperl Breaks CPAN) Today: PerlPoint::Parser (0.451),0,0,1,0,0,1,0,1,1,1,1
Visit and enjoy !,0,0,0,0,0,0,0,0,1,1,0
Re: [ie-rant] Pc troubles aside - could someone remix this please?? - Urgent,1,0,1,1,0,0,0,0,1,1,1
"replica Watches! rolex, patek philippe, vacheron ... ",0,0,1,0,0,0,0,0,1,1,0
Fast Shipping WorldWide. ,1,0,0,0,0,0,1,0,1,1,1
[Bug 5769] [review] sa-compile: eval failed: Can't find label NO,0,0,0,1,1,0,1,0,1,1,1
"Re: [python-win32] Is Mark Hammond going to produce a new Python	Programming on Win32 book?",0,0,0,0,0,0,0,0,1,1,0
All men's health stuff,0,0,0,0,0,0,0,0,1,1,0
[UAI] FoIKS'08 - Deadline extended,0,0,1,1,1,0,0,0,1,1,1
*3 FREE Bottles Of VPXL !! ,0,0,1,0,1,1,0,0,1,1,1
Internet Explorer 7,0,0,0,0,0,0,0,0,1,1,0
CNN.com Daily Top 10,1,0,1,0,1,0,0,0,1,1,1
few problems with domain,0,0,0,0,0,0,0,0,1,1,0
"Find the best replica rolex, Jewelry etc.  - Urgent",0,0,0,0,0,0,0,0,1,1,0
How To Enlarge Penis Size,0,0,0,0,0,0,0,0,1,1,0
Karma sutra techniques for G-spots,0,1,0,1,0,0,0,0,1,1,1
"Wekalist Digest, Vol 60, Issue 28",0,0,0,0,0,0,0,0,1,1,0
Google Open Social is live at http://code.google.com/apis/opensocial,1,1,0,1,0,0,0,1,1,1,1
Re: [opensuse] Virtualbox USB Support,0,0,0,1,1,0,1,1,0,1,1
debt collector,0,0,0,0,0,0,1,0,1,1,1
"Re: Clearly bogus false positives -- on ""abuse"" contact point, no	less",0,0,0,0,0,0,0,0,1,1,0
Re: [opensuse] Importing a CSV file into Kaddressbook - Action needed,0,0,0,1,0,0,1,0,1,1,1
CNN Alerts: My Custom Alert,0,0,1,1,0,1,0,0,1,1,1
Re: [opensuse]  Re: mounting usb pendriver - openSUSE10.3 / vmware - dmesg doesn't show /dev/<what> - Important,0,0,0,0,0,0,0,0,1,1,0
CNN.com Daily Top 10,0,0,1,0,0,1,0,0,1,1,1
CNN.com Daily Top 10,0,1,1,0,1,0,0,0,1,1,1
[SM-USERS] strange problem with SM - Urgent,1,1,1,1,1,1,0,0,1,1,1
Sandy is now following you on Twitter!,0,0,0,0,0,0,0,0,1,1,0
From Dianne Lord,1,0,0,0,0,1,0,0,1,1,1
Our target is your happy life dajsl c nzzarf,0,0,0,1,0,0,0,0,1,1,1
Enormous gain in length,1,0,1,0,0,1,0,1,1,0,1
Receive Your PMI Membership with Your Certificate in Applied Project Management,0,0,0,0,0,0,0,0,1,1,0
Low Prices On Enlargement.,1,0,0,0,0,0,0,0,1,1,1
CNN Alerts: My Custom Alert,0,0,0,0,0,0,0,0,1,1,0
"Re: [Python-Dev] annoying dictionary problem, non-existing keys",0,0,0,0,0,0,0,0,1,1,0
Enjoy gambling in the most reliable online casino!,0,0,0,0,0,0,1,0,1,1,1
Re: [Python-3000] The case for unbound methods? - Action needed,0,1,0,0,0,1,0,0,1,1,1
 ""shortening"" (in which ,1,0,0,0,1,0,0,0,1,1,1
CNN Alerts: My Custom Alert,0,0,0,0,0,0,0,0,1,1,0
Re: [Python-Dev] r62342 - python/branches/py3k/Objects/bytesobject.c,0,0,0,0,0,0,0,0,1,1,0
Re: Restricting internal distribution list: warning: unknown smtpd restriction: "insiders_only",0,1,0,0,0,0,0,0,1,1,0
"Re: [Python-Dev] Remove ""current"" Windows executables	from	Lib/distutils/command in svn?",0,0,0,1,0,0,0,0,1,1,0
Make women crave for it!,0,0,0,1,0,0,0,0,1,1,1
[UAI] Senior Lectureship in Dubai (with Edinburgh affiliation),0,0,1,1,0,0,0,0,1,1,1
Direct message from SpamExperts via web,0,0,0,0,0,0,0,0,1,1,0
Your receipt #5833521311,0,0,0,0,0,0,0,0,1,1,0
Re: [Python-3000] lambda,0,0,0,0,0,0,0,0,1,1,0
Re:,0,0,0,0,0,0,0,0,1,1,0
I am on-line to help you with all your questions!,0,0,1,1,0,0,0,0,0,1,1
CNN Alerts: My Custom Alert,0,0,0,0,0,0,0,0,1,1,0
CNN Alerts: My Custom Alert,0,0,0,0,0,0,0,0,1,1,0
Best replica watches from Omega at Replica Classics   ,1,0,0,0,1,0,0,1,1,1,1
123,0,0,1,0,0,0,1,1,1,1,1
Re: [python-win32] exception while opening excel file,0,1,0,0,0,0,0,0,1,1,0
Really huge after just 2 months,1,0,1,0,0,0,0,0,1,1,1
phenol papoose steeve laden papoose,1,1,0,0,1,0,0,0,1,0,1
[UAI] CFC: Systems Self-Assembly: Multidisciplinary Snapshots,0,0,0,0,0,0,0,0,1,1,0
Re: sa-learn --ham ground rules,0,0,0,1,1,1,0,0,1,1,1
[massey-all] Massey defining presentations now on video.htm,0,0,0,0,0,0,0,0,1,1,0
From Laurie Delgado,1,0,1,0,0,0,1,0,1,1,1
Re: [opensuse] Harmful SuSE patch is preventing CrossOver from installing - Action needed,1,0,1,0,0,0,1,0,1,1,1
Befriend Jenna Jameson,1,0,0,1,1,0,1,0,1,1,1
Most reliable replica from Patek Philippe watch here   ,0,0,0,0,0,1,0,0,1,1,0
message: Dating site,0,0,0,0,0,0,0,0,1,1,0
Time for good xxxlife has come.,0,0,0,0,1,1,0,0,1,1,1
[clamav-virusdb] Update (daily: 5742),0,1,0,1,0,0,0,0,1,1,1
Get tips to boost your love life. oL,0,0,0,0,0,0,0,0,1,1,1
Male Enhancement Reviews,0,0,0,0,0,0,0,0,1,1,1
CNN.com Daily Top 10,0,1,1,0,1,1,1,1,1,1,1
RE: Recipient Verification,0,0,0,0,0,0,1,1,1,1,1
Get multiple orgasms by increasing  your sperm volume.,0,0,0,0,0,0,0,0,1,1,0
Re: [PATCH] faster Unicode.xs decode_xs,0,0,0,0,1,1,1,0,1,1,1
CNN.com Daily Top 10,0,0,0,0,0,1,0,1,1,1,0
Re: [opensuse] Extensive disk i/o at startup (10.3)(rephrased posting),1,0,1,1,0,0,0,0,1,1,1
Re: access table and unverified hostnames,0,0,0,0,0,0,0,0,1,1,0
How To Enlarge Penis Size,0,0,0,0,0,0,0,0,1,1,0
VisaAcceptedWelcomeWorldwideShipping,0,0,1,0,1,0,0,0,1,1,1
CNN.com Daily Top 10,0,0,0,0,0,0,0,0,1,1,1
candace waterway lignum network complainant,1,0,0,1,0,0,0,0,1,1,1
Re: run-time library vs. compile-time header version mismatch,0,0,0,0,0,0,0,0,1,1,0
Extend your possibilities in your private life lcjokt cutb yqx,0,0,0,0,0,0,0,0,1,1,0
Exclusive Medicinal Alternatives - Urgent,0,0,0,1,0,0,1,0,1,1,1
Re: [Python-Dev] signal.alarm(3) in trunk test_socketserver.py,1,0,1,0,1,0,0,1,1,1,1
CNN.com Daily Top 10,1,0,0,0,0,0,1,0,1,1,1
0ver 3OO $tyles of Replica //atches,0,0,1,1,0,0,0,0,1,1,1
Won't forget last night,0,1,0,0,1,0,1,0,1,1,1
Re: [Python-Dev] Python source code on Bazaar vcs - Action needed,0,1,1,0,0,0,0,0,1,1,1
Re: [opensuse] Desperate Situation,1,0,0,0,0,1,0,1,1,1,1
[UAI] 3rd SIPTA School on Imprecise Probabilities: 1st announcement,0,0,0,1,0,0,0,0,1,1,1
Re: [Python-3000] Strategy for porting to 3.0?,0,0,1,0,1,1,1,0,1,1,1
Re: Smoke [5.10.0] 32308 FAIL(F) openbsd 4.1 (i386/1 cpu),0,0,0,0,0,0,0,0,1,1,0
[python-win32] win32all for win2008?,0,0,0,0,0,0,0,0,1,1,1
Re: SA database?,0,0,0,0,0,0,0,0,1,1,0
Re: [Python-3000] Equality of range objects,0,0,1,0,0,0,0,0,1,1,0
For:9667ba2762be2abb9757e872702aae05 Britney and Paris having fun together. Watch.,0,0,0,0,0,1,0,0,1,1,1
[domainkeys-interop] Re: Dk php implementation help!,0,0,0,0,0,0,0,0,1,1,0
Male Enhancement,0,0,0,0,0,0,0,0,1,1,0
"replica Watches! rolex, patek philippe, vacheron ...   ",0,1,1,1,1,0,0,0,1,1,1
[UAI] Preliminary Call For Papers - SIAM DM 2006,0,0,0,1,0,0,1,0,1,1,1
Mego arin offer,1,0,0,0,0,0,1,0,1,1,1
Account Reactivation.,0,0,0,0,0,1,0,1,1,1,1
CNN.com Daily Top 10,0,1,1,0,1,0,0,0,1,1,1
Just Read What Our Satisfied Customers Say,1,0,0,0,0,0,0,0,1,1,0
she can never find someone like you.,0,0,1,0,0,0,0,0,1,1,0
How To Enlarge Penis Size,1,0,1,1,1,0,0,0,1,1,1
Re:,1,0,0,1,1,1,0,0,1,1,1
CNN.com Daily Top 10,0,0,0,0,0,1,1,1,1,1,1
1 new message in 1 topic - abridged,0,0,0,0,0,0,0,0,1,1,0
Best Weight Loss,0,0,0,1,0,0,0,0,1,1,0
Re: [perl #46579] docpatch for C<last>,0,1,0,0,0,0,0,0,0,1,1
Regards,0,0,0,0,0,1,0,0,0,1,1
Emerging Technologies Wednesday Update (03/05/2008),0,0,1,0,0,0,0,1,1,1,1
[Bug 5833] update ECCN status of SpamAssassin,0,1,0,0,0,0,0,1,1,1,1
Re: "Nice girl like to chat" spam,0,0,0,1,0,0,0,0,1,1,0
[Python-Dev] Summary of Tracker Issues,0,0,0,1,0,0,0,0,1,1,1
[PATCH - revised] Re: [PATCH] Re: [perl #46011] [RESOLVED] overload "0+" doesn't handle integer results,0,0,0,0,1,1,0,1,1,1,1
[UAI] SMPS 2006 - Call for Papers,0,0,1,1,1,1,0,1,1,1,1
Take it to the seventh heaven of perfect intimate life,0,0,1,0,1,0,0,0,1,1,1
U.K. student records to sit in accessible database | CNET News.com Alert ,0,0,0,0,0,0,0,0,1,1,0
Direct message from SpamExperts via web,0,0,0,0,0,0,0,0,1,1,0
Is proved to be effective !,0,0,1,0,0,1,0,0,1,1,1
JBoss Newsletter | February 2008 | JBoss World/Orlando Edition,0,0,0,0,0,0,0,0,1,1,0
[Bug 5769] [review] sa-compile: eval failed: Can't find label NO,0,0,1,0,1,1,1,0,1,1,1
Latest news from your doctor. PT,1,0,0,1,0,1,1,1,1,1,1
Re:,0,0,0,0,0,0,0,0,1,1,1
Re: [opensuse] ATI fglrx driver problems,1,0,0,1,0,1,1,0,1,1,1
Re: [opensuse] sed - howto strip from character to end of line? - Important,0,0,0,0,0,0,0,0,0,1,0
rolex watches,0,0,0,1,0,0,0,1,1,0,1
Re: [perl #57486] [patch] Fix stat / lstat test failure on Cygwin,0,0,0,0,1,0,1,1,1,1,1
Re: [Python-3000] [Python-Dev] Code freeze?,0,0,0,1,0,1,0,1,1,1,1
RE: Week 15,0,0,0,0,0,0,0,0,1,1,0
Direct message from SpamExperts via web - Action needed,0,0,1,0,0,0,0,0,1,1,1
Re: [R] Warning when using survey:::svyglm,0,0,0,1,0,0,0,0,1,1,1
"US Health Licensed shop, 24h Shipping, NO RX required",0,0,0,0,1,0,0,0,0,1,1
Re: [SM-DEVEL] Need a patch for saving sent messages problem,0,0,0,0,0,0,0,1,1,1,1
[perl #47305] Problem with nested sub's ,1,0,1,0,1,0,0,1,1,1,1
Click here and order replica watches from best brands   ,0,0,1,0,0,0,0,1,1,1,1
[UAI] Professorship in Informatics,0,0,0,0,0,0,0,0,1,1,1
See which wrist watches are most popular,0,0,0,0,0,0,0,0,1,1,0
"World of products for your health, 85% cut",0,0,0,0,0,0,0,0,1,1,0
Please re-submit your payment information. - Please verify,0,0,0,0,0,0,0,0,1,1,1
"The life needs to be lived in the pleasure and the it will be more, the better xr lyqqw a",0,0,1,0,0,0,0,0,1,1,1
Home Trends Restoration Sale - 3 days only!,0,0,0,0,0,0,0,0,1,1,0
From Marcelino Quinn,1,0,1,0,0,0,0,0,0,1,1
Purchase medications with CanadianPharmacy and enjoy our low prices. - Please verify,0,0,0,1,0,0,1,1,1,1,1
Extended courier service delivers everything you order at our chemists.,0,0,0,0,0,1,0,0,1,1,0
RE: [E-voting] Swiss Votes to Use 'Unbreakable' Code,0,0,0,0,0,0,0,0,1,1,0
[PATCH] Update File::Fetch to 0.13_02,1,0,1,1,0,0,0,1,1,1,1
Re: [opensuse] efax-gtk revisited,0,0,0,0,0,0,0,0,0,1,0
Control your male power,0,1,0,0,0,1,1,0,1,1,1
controls not showing.,0,0,0,0,0,0,0,0,1,1,0
New revolutionary products to help men,1,0,0,1,0,1,0,0,0,1,1
Re:,0,0,0,1,0,0,0,1,1,1,1
"Re: [Python-Dev] Capsule Summary of Some	Packaging/Deployment	Technology Concerns",0,1,1,1,0,1,0,0,1,1,1
important,0,0,0,1,0,0,1,0,0,1,1
From Forest Mckinnon - Action needed,1,1,1,0,0,1,0,1,1,1,1
Just some helpful information about PowerEnlarge.,0,0,0,0,0,0,0,0,1,1,0
Re: [perl #47181] Try OO semantics before throwing fatal error,0,0,0,0,0,0,0,0,1,1,0
Re: [Python-3000] [Python-Dev] Python source code on Bazaar vcs,0,0,0,0,0,0,0,0,1,1,0
Perfected RX Reductions,0,0,1,1,0,0,0,1,1,1,1
CoS seminar,0,0,1,0,0,1,1,0,1,1,1
CNN.com Daily Top 10,1,1,0,0,0,0,0,0,1,1,1
Re: [Python-Dev] PEP 8: Discourage named lambdas?,0,0,0,0,1,0,0,0,1,1,1
50 ways to meet your lover_darlarose,0,0,0,0,0,0,0,0,1,1,0
 Issue 24 **********************************************",1,0,1,0,0,0,0,0,1,1,1
0ver 3OO $tyles of Replica //atches,0,0,0,1,0,0,0,0,0,1,1
From Dee Welsh,0,0,1,0,0,0,0,0,1,1,0
Engaging Pill Purchases,0,1,0,0,0,0,0,0,1,1,1
"Summer is on the way, do not forget of all requred-tabs.",0,0,0,0,0,0,0,0,1,1,0
Re: [opensuse] openSUSE 11.0 and the Non-ready KDE4,0,0,0,0,0,0,0,0,1,1,0
"Try, it is pleasant to you",0,0,0,0,0,0,0,0,1,1,0
Startling Brietling watches at Replica Classics   ,0,0,0,0,0,0,0,0,1,1,0
CNN.com Daily Top 10,0,0,0,0,0,0,1,0,1,1,0
"
Dear 978124fc959df318c267b1142a075c23

Summer is a right time to take a week off at work and think about your health & personal life.

And we are glad to help you with it.

 From now on till 1st of  October you can use our limited offer.

Check our site for more details.

traditionstreet.com

6 Aug 2008 06:49:27


",0,1,1,1,1,0,1,0,1,1,1
Angelina Jolie's Free Video.,0,0,0,0,0,0,0,0,1,1,0
There is no cheaper source of original and perfectly working software.,0,1,1,0,0,1,0,1,1,1,1
RE: [ILUG] Advice on Anti-Spam Strategy/Blocking Software,0,0,0,0,0,0,0,0,1,1,0
123,1,0,0,0,0,1,1,0,1,1,1
Best durward offer,0,0,0,0,1,1,0,0,1,1,1
"Re: status=bounced, unknown user weirdness",0,0,0,0,0,0,0,0,1,1,0
[Bug 5827] Failing rule "WHOIS_REGISTERFLY",1,0,1,0,0,1,0,0,0,1,1
Generate the best love results here,0,0,0,0,0,0,0,0,1,1,0
"Much bigger, than you used to have it!",1,0,0,0,0,1,0,0,1,1,1
Re: Viewer help,0,0,0,0,0,0,0,0,1,1,0
Impress others with your style,0,1,0,0,0,0,0,1,1,1,1
Service alert: spamassassin.zones.apache.org/BBMASS is OK,0,0,0,0,0,0,0,0,0,1,0
Try and convince - you can be better y msdtwn esqc,0,0,0,0,0,0,0,0,1,1,0
Re: [python-win32] Creating python com objects,0,1,0,0,0,0,1,0,1,1,1
Top models choose this for slimming.,0,0,0,0,0,0,0,0,1,1,0
New revolutionary products to help men,0,0,1,0,1,0,0,0,1,1,1
"[FoRK] Re: Zen habits, life hacks",0,0,1,1,1,0,1,1,1,1,1
patch for perl-5.9.5 for EBCDIC platform,0,0,0,0,0,0,0,0,1,1,0
Get the Finest Rolex Watch Replica !   ,0,0,0,0,0,0,1,0,1,1,1
is ROLEX under 199 $ good for you? ,0,0,1,1,0,1,1,1,1,1,1
[UAI] Special Session - Advances in Processing Temporal Data,0,0,0,1,1,1,0,0,1,1,1
Extended courier service delivers everything you order at our chemists.,0,0,0,0,0,0,0,0,1,1,0
Click here to purchase high-quality replica watch ,0,0,0,0,0,0,0,0,1,1,0
porno Kick-up for 3ba41b46565285f845a2e1e6bb49544d ,0,0,0,0,0,0,0,0,1,1,0
Your order in processing,0,1,0,1,0,0,0,0,1,1,1
Re: [PATCH] New failing test for RT#45667 (m/[#]/x treated inconsistently),0,0,0,0,0,0,0,0,1,1,0
"[Py2exe-users] Using SHBrowseFolder from win32com(ext) in a py2exe	generated executable?",0,0,0,0,0,1,0,0,1,1,0
Flawless Health Joy,1,0,1,0,0,0,1,1,1,1,1
hello from antonia,0,0,0,0,0,0,0,0,1,1,1
Highly secure 256bit order processing - Important,0,0,0,0,0,0,0,0,1,1,0
Cheapest software prices!,0,0,0,0,0,0,0,0,0,1,0
gepzd Online Exclusive! 3-Day Sale Ends Friday,0,0,0,1,0,0,0,0,1,1,1
Illustrious names in watch industry,0,0,0,0,0,0,0,0,1,1,0
One Year written replica watches warranty,0,0,0,0,0,0,0,0,1,1,0
Was sind Gen Produkte? ,1,0,0,1,1,1,0,1,1,1,1
Re: accepting mail for ""@domain.com,0,0,0,1,0,0,0,0,1,1,1
CNN.com Daily Top 10,0,0,0,0,1,0,0,0,1,1,1
From Rickey Case,1,0,0,1,0,1,1,0,1,1,1
Pure Hoodia Weight Loss,0,0,0,0,0,0,0,0,1,1,0
CNN.com Daily Top 10,0,0,0,0,0,0,0,0,1,1,1
[Linux Mag Weekly] Developing Web 2.0 Apps with the Google Web Toolkit,0,1,1,0,0,0,0,0,1,1,0
Psychologist endorsed products for men - Important,0,0,0,0,0,0,0,0,0,1,1
Basic cunninglingus tips,0,0,0,1,1,1,1,0,1,1,1
InternetPricesForOurCustomersHealth,0,1,1,0,0,0,0,0,1,1,1
The size has huge value! tr dia jrmnc,1,0,0,0,0,0,0,1,1,1,1
For men with low libidos - Urgent,0,0,1,1,1,0,0,0,1,1,1
"This Week: NCAA® March Madness®, Pulp Secret, Hercules Against the Moon Men and more...",0,0,0,0,1,0,1,1,1,1,1
RE: [ydn-delicious] "your bookmarks" vs "your favorites",0,0,0,0,0,0,0,0,1,1,0
Re: [Python-3000] Dict literal bytecode,0,0,0,0,1,0,1,0,1,1,1
CNN Alerts: My Custom Alert,0,1,0,1,0,0,0,0,1,1,1
Re: ,0,0,0,0,1,0,0,1,1,1,1
"Be not afraid to vary and change the life, after all all becomes to the best hzfbsz okhyjl qifdx",0,0,0,0,0,0,0,0,1,1,0
Announce: Ubuntu OpenWeek Python Packaging Session,0,0,0,0,1,0,1,0,1,1,1
She will belong to you if you take blue pilules.,0,0,0,0,0,0,0,0,1,1,1
[UAI] CfP PAKM2006 - Practical Aspects of Knowledge Management,0,0,0,0,0,0,0,1,1,1,0
ScienceNOW Daily Email Alert,0,0,0,1,1,0,1,0,0,1,1
Re: [Python-Dev] PyArg_ParseTuple and Py_BuildValue question,0,0,0,0,0,0,0,0,1,1,0
Re: [Python-Dev] Introducing test coverage stats,0,0,0,0,0,1,1,0,1,1,1
Peole and health. New magasine,0,0,0,0,0,0,0,1,1,1,1
"Re: [Email-SIG] Patch: Improve recognition of attachment file name,	with encodings",1,0,0,1,0,0,0,0,1,1,1
CanadianHealthUSlicensed,0,1,0,0,0,0,0,0,1,1,1
Re: [R] Invoking R from application,0,0,0,0,0,0,0,0,1,1,0
Re:,0,0,0,0,0,0,0,0,1,1,0
quiescent bonaparte gesticulate abduct talkative,0,0,0,0,0,0,0,0,1,1,0
Re: [UAI] Building a classifier,1,0,1,0,0,1,0,0,1,1,1
route one incoming mail to several smtp servers,0,0,0,0,0,0,0,0,1,1,0
CNN Alerts: My Custom Alert,0,0,0,1,1,0,0,0,1,1,1
Omega replica watch Same quality at lower price   ,0,0,0,1,0,0,1,0,1,1,1
V bietet Ihnen eine diskrete Alternative.,0,0,0,0,0,1,0,0,1,1,1
Re: [Python-Dev] Decimal(unicode),0,0,0,0,0,1,0,0,1,1,0
Re: Mail attachements truncated - again - Please verify,0,0,0,0,0,0,0,0,1,1,1
From Ferdinand Gates,0,0,0,0,0,0,1,0,1,1,0
CNN Alerts: My Custom Alert - Important,0,1,0,0,1,0,1,0,1,1,1
bayonne ri heckle milieu physik,0,0,0,0,0,1,0,0,1,1,0
CNN.com Daily Top 10,0,0,0,0,0,0,0,0,1,1,0
Re: sa-learn "not" learning?,0,0,0,0,0,0,0,0,1,1,0
CNN.com Daily Top 10,0,0,0,0,0,0,0,0,1,1,0
Your intimate life helper.,1,1,0,1,0,0,0,0,1,1,1
Re: [ILUG] Nfs fine tuning,0,0,0,0,0,0,0,0,1,1,0
Love package at a low prices,0,0,0,0,0,0,0,0,1,1,0
Re: [Python-3000] Removal of os.path.walk,0,0,0,0,0,1,0,0,0,1,1
Make her climax again and again!,0,1,0,0,0,0,0,0,1,1,0
Re: [ILUG] OLPC & "third world"  [was: Asus Eee PC ],0,0,0,0,0,0,0,0,1,1,0
[PownceAPI] Notes' ID,0,0,0,0,0,0,0,1,1,1,1
Re: [opensuse] Intel 3945 Wireless Problem opensuse 10.3 - RESOLVED!,0,0,0,0,0,0,0,0,1,1,0
Re: [Python-Dev] Pretty-printing 2to3 Nodes,0,0,0,1,0,0,0,0,1,1,0
Closed men's power,0,1,0,0,0,1,1,1,1,1,1
Re: 8bit encoding in mail header by SpamAssassin,0,0,0,1,1,1,0,1,1,1,1
[clamav-virusdb] Update (daily: 5804),0,0,0,1,0,0,0,0,1,1,0
CNN.com Daily Top 10,1,1,1,0,0,0,1,0,1,0,1
The Most Trustworthy Online Drugstore,0,0,0,1,0,0,0,0,1,1,1
CNN.com Daily Top 10,0,1,0,1,1,0,1,0,1,1,1
Watches for all tastes at Replica Classics online store  ,0,0,0,0,0,0,0,0,1,1,0
Re:,1,0,0,0,1,0,1,1,1,1,1
You don't have to worry about paying exorbitant prices  for your medications anymore.,1,0,0,1,0,1,1,0,1,1,1
"100% Safe To Take, With NO Side Effects.",1,1,0,0,1,0,1,1,1,1,1
Re: [python-win32] WABAccess help ...,1,0,0,1,0,0,0,0,1,1,1
0ver 3OO $tyles of Replica //atches,0,0,0,1,1,1,0,0,1,1,1
EmedsFriendlySupportAvailable,1,0,0,0,0,1,0,0,1,1,1
Karma sutra techniques for G-spots,0,1,0,0,0,0,0,0,1,1,0
CNN.com Daily Top 10,0,0,0,1,1,0,0,0,1,1,1
Viagra 50mg x 30 pills $89.95 buy now,0,1,0,0,0,1,1,0,1,1,1
For: 22b733708570844599e6eb7a6076fe77 'Breaking Dawn' Book Excerpt Exclusive!,0,0,1,0,0,0,1,0,1,1,1
PharmFDAapprovedFastShipping,0,0,0,0,0,0,0,0,1,1,0
Perfect Herbal Reductions,0,0,0,0,0,0,0,0,1,1,0
Re: [opensuse] Unstable system - who is the culprit?,1,0,0,1,0,0,0,0,1,1,1
Re: Open Social,0,0,0,0,0,0,0,0,1,1,0
Man's stuff mall,0,0,0,0,0,0,0,0,1,1,0
Re: [Python-Dev] Code signing of Windows .msi/.dll/.exe's for 2.6/3.0,1,0,0,1,0,0,0,0,1,1,1
Re: [Python-3000] [Python-Dev] stable buildbots,0,0,0,0,0,0,0,0,1,1,0
Generic brand remedys shipped quickly and discreetly to your front door,0,0,0,0,0,0,1,1,1,1,1
[R] error in installing R packages,0,0,0,0,0,0,0,0,1,1,0
permissive embarrass picosecond sana embarrass,0,0,0,0,0,0,1,0,1,1,1
from Nola Pugh,0,1,0,1,1,0,0,0,1,1,1
Re: [Python-3000] Code freeze?,0,0,0,0,0,1,0,0,1,0,1
CNN.com Daily Top 10 - Urgent,1,0,1,0,0,1,0,1,1,1,1
CNN.com Daily Top 10 - Urgent,1,1,0,0,1,1,0,0,1,1,1
[UAI] CFP - Journal of Biomedical Informatics Special Issue on Computerized Decision Support for Critical and Emergency Care,0,0,1,1,0,0,0,0,1,1,1
Re: [Python-Dev] very bad network performance,1,1,1,0,0,0,0,0,1,1,1
RE: 5.10 code freeze and dual-life modules,0,0,0,0,0,0,0,0,1,1,0
svn commit: r594354 - in /spamassassin/trunk/build/nightlymc: corpus.fredt corpus.jm corpus.zmi,1,0,0,0,0,0,0,0,1,1,0
Your beloved is worthy to receive that she wants. Give it it! mcpnns fkaxpo bcihfc,0,0,0,0,0,0,0,0,1,1,0
[spambayes-dev] PING?,0,0,1,0,0,0,0,0,1,0,1
Re: [Python-3000] [Python-Dev]  Python 2.6 and 3.0,1,0,1,0,1,0,0,0,1,0,1
Re: [opensuse] Intel 3945 Wireless Problem opensuse 10.3 - RESOLVED!,0,0,0,0,0,0,0,0,1,1,0
Re: HABEAS_ACCREDITED_COI,0,0,0,1,0,0,0,0,1,1,1
You can find here all medicines what you want,0,0,1,1,1,1,0,1,1,1,1
Your receipt #5838328082,0,0,0,0,0,0,0,0,1,1,0
Hottest blogger Alexia Kristoff,0,0,0,0,0,0,0,0,1,1,0
Re: [Python-Dev] Pretty-printing 2to3 Nodes,0,0,0,0,0,0,0,0,1,0,1
Re: [opensuse] openSUSE 11.0 and the Non-ready KDE4,1,0,1,1,0,1,0,0,1,1,1
Re: [Python-3000] Using *a for packing in lists and other places,0,0,0,0,1,0,0,0,1,1,1
Mall for Man's,0,0,0,0,0,0,0,0,1,1,0
CNN.com Daily Top 10,0,0,0,1,0,0,0,0,1,1,0
Burst through your pants with our pills,0,0,0,0,0,0,0,0,1,1,0
"Replica watches, pens, bags and more... Cheap luxury gifts ...   ",0,0,0,0,0,0,0,0,1,1,0
RE: Message,1,1,0,1,0,1,0,0,1,1,1
we have a fix for you - Important,0,0,0,0,0,0,0,0,1,1,0
Best Frank Muller replica watches at Replica Classics ,0,0,0,0,0,0,0,0,1,1,0
To Men Who Want To Buy Rolex Watches At A Fraction Of The Price,1,0,0,1,0,0,0,0,1,1,1
Re: [Python-Dev] Warn about mktemp once again?,0,0,0,0,0,1,0,0,1,1,1
Be so big you will need new underwear - Action needed,0,1,0,1,0,1,0,0,1,1,1
"[Py2exe-users] HELP: PROBLEMS WITH VPYTHON, NUMPY AND PY2EXE",0,0,0,0,0,0,0,0,1,1,0
CNN.com Daily Top 10,1,1,0,0,1,0,0,0,1,1,1
Re: [PATCH] Re: [perl #46011] overload "0+" doesn't handle integer results,0,0,0,0,1,0,0,0,1,1,1
Re: [Python-3000] [Python-Dev] Python source code on Bazaar vcs,0,0,0,0,0,0,0,0,1,1,0
For you  color="#006678",0,0,0,0,0,0,0,0,1,1,0
Proven Effective for 72 Hours.,0,0,0,0,0,0,0,0,1,1,0
Re: [opensuse] Desperate Situation - Important,0,0,0,1,0,1,0,0,1,1,1
"Re: [Python-Dev] Python 2.6a2 execution times with various	compilers",0,0,0,0,0,1,0,1,1,1,1
Re: [opensuse] Firefox update.,0,0,0,0,0,0,0,0,1,1,0
Omega replica watch Same quality at lower price   ,1,0,0,0,1,1,1,0,1,1,1
Male Enhancement Reviews - Urgent,0,1,1,1,1,0,0,0,1,1,1
Re: [ie-rant] Re: PRT anyone?,1,0,0,0,0,0,1,0,1,1,1
"Re: [Python-Dev] Documentation for ability to execute zipfiles &	directories",0,0,0,0,0,0,0,0,1,1,0
Re: [opensuse] Defragging: possible?  necessary? - Action needed,0,0,0,0,0,0,0,1,1,1,1
[python-win32] Drag and Drop issues,1,1,0,1,0,1,0,0,1,1,1
everybody wants.,0,0,0,0,0,1,0,0,1,0,1
Amend your problem of small dimension,0,0,0,0,0,0,0,0,1,1,0
Re: [SM-USERS] sendmail verbose output,1,0,0,0,0,0,0,0,1,1,1
Re: [R] how to save an R object selectively?,0,0,0,0,0,0,0,0,0,1,0
Your happiness is much closer now,0,0,0,0,0,0,0,0,1,1,0
From Deana Harding,0,0,0,0,0,0,0,0,1,1,1
123,0,1,0,0,1,0,0,0,1,1,1
Reliable software only!,1,0,1,0,0,0,0,1,1,1,1
Re: [Python-3000] python-safethread project status,0,0,1,0,0,0,0,0,1,1,0
Coming fast and furious,0,0,0,0,0,0,0,0,1,1,0
Re: [opensuse] 11.0 a2 - Updater Question,0,0,0,0,0,1,1,1,1,1,1
[Bug 5837]  New: sa-learn docs lie about network access,1,1,0,1,0,0,1,0,0,1,1
Re:,0,0,1,0,0,0,0,0,1,1,1
"Re: [perl #46987] OO-call failures, autoviv-functions & testing their existence",0,0,0,0,0,0,0,0,1,1,0
Viagra (Sildenafil) 50mg x 60 pills US $ 2.00 Per Pill price - Important,0,1,0,0,0,1,0,0,1,0,1
You can increase the time of your act  sfo qybyp xx,0,0,0,0,0,0,0,0,1,1,0
user8.2-ext1@gvc.ceas-challenge.cc August Deals Save up to %40 Off,0,0,0,0,0,1,0,0,1,1,1
Re: [python-win32] Library not Registered Error while running,0,0,0,0,0,0,0,0,1,1,1
How To Enlarge Penis Size,0,0,1,1,1,0,0,0,1,1,1
CNN Alerts: My Custom Alert,0,0,0,0,0,0,0,0,1,1,0
samuel bricklaying issue cyanamid cheery,0,0,0,0,0,0,0,0,1,1,0
Your ex-gf will be begging to come back to her,0,0,0,0,0,0,0,0,1,1,0
CNN.com Daily Top 10,1,0,0,0,0,0,0,0,1,1,0
Re: [Python-Dev] NeedsReview keyword,0,0,0,0,0,0,1,0,1,1,1
CNN.com Daily Top 10,0,0,1,0,0,0,0,0,1,1,0
[PownceAPI] Getting "401 Authentication Required" Using OAuth,0,0,0,0,0,0,0,0,1,1,0
Help Stop Premature Ejaculation! ,0,0,1,1,0,1,0,0,1,1,1
Forwarding all localmail ,0,0,0,0,0,0,0,0,1,1,0
she can never find someone like you.,0,0,0,0,0,0,0,0,1,1,0
Re: [opensuse] openSUSE 11.0 and the Non-ready KDE4,0,0,0,0,0,0,0,0,1,1,0
For you  color="#663366",0,0,0,0,0,0,0,0,1,1,0
[Bug 5831] mass-check --server leaves temp files around,1,0,1,1,0,1,0,0,1,1,1
Ohne Rezept - kein Potenmiitl!,0,1,0,0,0,0,0,0,1,1,1
"[Perl Jobs] Perl & Apache & Unix/Linux & Mysql/Oracle Software Engineer (part onsite), India, Karnataka, Bangalore - Urgent",0,1,0,0,1,0,0,0,1,1,1
Re: [Python-Dev] No time for svn merge - Action needed,1,0,0,1,1,0,0,0,1,1,1
Re: [Python-Dev] Module properties for C modules,0,0,0,0,0,0,0,0,1,1,0
Click here to purchase high-quality replica watch ,1,0,0,1,0,0,0,0,1,1,1
Re: [UAI] Visualization of Bayesian Networks?,1,1,0,1,1,1,1,0,1,1,1
Re: priority and order of execution of rules,0,0,0,0,0,0,0,0,1,1,0
[UAI] Call for Participation: Argumentation in Multi-Agent Systems (ArgMAS),0,0,0,0,0,0,0,0,1,1,1
CNN.com Daily Top 10,0,0,1,1,0,0,1,1,1,1,1
CNN.com Daily Top 10 - Urgent,0,0,1,0,1,1,0,0,1,1,1
Re: [spambayes-dev] Subversion conversion?,0,1,0,0,1,1,1,0,1,0,1
Viagra (Sildenafil) 50mg x 10 pills buy now,0,0,0,0,0,0,0,0,1,1,1
[UAI] SMPS 2006 3rd Call for Papers,0,0,0,0,1,1,0,0,1,1,1
Re: [Python-Dev] string representation of range in 3.0,0,0,0,1,0,0,0,0,1,1,1
 generate recommendations,0,0,0,0,0,0,0,0,1,1,0
[Python-Dev] [ANN] Python 2.3.7 and 2.4.5 (final),0,0,0,0,1,0,0,0,1,1,0
Re: [Python-3000] what do I use in place of reduce?,1,0,0,0,1,0,1,0,1,1,1
Re: [SM-DEVEL] Direct SM Plugin download for distro packaging,1,0,1,0,0,0,0,0,1,1,1
Engaging RX Facilitation - Please verify,0,0,0,0,0,0,0,1,1,1,1
Re: [ILUG] Advice on Anti-Spam Strategy/Blocking Software,0,0,0,0,0,0,0,0,1,1,0
CNN Alerts: My Custom Alert,1,0,1,0,0,1,1,0,1,1,1
Extraordinary Medical Deals,0,0,0,1,0,0,0,1,1,1,1
"Join VMware for a Full Day of Virtualization with Experts,	Customers & Demos",1,0,0,0,1,0,0,0,1,1,1
Re: [Python-Dev] Two questions about jump opcodes,0,0,0,0,0,0,0,0,1,1,0
Compare Top 5 Penis Enlargers,0,0,1,0,0,0,1,0,1,1,1
[opensuse]  Re: Kaddressbook,0,0,0,0,0,0,0,0,1,1,0
New White Paper Roundup: 4 Key Steps to Monitoring your Sales and Customer Service Teams,0,0,1,0,0,1,1,1,1,1,1
She?ll never laugh at you anymore,0,0,1,0,0,0,1,1,1,1,1
The online health store to buy medicines on the Internet,0,0,0,0,0,0,0,0,1,1,0
We provide for you a real advantage to turn her on qjma fkc bia,0,1,1,0,0,0,1,1,1,1,1
[opensuse] sed - howto strip from character to end of line?,0,0,0,0,0,0,0,0,1,1,0
CNN.com Daily Top 10,0,0,0,0,0,0,0,0,1,1,0
High style never cost cheaper!,0,0,0,0,0,0,0,0,1,1,0
Supercharge your libido like never before vze t j,0,0,0,0,0,1,0,0,1,1,1
A.Lange & Sohne Watches rkxc qn x,0,0,1,0,0,0,1,1,1,1,1
Karma sutra techniques for G-spots,0,0,0,0,0,0,0,0,1,1,0
Re: [SM-USERS] change_passwd blank page,0,0,0,0,0,0,0,0,1,1,0
Interesting cd Angelina Jolie,1,1,0,0,1,0,1,0,1,1,1
Re: [Python-3000] Reminder: last alphas next Wednesday 07-May-2008,1,0,1,0,1,0,1,0,1,1,1
[UAI] COLT 2006 call for site proposals - Urgent,1,1,0,0,0,1,1,0,1,1,1
You must be The Real Man with huge dignity pouvj n duk,0,0,0,0,0,0,0,0,1,1,0
"ANN: ""Who's Using Pyparsing?"" - 12 new applications listed at the 	pyparsing wiki",0,0,0,0,0,0,0,0,1,1,0
New White Paper: Maximizing Data Center Efficiency with 10 Gigabit Ethernet,1,1,0,1,1,0,1,1,1,1,1
This formula really works jrvphx wvqlhu eow - Please verify,0,1,1,0,1,0,1,1,1,1,1
[SPAM]debt,0,0,0,0,0,0,1,0,1,1,1
[PownceAPI] Re: JSON has incorrect Unicode characters,0,0,0,1,1,1,1,0,1,1,1
[UAI] CNS Graduate Programs Announcement,0,0,0,0,0,1,0,0,1,1,0
Re: [opensuse] YaST2 updates.,0,0,0,0,0,0,0,0,1,1,0
Re: Received-header with dyn-ip problem,0,0,0,0,0,0,0,0,1,1,0
[Spamassassin Wiki] Update of "UserPreferences" by jacob2171 - Urgent,0,1,0,0,0,1,0,0,1,1,1
Male Enhancement Reviews,0,0,0,0,0,0,0,0,1,1,1
Your new way to greater satisfaction,0,0,0,0,0,1,0,1,1,1,1
Latest news from your doctor. xC,0,0,0,0,0,0,0,0,1,1,0
Re:,0,0,0,0,0,1,0,0,1,1,1
Re: Fwd: Re: [ILUG] pam and ldap and filesystem permissions,0,0,0,0,0,0,0,0,1,1,0
A major online stores that promote health medicines,0,0,0,0,0,0,0,0,1,1,0
Looking for a watch? Visit Replica Classics ,0,0,1,0,1,1,0,0,1,1,1
Re: [UAI] analyzing gene expression data,0,0,0,0,0,0,0,0,1,1,0
Hot nights are guaranteed,0,0,0,0,0,0,0,0,1,1,0
[Python-3000] Help on builtin keywords,0,0,0,0,0,0,0,0,1,1,0
A formula turning you into a happy guy! - Important,0,0,0,0,0,0,0,0,1,1,0
Boss,0,0,0,0,0,0,0,0,1,1,0
CNN.com Daily Top 10,0,0,0,0,0,0,0,0,1,1,0
Become our  customer today.,0,1,1,0,0,1,0,0,1,1,1
Get some bonus centimeters,1,0,1,0,0,0,1,0,1,1,1
Return your self-estteme with blue pilule. - Important,0,0,0,0,0,0,0,0,1,1,0
CNN.com Daily Top 10,1,0,0,0,0,0,0,0,1,1,1
Re:,1,0,0,1,0,0,0,0,1,1,1
InfoFriendlySupportGenerics,0,0,0,0,0,0,0,0,1,1,0
Best replica watches from Omega at Replica Classics   ,0,0,1,1,0,1,0,0,1,1,1
"Re: [R] Are there any guis out there,  which will allow editing of the graph? - Urgent",0,1,0,0,1,0,0,0,1,1,1
Your ex-gf will be begging to come back to her,0,0,0,0,0,0,0,0,1,1,0
[Bug 3806] [review] Sys::Hostname::Long renames host to --fqdn when run as root,0,0,1,0,0,0,0,0,1,1,1
Re: [ILUG] OLPC & "third world"  [was: Asus Eee PC ] - Urgent,0,0,1,0,0,0,0,1,1,1,1
[opensuse] not seeing all scsi drives,0,0,0,0,0,0,0,1,1,1,0
Greater length for your masculinity,0,0,0,1,0,0,0,0,1,1,0
"[Python-Dev] an example of setuptools being used to good effect --	allmydata.org Tahoe",0,0,1,1,1,1,0,0,1,1,1
This Week: All you need to know about Oracle AIA,0,0,1,1,0,0,0,0,0,1,1
Time to get it bigger,1,1,0,1,1,0,0,1,1,1,1
The age of miracles is not past,1,0,0,0,0,1,1,1,1,1,1
123 Flash Menu v1.43-7e,1,0,0,0,0,0,0,0,1,1,1
[UAI] Call For Participation : XML Document Mining Challenge 2006,0,1,1,0,0,0,0,0,1,1,1
You don't have to worry about paying exorbitant prices  for your medications anymore.,0,0,0,0,0,0,0,0,1,1,0
Big pharm shop,0,0,0,1,0,0,0,0,1,1,1
Best health products at low cost. - Action needed,1,0,0,0,1,0,0,0,1,1,1
[DS_Results] Digest Number 336,0,0,0,0,0,0,0,0,1,1,0
CNN.com Daily Top 10,1,0,0,1,1,1,0,1,1,1,1
Re: [opensuse]  Power Supply PSU Efficiency (was: Unstable system - who is the culprit? - Important,0,0,0,0,0,0,0,0,1,1,0
Sphinx 0.2 released - Urgent,0,0,1,0,0,0,1,0,1,1,1
[Bug 5706] False postiv for URIBL_BLACK and WHOIS_MONIKER_PRIV,1,0,0,0,0,1,1,0,1,1,1
[opensuse] Re: List Cops go out of their way....,0,0,0,0,0,0,0,0,1,1,0
Re: [opensuse] how can be formated a external USB hard disk in konsole?,0,0,0,1,1,0,0,1,1,1,1
Re: [R] R CMD check message that I can't figure out (.onLoad failed),1,1,0,0,0,0,1,0,1,0,1
Growing from Grad to Geek to Giant: 6 Pledges To Help,0,0,0,0,0,0,0,1,0,1,1
[UAI] Connectionists: Permanent Lectureship in Disordered Systems at King's College London - Urgent,1,0,0,0,0,1,0,0,1,1,1
She will give her heart to you.,0,0,0,0,0,0,1,0,1,0,0
Re: [python-win32] Overlay Icon Question...,0,0,0,0,0,0,0,0,1,1,0
Re: [FoRK] interesting video on Hillary,0,0,0,0,0,0,0,0,1,1,0
Re: [opensuse] HP Printer C4380,0,0,1,0,1,0,0,0,1,1,1
some software u need!@# ,1,0,1,1,0,0,0,0,1,1,1
ri razzle runyon verse downriver,0,0,1,0,1,0,0,1,1,1,1
Thin,0,0,0,0,1,0,0,0,1,1,1
"Re: [Python-Dev]	py3k: print function treats sep=None and end=None in	an unintuitive way - Please verify",1,0,0,0,0,0,1,0,1,1,1
RE: Bogus MX -> blacklist service viable? - Urgent,0,0,0,1,1,1,0,0,0,1,1
Re: [ie-rant] Earlier every year,0,0,0,0,0,0,0,0,1,0,0
Re: [opensuse] bash - why doesn't the tldp bash beginners guide for loop example work?,0,0,0,0,0,0,0,0,1,1,0
rolex cartier omega LV CD chanel gucci ...   - Important,0,0,0,0,0,0,0,0,1,1,0
CNN.com Daily Top 10,0,0,0,0,0,1,0,0,1,1,0
Re: [opensuse] Screen Capture,0,0,0,0,0,0,0,0,1,1,1
Re: ok_languages doesn't seem to work,0,0,0,0,0,0,0,0,1,1,0
Why SA don't use bayes for some e-mails?,1,0,0,0,1,0,1,0,1,1,1
Make your thing as big as life,0,0,0,0,1,0,0,0,1,1,1
For men with low libidos,1,0,1,0,1,1,0,0,1,1,1
Reach so needed measurement,0,1,0,0,0,0,0,0,1,1,1
See her get instantly geeked,0,0,0,0,0,0,0,0,1,1,0
What time is okay for you,0,0,0,0,0,0,0,0,1,1,0
Fwd:,0,0,0,0,0,0,0,0,1,1,0
CNN.com Daily Top 10 - Urgent,1,1,0,1,0,1,1,0,1,1,1
Re: [opensuse] Opensuse Updater endless Loop - Bad Cups Update?,0,0,1,0,0,0,0,0,1,1,0
Re: 5.10.0 test hangs on non internet access,0,1,0,0,1,0,0,1,0,1,1
Re: [Python-3000] the release gods are angry at python,0,0,0,0,0,0,0,0,1,1,0
CNN.com Daily Top 10,0,0,0,0,1,1,1,0,1,0,1
CNN.com Daily Top 10,0,0,0,0,0,0,0,0,1,1,1
CNN Alerts: My Custom Alert,0,0,0,0,0,0,0,0,1,1,0
Sluttily attractive girls,0,0,1,0,0,0,0,1,1,1,1
Swank is what your life lacks,0,0,0,0,0,0,0,0,1,1,0
Re: Conditional SMTP Authencation,0,0,0,0,0,0,0,0,1,1,0
"TuxOnIce-users Digest, Vol 36, Issue 25",1,0,1,0,0,1,1,0,1,1,1
Brag timepieces at low cost,1,0,0,0,0,0,0,0,1,0,1
Extraordinary Rx Offers,1,0,0,1,0,0,0,0,1,1,1
Re: [OT] Bogus MX opinions,1,0,0,0,1,0,1,0,1,1,1
 are beyond Turing. As Simon Bart,0,0,0,0,0,0,0,0,1,1,0
[Buildbot-devel] Are there buildbot hosting services on the web ?,0,0,1,0,0,1,0,1,1,1,1
CNN.com Daily Top 10,0,0,0,0,0,0,0,0,1,1,0
Amend your problem of small dimension - Action needed,1,0,0,0,1,0,0,1,1,1,1
Special internet prices for medications!,0,0,0,0,0,1,0,0,1,1,0
CNN.com Daily Top 10,0,0,0,1,1,0,0,1,1,1,1
Re: [Python-3000] Code freeze?,0,0,0,0,0,0,0,0,1,1,0
is it you? dominique here,1,1,1,0,0,1,1,0,1,1,1
"[UAI] CfP Canadian Conference for Artificial Intelligence, AI 2008",0,0,0,0,0,0,0,0,1,1,0
Ranking And Reviews Of The Top 5 Penis Enlargement Products! - Urgent,0,1,0,0,0,0,1,1,1,1,1
Try also each time new unforgettable impressions,0,0,1,0,1,0,1,1,1,1,1
The top rated penis enlarger Proven Results. 100% Guaranteed.,0,0,0,1,0,0,0,0,1,1,1
Re: [Python-Dev] signal.alarm(3) in trunk test_socketserver.py - Important,0,0,1,0,0,0,1,0,1,1,1
CNN.com Daily Top 10,0,0,0,0,0,1,0,0,1,1,1
Update Your Billing Information.,0,0,0,0,0,1,0,0,1,1,1
"[ANN] Leipzig Python User Group - Meeting, March 11, 2008, 08:00pm",1,0,1,0,0,1,0,1,1,1,1
Your new time spending with your wife. y,0,0,0,0,0,0,0,0,1,1,0
FDA Approved remedys,0,0,1,0,0,0,0,0,1,1,1
CNN.com Daily Top 10,1,0,0,0,1,0,0,0,1,1,1
Re: [Python-Dev] Reminder: last alphas next Wednesday 07-May-2008,1,0,0,0,0,1,0,0,1,1,1
Your profile,0,0,0,0,0,0,0,0,1,1,1
Re:,0,0,1,1,0,0,0,0,1,1,1
Online Drugstore Announce Discounts,1,1,0,0,0,0,0,0,1,1,1
Increase your fertility with WonderCum !,0,0,0,1,0,0,0,0,1,1,1
CNN.com Daily Top 10,0,0,0,0,1,0,0,0,1,1,1
Re: sa-learn --ham ground rules,0,1,0,0,0,0,1,0,1,1,1
CNN.com Daily Top 10 - Action needed,0,0,0,0,0,0,0,0,1,1,1
Fw: Receive our bonus for your feeling well!!!,0,0,0,1,1,0,0,1,1,1,1
[Python-Dev] Double specification of function signatures?,0,0,0,0,0,0,0,0,1,1,0
[UAI] Call for Papers: Deontic Logic in Computer Science (DEON 2008),0,0,0,1,1,0,1,1,1,1,1
"[UAI] Call for Participation:  EpiRob05, Nara, Japan, July  22-24, 2005",1,1,1,0,0,0,1,0,1,1,1
Re: [opensuse] What's filling swap,0,0,0,0,0,0,0,0,1,1,0
Best replica watches from Omega at Replica Classics   ,0,0,0,0,0,1,1,0,1,1,1
Be the only supermacho in the city.,0,1,0,0,1,0,0,0,1,1,1
CNN.com Daily Top 10,0,0,0,0,0,0,0,0,1,1,0
another one,0,0,0,1,0,0,0,0,0,1,0
Re: [SM-USERS] upgrade issue over plugins,0,0,0,0,0,0,0,0,1,1,1
Re: [Python-3000] Types and classes,0,0,0,0,0,0,0,0,1,1,0
G-spot location techniques for men,0,0,0,0,0,1,0,0,1,1,1
[PATCH] encouraging UTF-8 awareness,0,0,1,0,1,1,0,1,1,1,1
[PownceAPI] Pownce PHP Class,0,0,0,0,0,0,0,0,1,1,0
from Nancy Ritter,0,0,0,0,0,0,0,0,1,1,0
Re: [opensuse] [OT] How much power does a PC really consume?,0,0,0,1,0,0,0,0,1,1,0
[PownceAPI] Re: Dates in API?,0,0,0,0,0,0,0,0,0,1,1
RE: [opensuse] look inside a initrd? - Please verify,0,0,0,0,1,0,0,1,1,1,1
Re: [opensuse] openSUSE 11.0 and the Non-ready KDE4,0,0,0,1,0,0,1,0,1,1,1
Re: [python-win32] Finding the selected file in Windows Explorer,1,0,0,0,0,0,1,0,1,1,1
Re:,0,0,0,0,0,0,0,0,1,1,0
For:7c393e5e81dd091bc5c33e91a55e1458 Britney and Paris having fun together. Watch.,0,0,1,0,0,1,1,1,1,1,1
For men with low libidos,0,0,0,0,0,0,0,0,1,1,1
To those who look for health,1,0,0,1,0,0,0,1,1,1,1
Deep Throat,0,0,0,0,0,0,0,0,1,1,0
Re: Use of reserved word "our" is deprecated,0,0,0,0,0,0,0,0,1,1,0
Make her long for you every night.,0,0,0,0,0,0,0,0,1,1,0
"External Hard Drive Special, up to 20% off",0,0,0,0,0,0,0,0,1,1,0
You will make her 5 times a night,0,0,0,0,0,0,0,0,1,1,1
in processing....,0,0,1,1,1,1,0,0,1,1,1
For:44c671f76b2c7752054317f4e9e7f953 Paris and Britney nude.,0,1,0,0,0,0,0,1,1,1,1
Exclusive stuff for mans,0,0,1,1,1,1,0,0,1,1,1
Very discrete shipping and billing,0,0,0,1,1,0,0,0,1,0,1
Special treatment for your beloved one.,0,1,0,1,0,0,0,1,1,1,1
CNN.com Daily Top 10,0,0,0,1,0,0,0,0,1,1,0
rolex cartier omega LV CD chanel gucci ...  ,0,0,0,0,0,0,1,0,1,1,0
CNN.com Daily Top 10,0,0,0,0,0,1,0,0,1,1,1
Re: [Python-3000] I/O stuff,0,0,0,1,0,0,1,0,1,1,1
Job alert from Massey University - Urgent,0,1,0,0,0,0,0,0,1,1,1
Re: [Python-Dev] fixing tests on windows,0,0,0,0,0,0,0,0,1,1,0
hello from karina,0,0,0,0,0,0,0,1,1,1,0
CNN.com Daily Top 10,0,0,0,1,1,0,0,1,1,1,1
Re: [OT] Yahoo Deferred,0,1,0,1,1,1,0,1,1,1,1
View the Top 20 Sessions at VSLive San Francisco,1,1,0,1,0,0,0,0,1,1,1
Proven long-lasting effect on its dimension,0,0,0,0,0,0,0,0,1,1,1
[UAI] CFP _Information Fusion_ (Elsevier) special issue,1,1,0,0,0,0,0,1,1,1,1
Fun fun fun,0,0,0,0,0,0,0,0,1,1,0
"Re: disk quota error message, bounced back message redirection",1,0,0,0,0,1,0,0,1,1,1
For:13e00d4bf8bde3465853092b6d1b7c15 New study estimates that thousands of children are injured each year.,0,1,0,0,1,0,0,0,1,1,1
CNN.com Daily Top 10,0,0,0,0,0,0,0,0,1,1,0
Good jeramey proposition,0,1,0,0,0,0,0,1,1,1,1
Re: [PATCH] perlfunc/perldiag errors,0,0,0,1,1,0,0,1,1,1,1
CNN.com Daily Top 10 - Action needed,0,0,1,1,1,1,0,0,1,1,1
CNN Alerts: My Custom Alert,0,0,0,0,0,0,0,0,1,1,0
CNN.com Daily Top 10,0,1,1,0,0,1,1,0,1,1,1
fashionable replica watches,1,0,0,1,0,0,0,0,1,1,1
"Re: [R] Correlation dichotomous factor,  continous (numerical) and ordered factor",0,0,0,0,0,0,0,0,1,1,0
Replica Rolex Swiss Watches   ,0,0,1,0,0,0,1,1,1,1,1
Re: [Python-3000] the release gods are angry at python,0,0,1,0,0,0,0,0,1,1,0
"replica Watches! rolex, patek philippe, vacheron ...    - Action needed",1,0,0,1,0,0,0,1,0,0,1
PerlIO::encoding and !useperlio,0,0,1,1,1,0,0,0,1,1,1
Re: [opensuse] du -shx issue/question,0,0,0,1,0,0,0,0,1,1,1
Lower  your medication expenses with Canadian Pharmacy.,0,0,0,0,0,0,0,0,1,1,0
Interesting cd Britney Spears,1,0,1,0,1,0,0,0,1,1,1
Postfix and Log on mysql,0,0,0,0,0,0,0,0,1,1,0
Re:,0,0,1,0,1,0,0,1,1,1,1
You've received an E-Greeting,0,0,0,1,0,0,1,1,1,1,1
[Bug 5681] [review] Add new headers to X-Originating,0,0,0,0,0,0,0,0,1,1,0
[UAI] Extended deadline: Special Issue on Evolutionary Algorithms based on Probabilistic Models of IEEE TEC Journal,0,0,0,1,0,1,0,0,1,1,1
[opensuse] setserial parameters,1,0,1,0,1,1,0,0,1,1,1
"Make the Impossible, Possible. Enlarge your Penis by 3"" in Weeks!",0,1,1,0,0,0,0,0,1,1,1
CNN Alerts: My Custom Alert,1,0,0,0,0,0,0,0,1,1,1
Guaranteed Erection Fast,0,0,0,0,0,0,0,0,1,1,0
[opensuse] Apt,0,0,0,1,0,1,0,0,1,1,1
CNN.com Daily Top 10,0,0,0,0,0,0,0,0,1,1,0
 and function as people,0,0,0,0,0,0,0,0,1,1,0
The same formulas at reduced prices,0,0,0,0,1,0,0,1,1,1,1
Your receipt #5840929974,0,0,0,0,1,1,0,1,1,1,1
Re: Postfix not receiving mail for any local domain/users,0,0,0,0,0,0,0,0,1,1,0
[Bug 5293] RFE: pluginize the Bayes subsystem,0,0,0,0,0,0,0,0,1,1,0
Re: [Python-3000] Implementing % formatting in terms of str.format(),1,0,1,1,1,0,0,1,1,1,1
"[Spambayes-checkins] spambayes/Outlook2000/dialogs dialog_map.py,	1.50, 1.51",1,1,0,0,0,1,0,1,1,0,1
Re: [ILUG] MySQL Database question - Urgent,0,0,1,0,0,0,1,0,1,1,1
CNN.com Daily Top 10,0,0,0,0,0,0,0,0,1,1,0
CNN.com Daily Top 10,0,1,0,0,0,0,0,1,1,1,1
tarnish circumlocution gwyn hipster disquisition,0,0,1,0,0,0,0,0,1,1,1
Re: [Python-3000] Recursive str,0,0,0,0,0,0,0,0,1,1,0
Changing email address for these,0,0,0,0,0,0,0,0,1,1,0
Penis Enlargement Is Possible ! Learn How and What Products Work,0,0,0,0,0,0,0,0,1,1,0
F1 stars,1,0,1,1,1,0,1,0,1,1,1
Re: [python-win32] Running SQL queries on excel sheets,0,0,1,0,0,0,0,0,1,1,0
CNN.com Daily Top 10 - Urgent,0,0,0,0,0,0,0,1,1,1,1
CNN Alerts: My Custom Alert,0,0,0,0,0,0,0,0,1,1,0
Christmas Replica Watches  ,0,0,1,0,0,1,0,1,1,1,1
buy now Viagra 100mg x 30 pills US $ 3.33 Per Pill - Please verify,0,0,1,1,0,0,1,0,1,1,1
Re: [SM-DEVEL] Direct SM Plugin download for distro packaging,0,0,0,1,0,0,1,0,1,1,1
Shop for human health,1,0,0,0,0,0,0,0,1,1,1
[ILUG] openvpn problem,0,1,0,0,0,0,0,0,1,0,1
VisaAcceptedWelcomeWorldwideShipping,0,0,1,0,0,0,0,0,1,1,0
[Python-3000] 2.6 and 3.0 tasks,0,0,0,0,1,0,0,0,1,1,1
Re: [Python-Dev] The Case Against Floating Point ==,1,1,1,0,0,0,0,0,1,1,1
Gallery photo Angelina Jolie,0,0,0,0,0,0,1,0,1,1,1
CNN.com Daily Top 10 - Urgent,0,0,0,0,0,0,0,0,1,1,0
"Re: [Python-Dev] Currently adding known 2.6 showstoppers to the	tracker",1,0,0,1,1,0,0,0,1,1,1
Tablet of happiness,1,1,0,0,0,1,1,0,1,1,1
[albany-all] New Albany/Auckland-all lists - Action needed,1,0,0,0,0,0,0,0,1,1,1
"Re: [Python-Dev] [Distutils] how to easily consume just the parts	of eggs that are good for you - Urgent",1,1,1,1,1,0,1,0,1,1,1
Aus der Vi ..,0,0,0,0,1,1,0,0,1,1,1
CNN.com Daily Top 10,0,0,0,0,0,1,0,1,1,1,1
Help Stop Premature Ejaculation! ,0,0,0,0,0,0,0,0,1,1,0
SSCS Seminar ,0,1,0,1,0,0,0,0,1,1,1
Re: [Python-Dev] PEP 365 (Adding the pkg_resources module),0,0,1,0,0,0,0,1,1,1,1
Fast Shipping WorldWide. ,0,0,0,1,0,1,1,1,1,1,1
RE: Week 7,0,0,0,0,0,0,0,0,1,1,0
CNN.com Daily Top 10 - Urgent,0,0,0,0,0,0,0,0,1,1,0
[UAI] Post-doc Position in Operations Research/Computer Science,0,1,0,0,1,1,0,0,0,1,1
snuffer genial wrote twinkle unit,0,0,0,0,0,0,0,0,1,1,1
CNN.com Daily Top 10 - Important,1,0,0,0,1,0,0,0,1,1,1
Best tapes for you! - Please verify,0,0,0,1,0,1,0,0,1,1,1
Re: [PATCH] Fix overloading for 64-bit ints (revised),0,0,0,1,0,0,0,1,1,1,1
Viagra 100mg x 30 pills price,0,0,1,0,0,0,0,0,1,1,0
Great saving opportunity !,0,0,0,0,0,0,0,0,1,1,0
[UAI] CFP: Artificial Intelligence and the Web at AAAI-06,0,1,0,0,0,0,0,0,1,1,1
Re: [Python-Dev] string representation of range in 3.0 - Important,0,0,0,0,1,1,0,0,1,1,1
QUESTION: Alt-value,0,0,0,0,0,0,0,0,1,1,0
Re: [Python-3000] Implementing % formatting in terms of str.format(),0,0,0,0,0,0,0,0,1,1,0
CNN Alerts: My Custom Alert,0,0,0,0,0,0,0,0,1,1,0
Extended courier service delivers everything you order at our chemists.,1,0,0,0,0,0,0,0,1,1,1
RE: Tuesday Netball (Eclipse) - Fank you :),0,0,0,1,1,1,0,1,1,1,1
Re: [opensuse] Hopefully simple printing question,0,0,0,0,0,0,0,0,1,1,0
[UAI] MLSP workshop at ICML'07: Extended Deadline,0,1,0,0,1,0,0,0,1,1,1
J&R Weekend Sale - Last Day for Savings!,0,0,0,1,0,1,1,0,1,1,1
Re: [Python-3000] range() issues,0,0,0,0,0,0,0,0,1,1,0
VPXL - Urgent,1,1,0,0,1,0,0,0,1,1,1
Helping Men with low sex drives,0,0,0,0,0,0,0,0,1,1,0
Re: [python-win32] pywin32 installer problems with Python 2.6,0,0,1,0,0,0,0,0,1,1,1
Which Ones Really Work? We List The Top Penis Enlargement Products!,0,0,0,0,0,0,0,0,1,1,0
Re: Code freeze,1,0,0,1,0,0,1,1,1,1,1
[PownceAPI] Re: Username rules,0,0,0,0,0,0,0,0,1,1,0
"Work hard, play harder.",1,0,1,0,0,0,0,0,1,1,1
Re: [FoRK] Book Mooch,0,0,0,0,0,0,0,0,1,1,1
buildbot failure in mc-fast,0,1,0,0,1,1,0,0,1,1,1
With Vacheron Constantin replica watch time becomes ...   ,0,0,1,0,0,0,0,0,1,1,1
"Greetings, how are you doing?",0,1,0,0,0,0,0,1,1,0,1
For:8ac78fe31e07dc797a3c6e869d5cb2eb Britney still has cool t*tsWatch.,1,0,0,0,1,0,0,0,1,0,1
Helping Men with low sex drives,0,0,0,0,0,0,0,0,1,1,0
Re: [ILUG] localhost.localdomain considered harmful,0,0,0,0,0,0,0,0,1,1,0
CNN Alerts: My Custom Alert - Please verify,1,0,0,0,0,0,0,0,1,1,1
Discover new saving possibilities with  CanadianPharmacy.,0,0,0,1,0,0,0,1,1,0,1
Re: [Python-Dev] fixing tests on windows,0,0,0,0,1,0,0,0,1,1,1
Re: [opensuse] openSUSE 11.0 and the Non-ready KDE4,1,0,0,1,0,0,1,0,1,0,1
Re: [opensuse] bash - why doesn't the tldp bash beginners guide for loop example work?,1,1,0,0,0,0,0,1,1,1,1
fungicide premier contributory upslope counterpart,1,1,0,0,0,0,1,0,1,1,1
Generate the best love results here,0,1,0,0,0,0,0,0,0,1,1
"Suspend2-users Digest, Vol 35, Issue 28",0,1,1,0,0,0,0,0,1,0,1
Thanks for being  with CanadianPharmacy.,1,0,0,1,1,0,0,0,1,1,1
Re: [opensuse] I have to reinstall SuSE,0,0,0,1,1,1,0,0,0,1,1
CNN Alerts: My Custom Alert,0,0,0,0,0,0,0,0,1,1,0
Take her to make your love more passinnate,0,0,0,1,1,0,1,1,1,1,1
from Julio Melendez,0,0,1,0,0,0,0,0,1,1,1
"Re: [R] Attempting to make a custom color spectrum to use 	inheatmap.2",0,1,0,0,0,0,1,0,1,1,1
Trade Me -- your auction 130939357 for Small bookshelf has closed,0,0,0,0,0,0,0,0,1,1,0
Re: [Python-Dev] Problems with the new super(),0,0,0,0,0,0,0,0,0,1,0
100% Money Back Guarantee. ,0,0,0,0,0,1,0,0,1,1,1
Re: [PownceAPI] Working with oAuth,0,0,0,0,0,0,0,0,1,1,0
You our client!,0,0,0,0,0,0,0,0,1,1,0
Re: [opensuse] Defragging: possible?  necessary?,0,0,0,0,0,0,0,0,1,1,0
Luxurious costume replica watches at ...   ,0,0,0,0,0,0,0,0,1,1,0
fashionable replica watches   ,0,0,0,0,0,0,0,0,1,1,0
CNN Alerts: My Custom Alert,0,0,1,0,1,0,0,0,1,1,1
the better satisfaction she has.,0,0,0,0,0,1,1,0,1,1,1
*3 FREE Bottles Of VPXL !! ,0,0,0,0,0,1,1,0,1,1,1
Re: Suggestions to block this spam,0,0,0,1,1,0,0,1,1,1,1
SCM Best Practices for Continuous Integration,0,0,0,0,0,0,0,0,1,1,0
The top rated penis enlarger Proven Results. 100% Guaranteed. - Action needed,1,1,1,1,1,0,0,1,1,1,1
Re: [Python-Dev] How we can get rid of eggs for 2.6 and beyond,0,0,0,1,0,0,0,0,1,1,1
Best replica watches from Omega at Replica Classics   ,1,0,1,1,0,1,0,1,1,1,1
"Beautiful quartz, water-resistant Replica Watches",0,0,0,0,0,0,0,0,1,1,0
TurboGears joins Google Summer of Code - Students Wanted!,0,0,0,0,0,0,0,0,1,1,0
Click here to purchase high-quality replica watch ,0,0,1,1,1,1,0,1,1,1,1
Re: [Python-3000] [Python-Dev] 2.6 and 3.0 project management,0,0,0,0,0,0,0,0,1,1,0
CNN.com Daily Top 10,0,0,0,0,0,0,0,0,1,1,0
Fwd: Bye from Holland - Important,0,0,0,0,0,0,0,0,1,1,0
"Buy software and be sure our professional customer support team will help to install it. Be also sure, if some problem occurs and your software does not run, we give your money back. You also will be able to do all the updates. - Urgent",0,1,1,0,0,0,1,1,1,1,1
Awesome presents to give,0,0,0,1,0,0,0,0,1,1,0
Re: [opensuse] Re: [opensuse-kde] Konqueror now crashing under KDE4?,0,0,0,0,0,0,0,0,1,1,0
Re: [opensuse] Is it possible to force postfix to retry a failed sent mail,1,1,1,0,0,1,0,0,1,1,1
CNN.com Daily Top 10,1,0,0,0,0,1,0,1,1,1,1
"Re: New schemes vs recycling ""http:"" (Re: Past LC	comments	on	draft-ietf-geopriv-http-location-delivery-08)",0,0,0,0,0,0,1,0,1,1,1
[UAI] The concept of cointensive precisiation,1,0,0,1,0,0,0,1,1,1,1
CNN.com Daily Top 10,0,0,0,0,0,0,0,0,0,1,0
and show how deeply you love him.,0,0,0,0,0,0,0,0,1,1,0
Re: [Dixielandjazz] Big Band Movies (was Side Street Strutters) - Action needed,0,0,1,0,0,1,0,1,1,1,1
*3 FREE Bottles Of VPXL !! ,1,1,1,0,0,0,0,0,1,1,1
CNN.com Daily Top 10,0,0,1,0,0,1,0,0,1,1,1
"Best way to get hired, in any economy ",0,0,0,0,0,0,0,0,1,0,0
Re: [Python-3000] Spooky behavior of dict.items() and friends,0,0,1,1,0,0,1,1,1,1,1
For:71db67758095c682f5391cbf75073e53 Paris and Britney nude.,1,0,0,0,1,0,0,0,1,1,1
Buy a new Perrelet watch   ,0,0,0,0,0,0,0,0,1,1,0
Here is your E-greeting,0,0,0,0,0,0,0,0,1,1,0
Keeping up with today's threat environment - Urgent,0,0,0,0,0,0,1,1,1,1,1
CNN.com Daily Top 10 - Important,0,1,1,1,0,0,1,0,1,1,1
CNN Alerts: My Custom Alert - Urgent,1,1,0,0,1,0,0,0,1,1,1
 a five-day gathering that attracts the industry's talent pool. ... 'I think the dog alone is the most incredible piece of artificial intelligence I have seen in a game. He really feels alive,0,0,0,0,0,0,0,0,1,1,0
Re: [opensuse] Strange files --- Aha!!,1,1,0,1,0,0,0,0,1,1,1
[Bug 5568] Vbounce and Shortcircuit hitting read receipts,1,0,0,0,0,0,0,0,1,0,1
[UAI] COMSOC-2008: Call for Papers,0,0,0,0,0,0,0,0,1,1,0
CNN Alerts: My Custom Alert,0,0,0,0,0,0,0,0,1,1,0
Luxury that you can afford - Please verify,0,0,0,0,0,1,1,0,1,0,1
Play for an hour and find out what nice is. ,0,0,0,0,0,0,0,0,1,1,0
Finally! A new pill that really works! erzjtm kzwi g - Important,0,0,0,0,0,0,0,0,1,1,1
"Re: [Python-Dev] py3k: print function treats sep=None and end=None	in	an unintuitive way",1,0,1,0,0,0,0,0,1,1,1
Sex story of a geisha 6s,0,0,0,1,0,0,0,0,1,1,0
An Ecard for someone special,0,1,0,0,0,0,0,0,1,1,1
Re: [Python-3000] python-safethread project status,1,1,0,1,0,0,0,1,1,1,1
Re: [python-win32] possible to save the output of TTS to a WAV file?,1,1,0,0,0,1,0,0,1,1,1
Re: [Python-Dev] [Python-3000] the release gods are angry at python,1,0,1,1,0,1,1,0,1,1,1
Kick-up dvd Salma Hayek,1,1,1,0,0,0,0,0,1,1,1
"[Perl Jobs] Perl/AJAX Software Engineer (onsite), United States, IL, Chicago area (Arlington Heights)",0,0,1,0,1,0,0,1,1,1,1
CNN.com Daily Top 10,0,1,0,0,0,1,0,1,1,0,1
Re: [Python-Dev] [Python-3000]  No releases tonight,0,0,0,0,0,0,0,0,1,1,1
"***SPAM*** 6.257 [UAI] ICAPS'07 Workshop on Heuristics for Domain-independent Planning: Progress, Ideas, Limitations, Challenges",0,0,0,0,0,0,0,0,1,1,0
Re: [PATCH] perlsub's docs on state assignment are busted,1,0,0,0,1,0,1,0,1,1,1
Where gone?,0,0,0,0,0,0,0,0,1,1,0
[UAI] UAI 2006 - Call for papers,0,1,0,1,0,0,0,0,1,1,1
Finest bernard proposition,0,0,0,0,0,0,0,0,1,1,0
RE: [FoRK] minimal universal turing machine,0,0,0,1,0,1,0,0,1,1,1
Re: Restricting internal distribution list: warning: unknown smtpd restriction: "insiders_only",0,0,0,0,0,0,0,0,1,1,0
Re:,0,0,0,0,0,0,0,0,1,1,0
Re: [opensuse]  [OT] How much power does a PC really consume?,0,0,0,0,0,0,0,0,1,1,0
Olympic strength,0,0,1,0,1,0,0,0,1,1,1
"ScienceDaily Health Headlines -- for Thursday, August 7, 2008",0,0,1,1,1,0,1,0,1,1,1
Re: [Python-3000] [Python-Dev] No releases tonight,0,0,0,0,0,0,0,1,1,1,1
Re: [opensuse]  Re: Adobe flash player "no audio",0,1,1,0,1,0,0,0,1,1,1
Shocking video without cowards Angelina Jolie,0,0,0,0,0,0,0,0,1,1,0
Re: [Python-3000] Equality of range objects,0,0,0,0,0,0,0,0,1,1,0
CNN.com Daily Top 10,0,1,0,0,0,1,0,0,1,1,1
[Slashdot] Stories for 2008-04-17,1,1,0,1,1,1,0,0,1,1,1
Re: [opensuse] openSUSE 11.0 and the Non-ready KDE4,0,0,1,1,0,0,1,0,0,1,1
Re: [opensuse] Extensive disk i/o at startup (10.3)(rephrased posting),0,0,0,0,0,0,0,0,1,1,0
"[UAI] COLT 2006, Final Call for Papers",0,0,0,0,1,0,0,0,1,1,1
No Pumps! No Surgery! No Exercises! ,1,0,0,0,1,1,0,1,1,0,1
Re: Comcast's 6 recipient per second limit,0,0,1,0,0,1,1,0,1,1,1
Re: Carp::Heavy is being bizarre,0,0,0,0,0,0,1,0,1,1,1
Re: BBC(Bleadperl Breaks CPAN) Today: PerlPoint::Parser (0.451),0,0,0,0,0,0,0,0,1,1,0
Re: [FoRK] Google is evil,1,0,1,1,0,1,0,0,1,1,1
CNN.com Daily Top 10 - Urgent,0,1,1,0,1,0,0,0,1,1,1
"Re: [Python-Dev] Proposal: from __future__	import	unicode_string_literals",0,0,0,0,0,0,0,0,1,1,0
We congratulate! ,0,0,0,0,0,0,0,0,1,1,1
Start using your software immediately after purchase.,0,0,0,0,0,0,0,0,1,1,0
Re: NTL Digital TV quality (was Re: [ILUG] Broadband in Dublin),1,0,0,1,0,1,0,0,1,1,1
Jenna Jameson wants you as BFF,0,0,0,0,0,0,0,0,1,1,0
"[Spambayes-checkins] spambayes/spambayes CoreUI.py, 1.1.2.1, 1.1.2.2",0,0,0,1,0,0,0,0,1,1,0
Best georgie suggestion,1,0,1,1,0,0,0,0,1,1,1
 at some point,0,0,0,1,0,0,0,0,1,1,0
CNN.com Daily Top 10 - Action needed,1,0,0,0,1,1,0,1,1,1,1
Re: [Python-3000] u'text' as an alias for 'text'?,0,0,1,0,0,0,0,1,1,1,1
For:ebba09f6d70c66bd04a48bcaea8796ff Kylie Minogue naked video,0,0,0,0,0,0,0,0,1,1,0
CNN Alerts: My Custom Alert,0,0,0,0,0,0,0,0,1,1,0
everybody wants.,0,0,0,1,0,1,1,0,0,1,1
Please Update Your Billing Information. - Urgent,1,0,1,1,0,1,1,1,1,1,1
CNN.com Daily Top 10,0,0,0,1,0,0,1,0,1,1,1
[python-win32] pywin32 installer problems with Python 2.6 - Please verify,0,0,1,0,0,0,0,0,1,1,1
Re: [opensuse] Is it possible to force postfix to retry a failed sent mail,0,1,0,0,0,0,1,0,1,1,1
CNN Alerts: My Custom Alert,0,0,0,1,1,0,1,1,1,1,1
CNN.com Daily Top 10,0,0,0,0,0,0,0,0,1,1,0
More inches and more force,1,0,0,1,0,0,0,0,1,1,1
fashionable replica watches,0,0,0,0,0,1,0,0,1,1,1
"This Week: Celebrity Desktop: Prince Harry, Red Hot Chili Peppers,	RioHeroes and more...",1,0,0,0,1,1,0,1,1,1,1
Re: "Nice girl like to chat" spam,0,0,0,1,0,0,0,0,1,1,0
Re: [opensuse] ext3 check forced = frustration,0,0,0,0,0,1,0,0,1,1,1
Healthy relationship? Easily.,0,0,0,0,0,0,0,0,1,1,0
Amazing quality fake designer watches,0,0,0,0,0,0,0,0,1,1,0
Re: [ie-rant] Aphex in Dublin,0,0,1,0,0,0,1,0,1,1,1
Re: CPAN Upload: S/SA/SAPER/Sys-Syslog-0.23.tar.gz - Action needed,0,0,0,0,1,0,0,0,1,1,1
You Can Enlarge Your Penis By 3" Compare Top 5 Penis Enlargers,0,1,0,1,0,0,0,0,1,1,1
metallic crumb bunyan borealis dispensary,0,0,1,0,0,0,0,1,1,1,1
CNN Alerts: My Custom Alert,1,0,0,1,0,0,0,0,1,1,0
CNN.com Daily Top 10,0,0,0,0,1,0,0,0,1,1,0
"Best Practices in Automating Software Installation, User State and Patch Management",0,0,0,0,0,1,0,0,1,1,1
Kick-up mp3 Veronika Zemanova,0,0,0,0,0,0,0,0,1,1,0
Re: Smoke [5.10.0] 32308 FAIL(F) openbsd 4.1 (i386/1 cpu),1,1,0,0,0,0,0,0,1,1,1
For:4bc2655c86e80a73abda26152f3f8fd7 Britney Spears and Paris Hilton are lovers. Video proof.,0,0,1,0,0,1,0,0,1,1,1
Increase Your Penis Width (Girth) By upto 20%.,0,0,0,1,0,0,0,0,1,1,0
Pure Hoodia Weight Loss,1,0,1,1,0,0,1,1,1,1,1
Spring Big Sale...FANTASTIC Replica watches...Save 15% ...   ,0,0,0,1,0,0,0,0,1,1,0
CNN Alerts: My Custom Alert,1,0,1,0,1,0,1,1,1,1,1
[UAI] ICALP 2007 Call for Papers -- First Announcement,0,0,0,0,0,0,0,0,1,1,0
Quality medications can  be cheap!,0,0,0,0,1,0,0,0,1,1,0
[UAI] Final CFP (Deadline Extended): Machine Learning Algorithms for Event Detection,0,0,0,0,0,0,0,0,1,1,0
Re: relay issue - Please verify,0,0,0,0,0,0,0,1,1,1,1
Luxurious costume replica watches at ...  ,0,0,1,1,0,0,0,0,1,1,1
Help Stop Premature Ejaculation! ,0,0,0,0,0,0,0,0,1,0,0
For:1b10055440efac18fc80423f8be268d5 Britney and Paris Lesbian video,0,0,0,0,0,0,0,0,0,1,0
"[UAI] CFP: SARA 2007, 7th International Symposium on Abstraction, Reformulation and Approximation - Important",0,0,0,0,0,0,0,0,0,1,0
goodbuy to bad state,0,1,1,0,0,0,0,0,0,1,1
Make women crave for it! - Important,0,0,0,0,0,0,1,0,1,1,1
Click here to purchase high-quality replica watch ,0,0,0,0,0,0,0,0,1,1,0
[UAI] SECOND CALL FOR PAPERS: PST'2005,0,0,0,1,0,0,0,0,1,1,0
CNN Alerts: My Custom Alert,0,0,0,0,0,0,0,0,1,1,1
Payday Loans,0,0,0,0,0,0,1,1,1,1,1
CNN Alerts: My Custom Alert,0,0,0,0,0,0,1,0,1,1,1
[PownceAPI] Powncetastic.com - updated,1,0,0,0,0,0,0,0,1,1,0
Titanic dimension without much effort!,0,0,0,1,1,0,0,1,1,1,1
"Much, much bigger than you ave it right now.",0,0,0,0,0,0,0,0,1,1,1
Beautiful watches,0,0,0,0,0,0,0,0,1,1,0
"[TechRepublic] Address bookmarks, history navigation with RSH",0,0,1,0,1,1,0,0,1,1,1
Re: [opensuse] swap partition with raid not active,0,0,0,0,0,0,0,0,1,1,0
Succeed in close relationships,0,0,0,1,0,0,0,1,1,1,1
CNN Alerts: My Custom Alert - Urgent,0,0,0,0,0,0,1,0,1,1,1
VisaAcceptedWelcomePills - Important,0,0,0,0,0,0,0,0,1,1,0
You will make her 5 times a night,0,1,0,0,0,0,0,0,1,1,0
Perfect length and thickness,0,0,0,0,0,0,0,0,1,1,0
Re: postfix service provider?,1,0,0,0,0,0,0,0,1,1,0
Get the Discount on Adobe Product ,1,1,0,0,1,0,1,0,1,1,1
Don?t leave her dissatisfied,0,1,0,1,0,0,0,0,1,1,1
Welcome100mgVisaAccepted,0,0,0,0,1,0,0,0,1,1,1
Brand name meds at dirt cheap price.,0,1,0,0,0,0,0,0,1,1,1
Re: [Python-Dev] A smarter shutil.copytree ?,0,0,0,0,0,0,0,0,0,1,0
Keep the young girls away from that bulch - Please verify,1,0,0,0,0,1,0,0,1,1,1
[Slashdot] Stories for 2008-04-07,0,0,1,1,1,1,0,0,1,1,1
From Marcelino Quinn,0,0,0,0,0,0,0,0,1,1,0
[PATCH] Move threads test added in change 32091,0,0,0,0,0,0,0,0,0,1,0
Enjoy the healthy life you can have.,0,0,0,0,0,0,0,0,1,0,0
G-spot location techniques for men,0,0,0,0,0,0,0,0,1,1,0
Re:,0,0,1,1,0,0,0,0,1,1,1
Weapon used to make love,0,1,1,0,1,0,0,1,1,1,1
[PATCH] perlfunc/perldiag errors,0,0,0,0,0,0,0,1,1,1,1
CNN.com Daily Top 10,0,1,0,1,0,0,0,0,1,1,1
YourHealthFDAapprovedSpecialPrices,1,0,1,0,1,0,1,0,1,1,1
Re: [opensuse]  [OT] How much power does a PC really consume?,1,1,0,0,0,1,0,0,1,1,1
"Re: [spambayes-dev] FAQ 5.8   After installing SpamBayes,	Outlook crashes and then asks for the plug-in to be disabled.",0,0,1,0,1,0,0,0,1,1,1
Top 10 Reasons to Go Green in IT - Action needed,0,0,1,0,1,1,0,0,1,1,1
telnet port 783 from external network,0,1,1,0,0,0,0,0,1,1,1
"Trendy replica watches Famous brands, top quality  ",1,0,1,1,0,0,0,0,1,1,1
Problems with weight? - Please verify,0,1,0,0,0,0,0,0,0,1,1
Change your sex life with PowerEnlarge! mx kvqmmr vckc,1,0,0,0,1,0,0,0,1,1,1
Re: [doap-interest] New DOAP repository: doapspace.org,0,0,0,0,1,0,0,0,1,1,1
RE: Security issues in the Perl core,1,0,0,1,0,0,0,0,1,0,1
Re: Smoke [5.8.8] 32289 FAIL(M) MSWin32 WinXP/.Net SP2 (x86/2 cpu),0,0,0,0,0,0,0,0,1,1,0
Make your buddies envy - Important,1,1,0,1,0,0,0,0,1,1,1
Re: [perl #46463] filetests sometimes do not set _,1,0,0,1,0,0,1,0,1,1,1
"The life needs to be lived in the pleasure and the it will be more, the better nfsjja y an",0,1,1,0,1,0,0,1,1,0,1
CNN Alerts: My Custom Alert,0,0,1,1,1,1,0,0,1,1,1
GenericsHealthyLifeUSlicensed,0,0,0,1,0,0,0,1,1,0,1
Re: [Python-Dev] Improved thread switching,1,0,0,0,0,0,1,0,1,1,1
Dont hesitate to  purchase with CanadianPharmacy.,1,0,1,1,0,1,0,1,1,1,1
Re: [Python-Dev] Warn about mktemp once again?,1,0,1,1,0,0,0,0,1,1,1
[UAI] ICAPS 2007: CALL FOR PARTICIPATION,0,0,0,0,0,0,0,0,1,1,0
Replica Classics  if looking for magnificent watches,1,0,1,0,0,1,0,1,1,1,1
Re: [ILUG] ClarkConnect 4.2,0,0,0,0,0,0,0,0,1,1,0
From Maricela Huddleston,0,0,0,1,0,0,0,0,1,1,1
[UAI] Conference on Email and Anti-Spam Preliminary Call for Papers,0,1,1,0,1,1,0,1,1,1,1
Items for Man's health,0,0,0,0,0,0,0,0,1,1,0
Achieve  stronger and longer orgasms increasing the volume of cum,0,0,1,0,0,1,1,1,1,1,1
Beef your package up with more inches - Please verify,0,0,1,0,0,0,1,0,1,1,1
"PyOhio, July 26 2008: regional miniconference",0,0,0,0,0,0,0,0,1,1,0
Buy a new Perrelet watch   ,0,0,0,0,0,0,1,0,1,1,1
CNN.com Daily Top 10 - Action needed,0,0,0,0,0,0,0,0,1,1,1
Christmas Replica Watches   ,0,0,0,1,0,0,0,1,1,1,1
Watches for all tastes at Replica Classics online store  ,0,0,1,0,0,1,0,0,1,1,1
2008 Auckland Graduation Attendance - urgent,0,1,0,0,0,0,1,1,1,1,1
Click here to purchase high-quality replica watch ,0,0,0,0,0,1,1,0,1,1,1
Befriend Jenna Jameson,0,0,0,1,0,0,0,1,1,1,1
CNN.com Daily Top 10,0,0,0,1,0,1,0,1,1,0,1
Re: [opensuse] Firefox update.,0,0,0,0,0,0,0,0,1,1,0
Your order in processing,0,0,0,0,0,0,0,0,1,1,0
CNN.com Daily Top 10,0,0,0,0,0,0,0,0,1,1,0
Re: Initial Working in Artwork for Lenny,0,0,0,0,0,0,0,0,1,1,0
Goodiest ellwood solution,1,1,0,1,0,0,0,0,1,0,1
"Hurry, Free Shipping ends soon  email exclusive offer!",0,0,0,0,0,1,0,0,1,1,1
pool brig jure shivery inconsistent,0,0,0,0,0,0,0,0,1,1,0
Re: [opensuse] S-ATA hardware RAID controller,0,0,0,0,0,0,0,0,1,1,0
Re: [SM-USERS] return-receipt-request causes error since 1.4.13,0,0,0,0,0,0,0,0,1,1,0
New porno dvd Nicole Richie,0,0,1,0,0,0,0,0,1,1,0
Penis Enlargment Reviews,0,0,0,0,1,1,0,0,1,1,1
Achieve  stronger and longer orgasms increasing the volume of cum,0,0,0,0,0,0,0,0,1,1,0
Re: PathTools beta for testing,0,0,0,0,0,0,1,0,1,1,1
AllProductsProductListRemedy,0,0,0,0,0,0,0,0,1,1,1
A method that works wonders,0,0,0,0,0,0,0,1,0,1,1
Re:,0,0,0,0,0,0,0,0,1,1,0
Most Popular Watches of All Trademarks   ,0,1,0,1,0,0,0,0,1,1,1
A formula turning you into a happy guy!,0,0,0,0,0,0,0,0,1,1,0
Re: [opensuse] Re: Adding a route from a shell script?,0,0,0,0,0,0,0,0,1,1,0
Re: New M::B beta on CPAN - Important,0,0,0,1,0,1,1,0,1,1,1
"Instead of our old formula, the new one is more concentrated and alot more powerful",1,0,0,0,0,0,1,0,1,1,1
Katerina age 29 -on dating ,0,0,0,0,0,0,0,0,0,1,0
CNN.com Daily Top 10,0,0,0,0,0,1,1,1,1,1,1
Slideshow JS creates hotlinks,0,0,0,0,0,0,0,0,1,1,1
Re:,0,0,0,0,0,0,0,0,1,1,0
123,0,0,1,1,1,1,0,0,1,0,1
Most intimate problems can be solved  with WonderCum.,0,1,1,1,0,1,0,0,1,1,1
"good article on Gawker, Popbitch etc. (fwd)",1,0,0,0,0,0,0,1,1,1,1
[UAI] SymCon 07: Deadline extension,0,1,1,0,0,1,0,0,1,1,1
Low price - Love package,0,0,0,0,1,0,0,1,1,1,1
Re: [PATCH] hostname.t busted,0,1,0,1,0,0,0,0,1,1,1
Re:,0,0,1,0,0,0,0,0,1,1,1
Re: [opensuse] [OT] How much power does a PC really consume?,0,0,1,0,0,1,0,0,1,0,1
Qualitative replica watches for most exacting people   ,0,0,0,0,0,0,0,0,1,1,0
Re: [UAI] Determinism verses chance,0,0,0,1,0,1,0,0,1,1,1
Supercharge your libido like never before vze t j,0,0,0,0,0,0,0,0,1,1,0
RE: Help figuring our why SA is taking like 1.5 minutes to filter...,0,0,0,0,0,0,0,0,1,1,0
[UAI] ICAPS 2007: CALL for TECHNICAL PAPERS,0,0,1,0,0,0,0,0,1,1,0
go graduation - Important,1,1,0,1,0,0,0,1,1,1,1
New pharm items,1,0,0,0,0,0,0,0,0,1,1
Negroes admire with the of the size - we will surpass them! ik aadevf dzfwrl,0,0,0,0,0,0,0,0,1,1,0
Give your lady only the best,0,0,0,1,0,0,1,1,1,1,1
"[Perl Jobs] Software developer, Italy, Udine, Buttrio",1,0,0,0,1,1,1,1,1,1,1
Re: Question re: smtpd_tls_security_level,0,1,1,1,0,0,0,0,1,1,1
Re:,0,0,0,0,0,0,0,0,1,1,0
123,0,0,0,1,1,0,1,0,1,1,1
Re: [opensuse] which repository is safe ?,0,0,0,0,0,0,0,0,1,1,0
Fw: ????????? ???? ?? ??????????? ???? -???!,0,0,0,0,0,0,0,0,1,1,0
"[UAI] Machine Learning Summer School, Kioloa, Australia, 2008",0,1,0,0,0,0,1,0,1,1,1
CNN.com Daily Top 10,0,0,0,0,0,0,0,0,1,1,0
Return your self-estteme with blue pilule.,0,1,0,0,0,1,0,0,1,1,1
Re: [opensuse] Unstable system - who is the culprit?,0,0,0,0,0,0,0,0,1,0,0
[Slashdot] Stories for 2008-03-12,0,0,0,0,0,0,0,0,1,1,0
MyPDF Maker - Create PDF Files from Any Application,1,0,0,0,0,1,0,0,1,1,0
Consultants recommended product for men,0,0,0,0,0,0,0,0,1,1,0
CNN.com Daily Top 10,0,0,0,0,1,0,0,0,1,1,1
You our client!,0,0,1,0,0,0,0,0,1,1,1
CNN Alerts: My Custom Alert,0,0,0,0,0,0,0,1,1,0,1
She will belong to you if you take blue pilules.,1,0,0,1,0,1,0,1,1,1,1
Re: [ILUG] [OT] Q - Brussels (Bruxelles) & Rugby World Cup - Urgent,0,1,1,1,0,1,0,0,1,1,1
CNN.com Daily Top 10,1,0,1,0,1,0,1,0,1,1,1
in processing....,0,0,0,0,1,0,0,1,1,1,1
New PHP/SQL Certificate from O'Reilly School of Technology - Important,0,0,0,0,0,0,0,0,1,1,0
Helping Men with low sex drives - Action needed,0,1,0,0,0,0,0,0,1,1,1
Some months and women are admired by you xe y fktw,0,1,0,1,0,1,0,0,1,1,1
[UAI] extended deadline: Workshop on Formal Models of Resource Bounded Agents,0,1,0,0,0,1,0,1,1,1,1
Generate the best love results here,0,0,1,1,0,0,0,0,1,1,1
100% Money Back Guarantee. ,0,0,0,0,0,0,0,0,1,1,0
Today's Activity (Tuesday 29th April),1,1,0,0,0,1,0,0,1,1,1
Re: [Buildbot-devel] bug in 0.7.6 with 'buildbot reconfig'?,0,0,1,0,0,0,0,0,1,1,1
Compare Top 5 Penis Enlargers,0,0,0,0,0,0,0,0,1,1,0
"No painful surgery, get 3 month supply for ultimate enhancing.",0,1,1,0,0,1,0,0,1,1,1
svn commit: r584629 - /spamassassin/branches/bug-5293-pluginized-bayes/lib/Mail/SpamAssassin/Plugin/Bayes.pm,1,1,0,1,0,0,0,0,1,0,1
Stunning video without cowards Nicole Richie - Important,0,0,0,1,0,0,0,0,1,1,1
[opensuse]  Re: YaST2 updates.,0,0,1,0,0,1,0,0,1,1,1
"[Perl Jobs] Perl Catalyst Programmer for foundation grants aggregator (telecommute), United States, CA, San Francisco",0,0,0,0,0,0,0,0,1,1,0
CNN.com Daily Top 10 - Action needed,0,0,0,0,0,0,0,0,1,1,1
Re: [opensuse] openSUSE 11.0 and the Non-ready KDE4,1,0,0,1,0,0,0,0,1,1,1
"[opensuse]  Re: 3.5 GB of RAM, Rest Missing - Please verify",1,0,0,0,0,1,0,0,1,1,1
 if solved,0,0,0,0,0,0,0,0,1,1,1
The bigger tool,0,0,0,0,0,0,0,0,1,1,0
CNN.com Daily Top 10,0,1,0,0,0,0,0,1,1,1,1
Flawless design rep1!c@s,1,0,0,1,1,1,0,0,1,1,1
from Marcel Jensen,0,0,0,0,0,0,0,0,1,1,1
Re: [Python-Dev] string representation of range in 3.0,0,1,0,0,0,0,1,0,1,1,1
Do not want to buy their shops unknown in the stores?,0,0,0,0,0,1,0,0,1,1,1
Re: REPOST of Re: [opensuse] OpenSuse 11,1,0,0,0,0,1,1,0,1,1,1
Re: [Python-Dev] Encoding detection in the standard library?,0,0,0,0,1,1,0,0,1,1,1
Re: [Python-3000] [Python-Dev] 2.6 and 3.0 project management,0,0,0,0,1,1,0,0,1,1,1
Enlarge your PE and your mind will follow!,0,0,0,0,0,0,0,0,1,1,0
Dance in the sheets all night long,0,1,0,1,0,1,0,0,1,1,1
CNN Alerts: My Custom Alert,0,0,0,0,1,1,0,0,1,1,1
Order Rolex Replica //atches 0nline!   ,0,1,0,0,0,1,1,0,1,1,1
Re: PathTools beta for testing,0,1,1,0,1,0,1,0,1,1,1
CNN.com Daily Top 10,0,0,0,1,0,0,1,1,1,1,1
Turn your dwarf into a giant,0,0,1,0,1,0,1,1,1,1,1
Navigation buttons do not show,0,0,0,0,0,0,0,0,1,1,0
Re: [patch@31780] CPANPLUS/Internals/Constants.pm for VMS,1,1,1,0,0,0,0,1,1,1,1
Replica Classics  if looking for magnificent watches,0,0,0,1,1,0,0,1,1,1,1
Fulfill  all your pharmaceutical needs with Canadian Pharmacy.,0,0,0,0,0,0,0,0,1,1,0
"New Leopard Ebooks Help with Backups, Maintenance, and More",0,0,0,0,1,0,0,0,1,1,1
CNN.com Daily Top 10,0,0,0,0,0,0,0,0,1,1,0
Accurately made copies of watches,0,0,1,1,0,1,0,0,1,1,1
Re: queue file write error for some domains,0,0,0,1,0,1,0,0,1,1,1
Re: accepting mail for ""@domain.com - Urgent,1,0,1,0,1,0,0,1,1,1,1
Re: [Python-3000] Python 3.0 Porting Strategies,0,0,0,0,0,0,0,0,1,1,0
farewell westfield mettle breakaway carson,0,1,0,0,0,0,1,0,1,1,1
[Python-3000] Spooky behavior of dict.items() and friends,0,1,1,0,0,1,1,1,1,1,1
Re: [Python-Dev] string representation of range in 3.0,0,0,0,0,0,0,0,0,1,1,1
Enjoy Prices in our Drugstore,0,0,0,0,0,0,0,0,1,1,0
"We dont advertise,  we advise. ",1,0,0,0,0,1,1,0,1,1,1
Re: clarification of our inclusion policy (fwd),0,0,0,0,0,0,0,0,1,1,0
Re: [R] Iterating Named List,0,0,0,0,0,0,0,0,1,0,0
Why spam isn't going away soon,0,0,0,0,0,0,0,0,1,1,1
Re: [Python-Dev] Python source code on Bazaar vcs,0,0,0,0,0,0,0,0,1,1,0
CNN.com Daily Top 10,0,0,0,0,0,0,0,0,1,1,0
CNN Alerts: My Custom Alert,0,0,0,0,0,0,0,1,1,1,1
These nurses are flaming hot,0,0,0,0,0,0,0,0,1,1,0
Smart PC Professional v5.0?c????????(?t??????)-I9,0,0,0,0,0,0,0,0,1,1,1
Re: Local Root-Exploit Kernel 2.6.17-2.6.24.1 - Action needed,0,0,0,0,0,1,0,0,1,1,1
Top-quality fashion jewelry & watches,0,0,0,0,0,0,0,0,1,1,0
"Re: [opensuse] Knetworkmanager, wireless, I'm going nuts :-)",0,0,0,0,0,0,1,0,1,1,1
Re: [opensuse] openSUSE and faxes,0,0,1,0,1,1,0,1,1,1,1
Re: [ie-rant] Re: Nice wrapper for google file search,0,0,0,0,0,0,0,0,1,1,0
Re: [opensuse] OpenOffice writer nuisance pop up [solved],0,0,1,0,1,0,1,1,1,1,1
H5N1 bird flu strain discovered in East Anglia,0,0,0,0,0,0,0,0,1,1,0
Re:,1,0,0,0,0,0,0,0,1,1,1
Generate the best love results here,0,0,0,0,0,0,0,0,1,1,0
Your order in processing,0,0,1,0,0,0,1,0,1,1,1
"Re: [opensuse] Re: [opensuse-kde] Konqueror now crashing under	KDE4?",0,0,0,0,0,0,0,0,1,1,0
[Bug 5260] Memory leak persists in 3.2 DNS usage,0,0,0,0,0,0,0,0,0,1,0
Re: [Python-Dev] Problems with the new super() - Urgent,0,0,0,0,0,0,1,0,1,1,1
Feb. 26: Bolster network performance AND security,1,0,0,1,0,0,0,1,1,1,1
Most reliable replica from Patek Philippe watch here   ,0,0,0,0,0,0,0,0,1,1,0
[UAI] CFP: Bayesian Methods in NLP workshop at NIPS,0,0,1,1,0,1,0,0,1,1,1
Your order in processing,0,1,1,0,0,0,1,1,1,1,1
Re: PathTools beta for testing,0,1,1,0,0,1,0,1,1,1,1
Top notch repl1!c@ted watches,0,0,1,0,0,0,0,0,1,1,1
Re: [ILUG] Nfs fine tuning,0,1,0,0,0,0,0,1,1,1,1
"Re: [Python-Dev] Fixing buildbot/external(-amd64).bat files on	Windows",0,0,0,1,1,0,0,0,1,1,1
Re: [opensuse]  [OT] unstable system - still trying to identify the culprit.,0,0,0,1,0,0,0,0,1,0,1
Re: [Python-Dev] First green Windows x64 buildbots!,0,0,0,0,0,0,0,0,1,1,1
Best health products at low cost.,0,1,0,0,0,0,1,0,1,1,1
CNN.com Daily Top 10,0,0,0,0,0,0,0,0,1,1,0
From Abby Goldman,0,0,0,0,1,0,1,0,1,1,1
Re: [opensuse] Re: openSUSE Boxed Editions,1,0,0,0,0,0,0,0,1,1,0
Celebrate spring fully armed,0,0,0,0,0,0,0,1,1,1,1
000 of these have been in,1,1,1,0,0,1,0,0,1,1,1
See her get instantly geeked,0,1,1,1,0,1,0,1,1,1,1
Re: [UAI] Fuzzy logic and probability,1,0,0,1,0,1,0,0,1,1,1
[ydn-delicious] Question: Importing Magnolia bookmarks?,0,0,0,0,0,0,0,0,1,1,0
[spambayes-dev] Spambayes Buttons not Active,0,0,0,0,0,0,0,0,0,1,0
the girl is looking for you,1,0,0,0,1,0,1,0,1,1,1
Enjoy The Sex Life You Deserve,0,0,0,0,0,1,1,0,1,1,1
What They Don't Want You to Know What it Does to Your Body !,0,0,0,0,0,0,0,0,1,1,0
CNN.com Daily Top 10,0,1,0,1,1,0,0,0,1,1,1
CNN.com Daily Top 10,0,0,0,0,1,0,0,0,1,1,0
"Wekalist Digest, Vol 60, Issue 22 - Important",0,0,0,0,0,0,0,0,1,1,0
Good ailbert proposition,0,0,1,0,0,0,1,0,1,1,1
CNN Alerts: My Custom Alert,0,0,1,0,0,0,0,0,1,1,1
For:2694274a70c248b154334a7d5ab1a676 Edouard Triggers 'Cane Watch for Texas,0,1,0,1,1,0,0,1,1,1,1
Jaeger-LeCoultre replica watch Luxury isnt a sin ,0,0,0,0,0,0,0,0,1,1,0
[Python-Dev] Why .index() is not a method of all sequence types ?,0,0,0,0,0,0,0,1,1,1,1
Best Weight Loss,0,0,0,0,0,0,0,0,1,1,0
Re: sa-learn --ham ground rules,0,0,0,0,1,1,0,0,1,1,1
Your measurement calls for improvement!,0,0,0,0,0,0,0,0,1,1,0
Whitepaper: Microsoft SQL vs. Sybase ADS--Which Server is Right for You?,0,1,0,0,0,1,0,0,1,1,1
CNN.com Daily Top 10,0,0,0,1,1,0,1,0,1,1,1
Re: [Python-Dev] platform management,0,0,0,0,0,0,0,0,1,1,0
Luxurious costume replica watches at ...   ,0,0,0,0,0,0,0,0,1,1,0
Re: [opensuse] Defragging: possible?  necessary?,0,1,0,1,0,0,0,0,1,1,1
CNN.com Daily Top 10,0,0,1,0,0,0,0,1,1,1,1
Karma sutra techniques for G-spots,0,0,0,0,0,0,0,0,1,1,0
pottery nude profit retrovision warm,0,0,0,0,0,0,0,0,1,1,0
You Can Enlarge Your Penis By 3",0,0,0,0,0,1,1,1,1,1,1
For:a9f66da551a3094c79aff71e177603fe Britney Spears nude in public! is she really that crasy?!,0,0,0,0,0,0,0,0,1,1,0
These nurses are flaming hot,0,0,0,0,0,0,0,0,1,1,0
Re: [SM-DEVEL] Suggested Patch To imap_mailbox.php,0,0,0,0,0,0,0,0,1,1,0
Re: [Python-Dev] GSoC Student Introduction,0,0,0,0,0,0,1,0,1,1,0
[Bug 5672] RHSBL from securitysage.com down,0,0,0,0,0,0,0,0,1,1,0
"[UAI] Postdoc in machine learning and bioinformatics, Helsinki",0,0,1,0,0,0,1,0,1,1,1
CNN.com Daily Top 10,0,0,0,0,0,0,0,0,1,1,0
Proven Effective for 72 Hours.,1,0,1,0,0,0,1,0,1,1,1
[UAI] CFP ASAI 2006 - 8th Argentine Symposium on Artificial Intelligence,0,0,0,0,0,0,0,0,1,1,0
These nurses are flaming hot,0,0,0,0,0,0,0,0,1,1,0
Make women crave for it!,0,0,0,0,0,0,0,0,1,1,0
Re: [ILUG] Google translation,0,0,0,0,0,0,0,0,1,1,0
CNN.com Daily Top 10,0,0,0,0,0,0,0,0,1,1,0
The top rated penis enlarger Proven Results. 100% Guaranteed.,0,0,0,0,0,1,0,1,1,1,1
[Dixielandjazz] San Francisco Area Jazz,0,1,0,0,1,0,0,0,1,1,1
Re: [Python-Dev] 2to3 and print function,1,1,0,1,1,0,1,1,1,1,1
"If you want a decent watch, get a replica approach. ...    - Please verify",0,0,1,0,0,1,0,0,1,1,1
Men can now benefit from this formula - Action needed,1,0,1,1,0,1,0,0,0,1,1
Re: [ie-rant] Re: some tales from Slash,0,0,0,0,0,0,0,0,1,1,0
spectator repertory passport berth galvanism - Urgent,0,0,1,1,0,0,0,0,1,1,1
[UAI] Call For Participation : XML Document Mining Challenge 2006,0,0,1,1,1,0,1,0,1,1,1
Re: [opensuse] tiffcp for 10.2-32bit,0,0,0,0,0,0,0,0,1,1,0
Re: [Fwd: Smoke [5.10.0] 32221 FAIL(XM) OSF1 V5.1 (EV6/4 cpu)],0,0,0,0,0,0,0,0,1,1,0
Blead with my fav modules ... - Please verify,0,0,1,1,0,0,0,0,1,1,1
New revolutionary products to help men,0,0,0,1,0,0,0,1,1,1,1
Today's Headlines: Obama Gets Convincing Wins in 3 States,1,0,0,0,0,1,0,0,1,1,1
Amend your problem of small dimension,0,0,0,0,0,0,0,0,1,1,0
For:ebba09f6d70c66bd04a48bcaea8796ff Paris and Britney nude.,1,0,0,0,0,0,0,0,1,1,1
"Your payment didn't succeed, so your ads have been suspended.",1,0,0,0,1,0,1,1,1,1,1
"Produce Stronger, Rock Hard Erections. ",0,1,0,0,0,0,0,0,1,0,1
Re: ,1,0,1,0,0,0,1,0,1,1,1
Re: Change 32136: Eliminate some uses of sv_setpv() where we already know the length.,1,1,0,0,1,1,0,1,1,1,1
CNN.com Daily Top 10,0,0,0,0,0,0,0,0,1,1,0
*3 FREE Bottles Of VPXL !! ,0,0,1,1,0,1,0,0,1,1,1
From Gerald Newton,0,0,0,0,1,0,0,0,1,1,1
Luxurious costume replica watches at lowest prices ,0,0,0,0,0,0,1,0,1,1,1
"clamav-users Digest, Vol 41, Issue 7",0,0,0,0,0,0,0,0,1,1,0
[UAI] SIGIR07 Workshop on Learning to Rank for IR,0,0,0,0,0,0,0,0,1,1,0
CNN.com Daily Top 10,0,0,0,0,0,0,0,0,1,1,0
CNN Alerts: My Custom Alert,0,0,0,0,0,0,0,0,1,1,0
Re: Test::Harness feature suggestion,0,0,0,0,0,0,0,0,1,1,0
You Can Enlarge Your Penis By 3" Compare Top 5 Penis Enlargers,0,0,0,0,0,0,0,0,1,1,0
Re: [opensuse] [repost] new mysql bootscript to support the start of multiple database,0,0,0,0,0,0,0,0,1,1,0
How to make her your slave,0,0,0,0,0,0,0,0,1,1,0
Re: [opensuse] openSUSE 11.0 and the Non-ready KDE4,1,1,0,1,0,0,0,0,1,1,1
Benefit from world know male enhancing products.,0,0,0,0,0,0,0,0,1,1,0
Re: [opensuse] ext3 check forced = frustration,1,0,0,1,0,0,0,0,1,1,0
CNN Alerts: My Custom Alert,0,0,0,0,0,0,0,0,1,1,0
CNN.com Daily Top 10,0,0,0,1,0,0,0,0,1,1,1
"All Famous BRANDs Rep1icaWatches at AffordablePrices, Japanese & Swiss Movements. vxpwuq 9ij",0,0,0,0,0,0,0,0,1,1,0
Re: Newbie - Simple conditional on regexp match,0,0,1,0,0,0,0,1,1,1,1
It Will you be able to please her 5 times a night?,0,0,0,0,0,1,0,0,1,1,1
"[ILUG] 	Some security books like to swap with OpenBSD; Linux magazine",0,0,1,1,0,0,0,0,1,1,1
Keep the young girls away from that bulch,0,1,1,0,0,0,0,0,1,1,1
[UAI] CFP: AAAI-06 workshop on Learning for Search,0,0,0,0,0,0,0,0,1,1,0
Special internet prices for medications!,0,0,1,0,1,1,0,0,1,1,1
[Bug 5041] large mail of CType 'message/partial' takes a long time to scan,0,0,0,0,0,0,0,0,1,1,0
[Bug 5677] [review] New TLD list,0,0,1,0,0,0,0,0,1,1,1
Re: Blead with my fav modules ...,0,0,0,0,0,0,0,0,1,1,0
CNN.com Daily Top 10,0,0,0,0,0,0,0,0,1,1,0
CNN.com Daily Top 10 - Action needed,0,0,0,0,0,0,0,0,1,1,1
Re:,1,1,1,1,0,0,1,0,1,1,1
Serbia's secret shame?,1,1,1,0,0,1,1,0,1,1,1
shear psychotherapist schiller micron secret,0,1,0,1,1,0,0,0,1,1,1
Re: [Python-Dev] How we can get rid of eggs for 2.6 and beyond,0,0,0,0,0,0,0,0,1,1,0
Re: [Python-Dev] Python XML Validator,1,0,0,0,0,0,1,1,1,1,1
Thousands of products,1,0,1,0,1,0,0,1,1,1,1
For: 1220c9f27035fa1b6e550a9fc375247b Britney still has cool t*tsWatch.,0,0,0,0,0,0,0,0,1,1,0
Re: [Python-Dev] [Python-3000] The release process,0,0,0,0,0,0,0,0,1,1,0
Re: [UAI] The concept of cointensive precisiation,0,0,0,1,0,0,0,0,1,1,1
[python-win32] Anyone is able to install PSE on windows?,0,0,0,0,0,0,0,0,1,1,0
RE: patch for lib/Term/Cap.pm for EBCDIC platform,0,0,0,0,0,0,0,0,1,1,0
CNN.com Daily Top 10,0,0,0,0,0,0,0,0,1,1,1
CNN.com Daily Top 10,0,0,0,0,0,0,0,0,1,1,0
CNN.com Daily Top 10,0,0,0,0,1,0,0,0,1,1,1
Re: [opensuse] [OT] unstable system - still trying to identify the culprit.,0,0,0,0,0,0,0,0,1,1,0
It not only will improve your health but also your life w jlivm f,0,0,0,0,0,0,0,0,1,1,0
This weekend only -- SAVE 20%,0,0,1,0,0,0,0,0,1,1,0
Ranking And Reviews Of The Top 5 Penis Enlargement Products!,0,0,0,1,0,0,0,0,1,1,0
Huge collection of exquisite items!,0,0,0,0,0,0,0,0,1,1,0
CNN Alerts: My Custom Alert,0,0,1,0,0,0,0,0,1,1,1
ScienceNOW Daily Email Alert,0,1,0,0,0,0,1,0,1,1,1
Most reliable replica from Patek Philippe watch here   ,0,0,0,0,0,0,0,0,1,1,0
Karma sutra techniques for G-spots,0,0,0,0,0,0,0,0,1,1,1
[UAI] [Esslli2006.dist] FW: ESSLLI 2006: Call for participation,0,0,1,0,1,0,0,1,1,1,1
554 Client host rejected Access denied,0,0,0,0,0,0,0,0,1,1,0
"Trendy replica watches Famous brands, top quality  ",1,0,0,1,0,0,0,0,1,1,0
"100% Safe To Take, With NO Side Effects.",0,0,0,1,0,0,0,0,1,1,1
Have wild nights of love back again to life.,0,0,0,0,0,0,0,0,1,1,0
svn commit: r583966 - /spamassassin/trunk/lib/Mail/SpamAssassin/Util/RegistrarBoundaries.pm,0,0,0,0,0,0,0,0,1,1,0
Order Rolex Replica //atches 0nline!   ,0,0,0,0,0,0,0,0,1,1,0
The confidence comes in the course of time and the sizes a qfd pschp,0,0,1,1,0,0,0,1,1,1,1
[ILUG] AGM Today...,0,0,0,0,0,1,0,0,1,1,1
FDAapprovedEffectivenessForValuedCustomer - Please verify,0,1,0,0,1,0,1,0,1,1,1
CNN Alerts: My Custom Alert,0,0,0,0,0,0,0,0,1,1,0
Re:,1,0,0,1,0,0,0,1,1,1,1
Re: ,0,0,0,0,0,0,0,0,1,1,0
CNN.com Daily Top 10,0,0,1,0,0,0,0,0,1,1,0
RE: Planet Sports Netball Draw Tuesday 6th April - Urgent,0,0,0,0,1,1,1,0,1,0,1
Re: [WRONG PLACE TO ASK THIS] WHM/Cpanel: Where are the Server-wide SpamAssassin settings?,0,0,1,0,0,0,0,0,1,1,1
Re: Conditional SMTP Authencation,1,0,1,0,1,0,0,0,0,1,1
Find out incredible lovers' secret.,0,0,0,0,0,0,0,0,1,1,0
Thousands of products,0,1,0,0,0,0,1,0,1,1,1
"
On Nov 16, 2007, at 11:31 AM, Nicholas Clark wrote:

>> How's that going to work given that Test::Harness 2.64 has its own
>> T::H::Straps?
>
> Um yes poo. I'm not sure.
>
> Maybe we just ask nicely if it's OK to release T::H::Straps and  
> T::H::Results
> that have development version numbers higher than 2.64's, but lower  
> than the
> T::H::Straps distribution on CPAN?


T:H:Straps on the CPAN is for use with T:H 3.0, not T:H 2.x

xoxo,
Andy


--
Andy Lester => kngf@petdance.com => www.petdance.com => AIM:petdance


",0,0,0,0,0,0,0,0,1,1,0
Looking to buy your partner or loved one a beautiful gift?,0,0,0,0,0,0,0,0,1,1,0
[Python-Dev] PyErr_Py3kWarn - Urgent,0,0,0,0,0,1,1,0,1,1,1
Re: [Python-Dev] PEP 365 (Adding the pkg_resources module),0,0,0,0,0,0,0,0,1,1,1
Top Rated Products ,0,0,0,0,0,0,0,0,1,1,0
revolt shale revolt revolt steady,0,0,0,0,0,0,0,0,1,1,0
CNN Alerts: My Custom Alert,0,0,0,0,0,0,0,0,1,1,0
RE: [ie-rant] calling all nerds,0,0,0,1,0,1,1,0,1,1,1
[UAI] Deadline Approaching - CFP for Invited Session on Multi-Agent Systems and Evolutionary Computing in KES'05,0,0,1,0,0,0,0,0,1,1,0
Find  the best prices for meds in Canadian Pharmacy online drugstore.,0,0,0,1,0,0,0,0,1,1,0
Re: [Python-3000] Displaying strings containing unicode escapes,0,0,0,0,0,0,0,0,1,1,0
CNN.com Daily Top 10,0,0,0,0,1,0,0,0,1,1,0
ForValuedCustomerPhentrimineAllProducts,1,0,0,1,1,1,1,1,1,1,1
Boost your action in bed. x,0,0,0,1,0,0,1,0,1,1,1
Re: [ILUG] Mounting Windows shares in Linux - Important,0,1,1,0,0,0,0,1,1,1,1
the better satisfaction she has.,1,0,0,1,0,0,1,0,1,1,1
All will be as you wont,0,1,0,1,1,1,0,0,1,1,1
"Re: [opensuse]  Re: 3.5 GB of RAM, Rest Missing",0,1,1,0,0,1,0,0,1,1,1
 says Eric Horvitz.  By M. Mitchell Waldrop. Technology Review (March/April 2008). ""Much of modern life depends on forecasts: where the next hurricane will make landfall,0,0,0,0,0,0,0,0,1,1,0
Re: [Python-Dev] Complexity documentation request - Important,1,1,0,1,0,1,0,0,1,1,1
Your health wont go wrong.,0,0,0,0,1,0,0,1,1,1,1
Low-cost pieces of elegance,0,0,1,0,1,0,0,0,1,1,1
[Python-Dev] Distutils - changing the pypirc format,0,0,0,0,0,0,0,0,1,1,0
Re: Wiki Bugs(?),1,0,0,1,0,1,0,0,1,1,1
RE: Week 15,1,0,1,0,0,1,0,1,1,1,1
For Fri: 8 Women,0,0,0,0,0,0,1,1,1,1,1
[ie-rant] Re: Weird alarm clocks,0,0,1,1,0,0,0,1,1,1,1
Luxurious costume replica watches at lowest prices ,0,1,0,0,0,1,1,0,1,1,1
[UAI] Postdoctoral position at RPI,0,0,0,0,0,0,0,0,1,1,0
Shocking video without cowards Angelina Jolie,0,0,0,0,0,0,0,0,1,1,0
Update Your Billing Information.,0,0,0,0,0,0,0,0,1,1,0
Anonymously and qualitatively oasgdr dek qdrmta,0,0,0,0,0,0,0,0,1,1,0
Re: [Python-3000] The case for unbound methods?,0,1,0,0,0,0,0,0,1,1,1
Try whenever new unforgettable impressions,0,0,0,0,0,0,0,0,1,1,1
To Men Who Want To Buy Rolex Watches At A Fraction Of The Price,1,0,0,0,0,0,0,1,1,1,1
ForValuedCustomerPharmacyWelcome,0,0,0,1,0,0,0,0,0,1,1
Our target is your happy life sako fbhnc xi,0,0,0,0,1,0,0,0,1,1,1
[UAI] MEDGEC @ GECCO 2005,0,0,0,0,1,1,1,0,1,1,1
$89.95 Viagra 50mg x 30 pills price - Action needed,0,0,1,0,0,1,0,0,1,0,1
For men with low libidos,0,0,0,0,0,0,0,0,1,1,0
Fwd: [opensuse] vmware server and sound,0,0,0,0,0,0,0,0,1,1,0
Payment confirmation #1260113133871611088,0,0,0,0,0,0,0,0,1,1,0
"Bonus Savings - 10% Off - Fragrances, Skincare & Haircare",0,0,0,0,0,0,0,0,1,1,0
Re:,0,0,0,0,0,0,0,0,1,1,0
Submit your payment information.,0,0,0,0,0,0,0,1,1,1,1
message from the site dating 213 - Important,1,0,0,1,0,0,0,0,1,1,1
Re: restricting access to one domain,0,0,0,1,0,0,0,0,1,1,0
[Python-3000] Bug in pickling range objects ?,0,0,0,0,0,1,1,0,1,1,1
Re: [Python-Dev] Encoding detection in the standard library?,1,0,1,1,0,0,0,0,1,1,1
Re: Blacklisting recipient address,0,0,0,0,1,0,1,1,1,1,1
CNN Alerts: My Custom Alert,0,0,0,0,0,0,0,0,1,1,0
You Can Enlarge Your Penis By 3",1,0,0,0,0,0,0,0,1,1,0
Device Recommendaion,1,1,0,0,0,1,0,1,1,1,1
CNN.com Daily Top 10,0,0,1,0,0,0,0,1,1,1,1
"[SM-USERS] squirrelmail-users Digest, Vol 21, Issue 20",0,0,0,0,0,0,1,0,1,1,1
From Anibal Rosado,0,0,0,0,0,0,0,0,1,1,0
Re: [opensuse] swap partition with raid not active,0,0,0,0,0,0,0,0,1,1,0
Re: [opensuse] 11.0 a2 - Updater Question,0,0,1,0,0,0,0,0,1,1,0
Re: False positive with scoring I don't understand,0,0,0,1,1,0,0,0,1,1,1
FEBRUARY SUBARU CLEARANCE AND 0% FINANCING!!,0,0,0,0,0,0,0,0,1,1,0
Spring Big Sale...FANTASTIC Replica watches...Save 15% ...   ,0,0,0,0,0,1,0,0,1,1,1
Re: [opensuse] [OT] unstable system - still trying to identify the culprit.,0,1,0,1,1,0,0,0,1,1,1
Best replica watches from Omega at Replica Classics   ,0,0,0,0,0,0,1,0,1,1,1
How To Enlarge Penis Size,0,0,1,0,1,0,0,0,1,1,1
Emails passing through SA with valueless headers,1,1,1,0,1,0,1,0,0,1,1
CNN.com Daily Top 10,0,0,0,0,0,0,0,0,1,0,0
We are the first who made quality medications affordble,0,0,0,0,0,0,0,0,1,1,0
From Terrance Blair - Urgent,0,0,1,0,0,1,0,0,1,1,1
Re: [Python-3000] Using *a for packing in lists and other places,0,0,0,0,0,0,0,0,1,1,1
[ANN] Release 0.69.2 of Task Coach - Urgent,0,0,0,1,1,0,0,0,1,1,1
Interesting video Jennifer Lopez - Please verify,0,1,0,0,0,0,0,0,1,1,1
[ILUG] Heads Up M$,0,0,0,0,0,0,0,0,1,1,0
Re: [Python-Dev] No time for svn merge,0,0,0,0,0,0,0,0,1,1,0
Day dreaming of ladies awing at your peak of perfection. Make it happen with VPXL now! VN,0,0,0,0,0,0,0,0,1,1,0
Enrich it with greater volume and power! - Action needed,0,1,1,0,1,0,0,0,1,1,1
The bigger tool,0,0,1,1,0,0,0,0,1,1,1
CNN.com Daily Top 10,0,1,1,0,0,1,0,0,1,1,1
Re: BBC(Bleadperl Breaks CPAN) Today: File::MMagic::XS (0.09002),0,0,1,1,0,0,0,0,1,1,1
CNN Alerts: bush - Action needed,0,0,0,1,0,1,0,1,1,0,1
[R] 3d kriging et al,0,1,0,1,1,0,0,0,1,1,1
Forget about se>.<u@1 failures!,0,0,0,1,0,0,0,0,1,1,1
helpful for your health.,0,0,1,1,0,0,0,0,1,1,1
CNN Alerts: My Custom Alert,1,1,1,0,0,1,0,0,1,1,1
CNN.com Daily Top 10,0,1,0,0,0,0,0,1,1,1,1
CNN.com Daily Top 10,0,0,0,0,0,0,0,0,1,1,0
[UAI] Conference Announcements,0,0,0,0,0,0,0,0,1,1,0
Disposal of Telephone Books,0,0,0,0,0,0,0,0,1,1,0
Your message: Dating site,0,0,0,0,0,1,0,0,1,1,1
[Bug 5815] [review] New second-level domains for TLD .rs - Important,0,0,0,0,0,0,0,0,1,1,0
Re: [OT] Yahoo Deferred,0,0,0,0,1,0,0,0,1,1,1
Take Care of Your Health Now - Action needed,1,1,0,0,0,1,0,1,1,1,1
Re: overload64.t failures,1,0,0,0,0,1,0,0,1,1,1
Proven long-lasting effect on its dimension,0,0,0,0,0,0,0,0,1,1,0
RE: [FoRK] minimal universal turing machine,0,0,0,0,0,0,0,0,1,1,0
[UAI] new book available ---- Cognition and Multi-Agent Interaction: From Cognitive Modeling to Social Simulation,0,1,0,1,0,1,0,0,1,1,1
Re: [Python-3000] Using *a for packing in lists and other places,0,0,0,0,0,0,0,0,1,1,0
Brand Name Price Breaks ,1,0,1,0,1,0,0,0,1,1,1
problem with alias talbes,0,0,0,0,0,0,0,0,1,1,0
Your new intimate life is awaiting for you.,0,0,0,0,0,0,0,0,1,1,0
"Re: [Python-Dev] Global Python Sprint Weekends: May 10th-11th and	June 21st-22nd.",1,0,1,1,0,0,1,0,1,1,1
Payment confirmation #1047993667197627481,1,1,0,0,0,0,0,1,1,1,1
"Produce Stronger, Rock Hard Erections. ",0,0,0,1,1,1,0,0,1,1,1
rep!ic@ watches :: rolex:: fake //atches ::  tkfrx uc cnw,0,0,0,0,0,0,0,0,1,1,0
RE: [PATCH] use 5.010 is ugly; use 5.10.0 warns,0,1,0,1,1,0,0,0,1,1,1
Re: [OT] Bogus MX opinions,0,0,0,0,0,0,0,0,1,1,0
eannep,0,0,0,0,0,0,0,0,1,1,0
CNN Alerts: My Custom Alert,0,0,1,1,0,1,1,0,1,1,1
[UAI] Final CfP: Symposium on Network Analysis in Natural Sciences and Engineering,0,0,0,0,0,0,0,0,1,1,0
Re: Comcast's 6 recipient per second limit,0,0,0,0,0,0,0,0,1,1,0
From Myrtle Dixon,1,0,0,0,0,0,0,0,1,1,1
For: dfc197818ad2d1c868cd2731b199ef0b Christina Applegate treated for breast cancer,1,0,0,0,0,0,0,1,1,1,1
Re: [perl #46563] g suffix on string search (/.../g) can cause string corruption,0,0,0,1,0,0,0,0,1,1,0
CNN Alerts: My Custom Alert,1,0,0,0,0,0,0,0,1,1,0
Enlarge,0,0,0,0,0,0,0,0,1,1,1
buy now Viagra 50mg x 10 pills $6.00 per pill,1,0,0,0,0,0,0,0,1,1,0
from Roland Luna,0,0,0,0,0,0,0,0,1,1,0
[Python-Dev] Module properties for C modules,0,0,0,1,0,0,0,0,1,1,1
Re:,0,0,1,0,0,1,0,1,1,1,1
WinnipegFreePress.com Latest Breaking News,0,0,0,0,0,0,0,0,1,1,1
CNN.com Daily Top 10,1,0,0,0,1,0,1,0,1,1,1
"Dude, it really works!",0,0,1,0,0,1,0,1,1,1,1
"Make the Impossible, Possible. Enlarge your Penis by 3"" in Weeks!",0,1,0,0,0,1,0,0,1,1,1
Re: [opensuse] Localhost:631 is Not Found,0,0,0,1,0,0,0,0,1,1,0
"Re: [Python-Dev] [Distutils] FW: [issue2513] 64bit	cross	compilation on windows",0,0,0,0,0,0,0,0,1,1,0
"[ spambayes-Bugs-1600821 ] Classifier UnicodeDecodeError on wrong	transfer encoding",1,0,0,0,0,0,0,1,1,1,1
Discover new saving possibilities with  CanadianPharmacy.,0,0,0,0,0,0,0,0,1,1,0
[UAI] Morpho Challenge submission deadline extended to May 4 - Urgent,0,0,0,1,0,0,0,1,1,1,1
We fix your organism,0,0,0,0,0,0,0,0,1,1,0
Psychologist endorsed products for men,1,0,0,0,0,1,1,0,1,1,1
Re: [opensuse] Defragging: possible?  necessary?,1,0,0,1,0,0,0,1,0,1,1
Re: [opensuse]  [OT] How much power does a PC really consume?,0,0,0,0,1,1,0,0,1,1,1
New Python User Group forming in Maryland:  BACON-PIG,0,0,0,0,0,0,0,1,0,1,1
hello from tamika,1,1,0,1,1,0,0,0,1,1,1
CNN Alerts: My Custom Alert - Important,0,0,0,0,0,0,0,0,1,1,0
Re: "Nice girl like to chat" spam - Urgent,0,1,0,0,0,1,0,1,1,1,1
Re: perl5.005_05-MAINT20070902,0,0,0,0,0,0,0,0,1,1,0
Olyvia Meyer has added you as a friend on Bebo.,0,0,0,0,0,0,0,0,1,1,0
Re: [UAI] Determinism verses chance,0,0,0,0,0,0,0,0,1,1,0
[PATCH] Gentler theads test,0,0,0,1,1,0,1,0,1,1,1
High Quality Rolex Replica Watches,0,0,0,0,0,0,0,0,1,1,0
5 reason why men cannot satisfy women.,0,0,0,0,0,0,0,0,1,1,0
Re: [Python-Dev] Invitation to try out open source code review tool,1,0,0,1,0,0,0,0,1,1,1
"[Spambayes-checkins] spambayes/spambayes ProxyUI.py,1.64,1.64.2.1",0,0,0,0,1,0,0,0,1,1,1
Last day to Save 20% on Sweets for your Sweetie...,0,0,0,0,0,0,0,0,1,1,0
Start using your software immediately after purchase.,0,0,0,0,0,0,0,0,1,1,0
Consultants recommended product for men,0,1,0,0,0,0,0,0,1,0,1
Very discrete shipping and billing,1,0,1,0,0,1,1,0,1,1,1
"Trendy replica watches Famous brands, top quality  ",0,0,0,1,0,0,0,0,1,1,1
hjlxq Online Exclusive! 3-Day Sale Ends Friday,0,0,0,0,0,0,0,0,1,1,0
You can increase the time of your act  sfo qybyp xx,0,0,0,0,1,0,1,0,1,1,1
Befriend Jenna Jameson,1,1,1,0,0,0,0,0,1,1,1
Real sexual preparations which always work uzje xxvnc g,0,0,0,0,0,0,0,0,1,1,1
Re: [Py2exe-users] problems with email.MIMEText,0,0,0,0,0,0,0,0,1,1,0
Requested healthcare help,0,0,0,0,0,0,0,0,1,1,0
Re: [FoRK] This Man Wants To Control the Internet,0,0,0,0,0,0,0,0,1,1,0
"We dont advertise,  we advise. ",0,0,0,0,0,0,0,0,1,1,0
CNN Alerts: My Custom Alert,0,0,0,0,0,0,1,0,1,0,1
New Course: Vista and XP on the same PC,0,0,0,0,0,0,0,0,1,1,0
Re: [Python-Dev] _abcoll Callable bug - Action needed,0,0,0,1,0,0,0,0,1,1,1
All Your Breast Enlargement Info From Top Breast Enlargement Sites.,0,0,0,0,0,0,0,0,1,1,0
123 - Please verify,0,1,1,0,0,0,1,1,1,1,1
How To Enlarge Penis Size - Important,0,1,0,0,0,1,0,1,1,1,1
Which Ones Really Work? We List The Top Penis Enlargement Products!,0,1,1,0,0,1,0,0,1,1,1
Re:,0,0,0,0,0,0,0,0,1,1,0
Which Ones Really Work? We List The Top Penis Enlargement Products!,0,0,0,0,0,0,0,0,1,1,0
CNN Alerts: My Custom Alert,0,0,0,0,0,0,0,1,1,1,1
[UAI] First CFP Int. Workshop on Natural Artificial Immune Systems '05,0,0,0,0,0,0,0,0,0,1,0
CNN.com Daily Top 10,0,0,1,1,0,1,0,0,0,1,1
RE: [opensuse] bash - why doesn't the tldp bash beginners guide for loop example work?,0,0,0,0,0,0,0,0,1,1,0
CNN.com Daily Top 10,0,0,0,1,0,0,0,0,1,1,0
123,0,1,0,0,0,0,0,0,1,1,0
Enjoy The Sex Life You Deserve,0,0,0,0,0,0,0,0,1,1,1
Full cd Milla Jovovich - Action needed,0,0,0,0,0,0,0,0,1,1,0
Re: [Python-Dev] Code signing of Windows .msi/.dll/.exe's for 2.6/3.0,1,0,1,0,0,1,0,0,1,1,1
Re: [opensuse] Upgrade 10.2 to 10.3 failure,0,0,0,0,0,0,0,0,1,1,0
The top of fashion fake watches,0,0,0,0,0,0,0,0,1,0,0
"100% Safe To Take, With NO Side Effects.",0,0,0,0,0,0,0,0,1,1,0
Re: [opensuse] Advice on new hardware,1,1,0,0,0,0,1,0,1,1,1
Become more attractive to ladies!,0,0,0,0,0,0,0,0,1,1,0
CNN.com Daily Top 10,0,1,0,0,1,0,0,0,1,1,1
Re: [python-win32] Child Windows,0,0,0,0,0,0,0,0,1,1,0
Real Enlargement,0,0,0,0,0,0,0,0,1,1,0
Prodigious preparation is to your service,0,0,0,0,0,0,0,0,1,1,1
Looking for Tag Heur replica? Visit Replica Classics   ,0,1,0,1,0,0,0,0,0,1,1
Consider exploring the careers of the future ,0,0,0,0,0,1,1,0,1,0,1
Re: [opensuse]  Re: default paper type for printing in openoffice writer - Important,0,0,0,0,0,0,0,0,1,0,1
Real Enlargement,1,0,0,0,1,0,1,0,1,1,1
Be full of energy and fill your partner with it ptbtdn fa tu,0,0,0,0,0,0,0,0,1,1,0
ingroups,1,0,0,0,0,0,0,0,1,1,0
Dice JobAlert for Agent Primary,0,0,1,1,1,0,1,0,1,1,1
CNN.com Daily Top 10,0,0,0,0,0,0,0,0,0,1,0
Re: - Important,0,0,0,0,0,1,0,0,1,1,1
CertifiedEmedsWorldwideShipping,1,0,1,0,0,0,0,0,1,1,1
CNN Alerts: My Custom Alert,0,1,0,0,0,0,1,0,1,1,1
Re: [opensuse] Have a separate resolv.conf per interface,0,0,0,0,0,0,0,0,1,1,0
How can all incoming emails be retained and copies are forwarded to gmail ?...,0,0,0,0,0,0,0,0,1,1,0
We have everything to make your love more passionate.,0,0,0,0,0,0,0,0,1,1,0
Re: [PATCH] File-Path-2.04 (this time with patch),0,0,0,0,0,0,0,0,1,1,0
Re: [python-win32] Overlay Icon Question... - Please verify,0,0,0,1,0,1,0,1,1,1,1
[Slashdot] Stories for 2008-03-16,0,0,1,0,0,0,1,1,1,1,1
debt consolidators,0,0,0,0,0,0,0,0,1,1,0
;) Look video with a naked celebrity Kick-up!!!,0,1,0,0,0,0,1,0,1,0,1
CNN Alerts: My Custom Alert,0,0,0,0,0,0,0,0,1,0,0
Re: [Python-3000] PEP 3108 - stdlib reorg/cleanup,0,0,0,0,0,0,0,0,1,1,0
Fwd:,0,0,0,0,0,0,0,0,1,1,0
Re: 5.10 code freeze and dual-life modules,0,0,0,1,0,1,1,0,1,1,1
[UAI] Post-Doc Positions in Real-Time Systems,0,0,0,0,0,0,0,0,1,1,0
New revolutionary products to help men,1,0,0,0,0,0,0,0,1,1,1
Re: date info,0,0,0,0,0,1,0,0,1,1,0
Re: [UAI] Imprecise Probabilities--A simple and yet computationallynontrivial problem - Urgent,0,0,0,1,1,0,0,0,1,0,1
Re: [Python-3000] Invitation to try out open source code review tool - Important,0,0,0,1,0,1,1,1,1,1,1
7 things to buy for your love more passinnate,0,1,0,1,1,1,0,1,1,1,1
Replica Classics  if looking for magnificent watches - Important,0,0,0,1,0,1,0,1,1,1,1
helpful for your health.,0,0,0,1,0,0,0,0,1,1,1
Penis Enlargment Reviews - Important,0,0,0,0,0,0,0,1,1,1,1
Extra income can help you. Learn how! - Please verify,1,0,1,0,0,0,0,0,1,1,1
"replica Watches! rolex, patek philippe, vacheron ... ",0,0,0,0,0,0,0,0,1,1,0
Re: [FoRK] Re: [ptp-general] Facebook used for wifi access control,0,0,0,0,0,0,0,0,1,1,0
CNN.com Daily Top 10,0,0,1,0,0,0,0,1,1,1,1
Free Shipping on Any Order Ends Feb 25!,0,0,1,0,1,0,0,0,1,1,1
Just Read What Our Satisfied Customers Say,0,0,0,1,0,0,0,0,1,1,0
[FoRK] Evolutionary psychology. For a fun time as a grad student. - Important,1,1,0,0,0,0,0,1,1,0,1
Our best decision is suitable for every age e brgfcv cd,1,0,0,1,0,0,0,1,1,1,1
[PownceAPI] JSON Viewer - Essential,0,1,0,1,0,0,0,0,1,1,1
"Re: [Python-Dev] Proposal: from __future__ import	unicode_string_literals",0,0,0,0,0,0,0,0,1,1,0
Gain in length as well as girth,0,0,0,0,0,0,0,0,1,1,0
Re: [FoRK] OpenSocial,0,0,0,0,0,0,0,0,1,1,0
CNN.com Daily Top 10,1,0,1,0,1,0,0,1,1,1,1
Re: [opensuse] OpenSuse 11,0,0,0,0,0,0,1,1,1,1,1
CNN.com Daily Top 10,0,0,1,0,0,1,0,0,0,1,1
Re:,0,0,0,0,1,1,0,1,1,1,1
Re: [opensuse] gfortran (?) problem,1,0,0,1,1,1,1,0,1,1,1
[UAI] CFP Special Issue Journal Decision Systems on i-DMSS,0,1,0,0,0,0,0,0,1,1,0
Re: [opensuse]  Power Supply PSU Efficiency,1,0,1,1,0,1,0,0,1,1,1
CNN.com Daily Top 10,0,0,1,1,0,1,0,0,1,1,1
fashionable replica watches,1,0,0,1,1,0,0,1,1,1,1
Re: [Python-3000] [Python-Dev] 2.6 and 3.0 project management,0,0,0,0,0,0,0,0,1,1,0
Make your girls happier. - Please verify,1,0,1,0,1,0,0,1,1,1,1
Make her notice your manliness,0,0,0,0,0,0,1,1,1,0,1
Generate the best love results here,0,0,1,0,0,1,0,0,1,1,1
Brand name meds at dirt cheap price. - Urgent,1,0,0,1,0,0,0,0,1,1,1
Personal Approach but Confidentiality,0,0,0,0,0,0,0,0,1,1,0
Join world`s best gambling house,0,0,0,0,0,0,0,0,1,1,0
Stimulate your shaft growth,0,0,0,0,0,1,0,0,1,1,1
CNN.com Daily Top 10,1,0,1,1,1,0,0,1,0,1,1
"""Steps toward a social theory of pain"": Next SSCS Seminar",0,0,0,0,0,0,0,0,1,1,0
[ie-rant] Re: the storm worm,0,1,0,0,0,0,0,0,1,1,1
Fancy rep1!c@ted watches,0,0,0,0,0,0,0,0,1,1,0
"[Perl Jobs] Top NYC LAMP shop / B2B mod_perl / Perl developer (onsite), United States, NY, New York",0,0,0,0,0,0,0,1,1,0,1
[UAI] Call for Papers -- AISTATS 2007,0,0,0,0,0,0,0,0,1,1,0
People always aspired to something big. Reach the height! sussi ou kwumsz,0,0,0,1,0,1,1,1,1,1,1
Helping Men with low sex drives,0,1,1,0,1,0,0,1,1,1,1
"fedora-announce-list Digest, Vol 48, Issue 8",0,0,0,0,0,0,0,0,1,1,0
123,0,0,0,0,1,0,1,1,1,1,1
Extraordinary Substance Satisfactions,0,0,0,0,0,1,0,0,1,1,1
CNN.com Daily Top 10,0,0,0,0,0,0,0,0,1,1,0
Threadless Tees For All!,0,0,1,0,0,0,1,1,1,1,1
CNN.com Daily Top 10,0,0,0,0,0,0,0,0,1,1,0
[PownceAPI] Re: Dates in API?,0,1,0,1,1,0,1,0,1,1,1
You Order..,0,0,0,0,0,0,0,0,1,1,0
in processing....,0,0,1,0,0,0,1,0,1,0,1
This formula really works lnnj slq dsypiv,0,0,0,0,0,0,0,0,1,1,0
Be larger than ever after 2 months - Action needed,0,0,0,0,0,1,1,0,1,0,1
Resplendent timepieces that cost less,0,0,0,1,0,0,0,0,1,1,0
Re: Recipient Verification,0,0,0,0,0,0,0,0,1,1,0
Re: [R] using acf() for multiple columns,0,1,0,1,0,0,0,0,1,1,1
[hr-xml news] New Sessions Announced for Atlanta Meeting,0,0,0,0,0,0,0,0,1,1,0
123 - Action needed,0,0,0,1,1,0,0,0,1,1,1
From Hans Hartman,0,0,0,0,0,0,0,0,1,1,0
[UAI] AAAI-08 in Chicago!,0,0,0,1,0,1,0,0,1,1,1
CNN.com Daily Top 10,0,0,0,1,0,0,0,0,1,1,0
"driverloader Digest, Vol 51, Issue 3",1,1,0,0,1,0,1,0,1,1,1
HealthyLifeTakeALookHealth,0,0,0,0,0,0,0,0,1,0,0
[PownceAPI] Re: Unexpected media.src url in API - Action needed,1,1,1,0,1,0,1,0,1,1,1
"Re: [SM-DEVEL] SF.net SVN: squirrelmail: [12979]	trunk/squirrelmail/src",0,0,0,0,1,0,0,0,1,1,0
Re: [Python-3000] Using *a for packing in lists and other places,0,1,0,0,0,0,0,0,1,1,1
Karma sutra techniques for G-spots,0,0,0,0,0,0,0,0,1,1,0
We have everything to make your love more passionate.,0,1,1,0,1,1,0,1,1,1,1
Stunning presentation Liv Tyler,0,0,0,0,0,0,0,0,0,1,0
How To Enlarge Penis Size,0,0,0,0,1,0,1,0,1,1,1
123,1,1,0,0,1,0,0,0,1,1,1
Choice IWC replica watches at Replica Classics   ,1,0,1,0,0,0,0,0,1,1,1
Having trouble keeping your tines straight?,1,0,0,1,0,1,0,0,1,1,1
"Re: [ydn-delicious] Instead of 503, repeating API /posts/all gives 200 but no posts.  Eeek!",0,0,1,1,0,0,1,1,1,1,1
Re: [opensuse] OpenSuse 11,0,0,0,1,0,1,0,0,1,1,1
Most reliable replica from Patek Philippe ...    - Action needed,1,0,0,0,0,0,1,0,1,1,1
Welcome to Stickam,0,0,0,0,0,0,0,0,1,1,0
Re:,0,0,0,0,0,0,0,0,1,1,1
Update Your Billing Information.,0,0,0,0,0,0,1,0,1,1,1
InfoForValuedCustomerHealth,1,1,1,0,0,0,0,0,1,1,1
"Israel Today - August 8, 2008",0,0,1,0,1,1,0,1,1,1,1
Re: [python-win32] Null Session ipc$,0,0,1,0,1,0,0,1,1,1,1
Service alert: spamassassin.zones.apache.org/BBMASS is OK - Please verify,0,0,1,1,1,0,0,0,1,1,1
CNN.com Daily Top 10,0,0,0,1,0,0,0,0,1,1,0
Re: [opensuse] Firefox Java Plugin,1,0,0,0,0,1,1,0,1,0,1
Looking for Tag Heur replica? Visit Replica Classics   ,0,0,0,1,0,0,0,0,1,1,1
Re: [Python-Dev] Complexity documentation request,0,0,0,1,0,0,0,0,1,1,1
What time is okay for you,0,0,0,0,0,0,0,0,1,1,0
Re: [python-win32] exception while opening excel file,0,0,0,0,0,0,0,0,1,1,0
CNN Alerts: My Custom Alert,1,0,0,0,1,0,0,1,1,1,1
From Cecilia Mcintosh,1,1,0,1,0,0,0,0,1,1,1
CNN.com Daily Top 10,0,0,0,0,0,0,0,0,1,1,0
Original und deren Wirkung,0,1,0,0,1,0,1,0,1,1,1
"Make the Impossible, Possible. Enlarge your Penis by 3"" in Weeks!",0,0,0,0,0,0,0,0,1,1,0
Make your weapon esteemed,0,0,0,0,0,0,0,0,1,1,0
0ver 3OO $tyles of Replica //atches,0,0,1,0,0,0,0,1,1,1,1
[cw-discuss] Question About Crossover Games,0,1,0,0,0,0,0,0,1,1,0
Re: - Urgent,1,0,0,0,0,0,0,1,1,1,1
123,1,0,0,1,0,1,0,0,1,0,1
Re: NTL Digital TV quality (was Re: [ILUG] Broadband in Dublin),0,0,0,0,0,0,0,0,1,1,0
Re: [Python-Dev] [Python-3000] Python 2.6 and 3.0,0,0,0,0,0,0,0,0,1,1,0
Proven Effective for 72 Hours Free Trial Sample Available Today,0,1,1,1,0,0,1,0,1,1,1
ProductsMoreinfoForValuedCustomer,0,0,0,0,0,0,0,0,1,1,0
Your own health  and the health of those you love is something to be cherished.,0,0,1,0,0,0,0,1,1,1,1
"Many do not trust, but it is real vb utdov ir",1,1,0,0,0,0,0,1,1,1,1
Don't get ripped off my fakes anymore tukaw cqn sgrih,0,0,1,0,0,0,0,0,1,1,0
Re:,1,1,0,0,0,0,0,0,1,1,1
Re: [opensuse] Setting up a mail server,0,0,0,0,1,0,0,0,1,1,1
CNN.com Daily Top 10,0,0,0,0,0,0,0,0,1,1,0
[PATCH] tiny patch for Hash::Util pod,0,0,0,1,0,0,0,0,1,1,0
Memories and Dreams hits mailboxes,0,0,0,1,0,1,0,0,1,1,1
Module::Build xs.t failure information on VMS,0,0,0,1,0,0,0,0,1,1,1
These nurses are flaming hot,0,0,0,0,0,0,1,1,1,1,1
Re: [Python-3000] Using range(),0,0,1,1,0,0,1,1,1,1,1
[UAI] Forecasting Competition for Neural Networks and Computational Intelligence Methods,0,0,0,0,0,0,0,0,1,1,0
"Re: [Py2exe-users] Overriding the message box that pops up for	unhandled exception",0,0,0,0,0,0,0,0,1,1,1
CNN Alerts: My Custom Alert - Urgent,0,1,0,1,1,0,0,0,1,1,1
She will be glad if you can keep it up longer. - Action needed,0,1,0,0,0,1,0,0,1,1,1
Girls this hot are sweet,0,1,0,1,0,0,0,0,1,1,1
Job Vacancies ,0,0,0,0,0,0,0,0,1,1,0
[UAI] CFP: AAI Special Issue on Applications of Grammatical Inference,0,0,0,0,0,0,0,0,1,1,0
[Python-3000] 3.0 alpha builds break on FreeBSD. - Action needed,0,0,0,1,0,0,0,1,1,1,1
Re: sasl auth from home postfix to postfix server not working,1,0,0,0,1,0,0,0,1,1,1
How to Kick-Start Your Intimate Drive,0,1,0,1,0,0,0,0,1,1,1
123,1,0,0,0,0,1,0,0,1,1,1
"Super Weekend, Super Savings",0,0,1,0,0,1,0,1,1,1,1
From Nicholas Lyons,0,0,0,0,0,0,0,0,1,1,0
A greeting from ... - Please verify,0,1,0,0,0,0,1,0,1,1,1
Re: [Python-Dev] How we can get rid of eggs for 2.6 and beyond,0,0,0,0,0,0,0,0,1,1,0
rolex cartier omega LV CD chanel gucci ...  ,0,1,0,0,0,1,0,0,1,1,1
Re: m b beta from CPAN - More patches for VMS,0,0,0,0,0,0,0,0,1,1,0
For men with erectile dysfunction - Urgent,1,0,0,0,0,1,0,0,1,1,1
Choice IWC replica watches at Replica Classics   ,0,0,0,0,0,0,0,0,1,1,1
CNN.com Daily Top 10,0,0,0,0,0,0,0,0,1,1,0
[UAI] COMMONSENSE'07 SUBMISSION DEADLINE EXTENDED TO 27 OCTOBER,1,1,1,0,0,0,1,0,1,1,1
Re:,0,0,0,0,0,0,0,0,1,1,1
Re: patch@23206 Always expose vms_realpath and vms_case_tolerant routines.,0,0,0,0,0,0,0,0,1,1,0
re: ???????????? ??????????? ???? - Action needed,1,0,1,0,0,0,0,0,1,1,1
Good hart proposition,0,0,1,1,1,0,0,0,1,1,1
Re: [Python-3000] Spooky behavior of dict.items() and friends,0,0,0,0,0,0,0,0,1,1,0
RE: Week 19,0,1,0,0,0,1,1,0,1,1,1
[UAI] [ICAPS 2005] Workshop "The Role of Ontologies in AI Planning and Scheduling" - Extended Deadline,0,0,0,0,1,0,0,0,1,1,0
Looking for a perfect gift ? Get a Rolex.,0,0,1,0,1,0,1,0,1,1,1
Re: [Python-3000] Is this a bug ?,1,1,0,0,0,1,1,1,1,1,1
Make sure it works,0,0,0,0,0,1,1,0,1,1,1
CNN Alerts: My Custom Alert - Please verify,0,0,1,1,0,0,1,1,1,1,1
CNN Alerts: My Custom Alert,0,0,0,0,0,0,1,0,1,1,0
[UAI] ICAPS 2007: CALL FOR SYSTEM DEMONSTRATIONS,0,0,1,0,0,0,1,0,1,1,1
"[UAI] Call for Papers: The 2008 International Conference on Image Processing, Computer Vision, and Pattern Recognition (IPCV'08), USA, July 2008",1,1,1,0,0,0,0,0,1,1,1
More sperm means  longer orgasms.,0,1,0,0,1,1,0,0,1,1,1
Sublime measurement can be achieved fast,0,0,0,0,0,0,0,0,1,1,0
CNN.com Daily Top 10 - Urgent,0,0,0,1,0,0,1,0,1,1,1
Re: [Python-3000] problems with the 3to2 converter,0,0,1,0,0,0,0,0,1,1,1
Re: how to round off a decimal to the next whole number,0,0,0,0,0,0,0,0,1,1,1
Replica for you,0,1,1,1,0,0,0,0,1,1,1
Re: [opensuse]  Unstable system - who is the culprit?,1,1,0,0,0,0,0,0,1,1,1
Unified communications: Build the right foundation,0,0,1,0,0,0,0,0,1,0,1
Ever heard of 4 inches enhancing or 2 weeks?,0,0,0,0,0,0,0,0,1,1,0
[Python-3000] Dict literal bytecode,0,0,0,0,0,0,0,0,1,1,0
Full video without cowards Clara Morgane - Urgent,1,0,0,0,1,1,0,0,1,0,1
"[Python-Dev] Could someone please review patch 799428: fix Tkinter	tk_focusNext?",0,0,0,0,0,0,1,0,1,1,1
"Many do not trust, but it is real anr yet ivchlj",0,0,0,0,0,0,0,1,1,1,1
Herzlich Willkommen!,1,0,0,0,0,0,0,0,1,1,1
CNN.com Daily Top 10,0,0,0,0,0,0,0,0,1,1,0
svn commit: r581644 - in /spamassassin/trunk: lib/Mail/SpamAssassin/Plugin/BodyRuleBaseExtractor.pm sa-compile.raw,0,0,1,0,1,0,0,0,1,1,1
Re: Email Chris,1,0,0,0,0,0,0,0,1,1,1
CNN Alerts: My Custom Alert,0,0,0,0,0,0,0,0,1,1,0
Re: [Python-Dev] [Python-3000] the release gods are angry at python,0,0,0,0,1,0,0,0,1,1,1
Re: [ILUG] iSCSI & Shared Storage Question,0,1,1,1,0,0,1,0,1,1,1
CNN.com Daily Top 10,0,0,0,0,0,0,0,0,1,1,0
[UAI] Workshop on Imperfect Knowledge Modelings - 1st CfP - Action needed,0,0,0,1,1,0,0,0,1,1,1
Google Alert - spam OR phishing,0,0,0,0,0,0,0,0,1,1,0
Re: [Python-3000] A new member for contextlib?,0,1,1,0,1,0,0,0,1,1,1
[ie-rant] pubs.,1,0,0,0,0,0,0,0,1,1,1
Elegant accessories for sale,0,0,0,0,0,0,0,0,1,1,0
Re:,0,0,0,0,0,1,1,1,1,1,1
Re: access table and unverified hostnames,0,0,0,0,1,0,1,0,1,1,1
Choose Your Direction for RIAs at AJAXWorld 2008 East,0,0,0,0,0,0,0,0,1,1,0
Re: [Python-Dev] Installing Python 2.6 alpha1 on Windows XP,0,0,0,1,1,1,0,1,1,1,1
Vi dient zur Behandlung bei E-problemen .. - Action needed,1,1,0,1,0,0,0,0,1,1,1
I want sale you rolex . Do you want one? ,0,0,0,0,0,0,0,0,1,1,1
Re: Time to make multi.uribl.org optional rather than default?,1,0,0,0,0,0,0,1,1,1,1
Which Ones Really Work? We List The Top Penis Enlargement Products! - Action needed,0,0,1,0,0,0,0,0,1,1,1
CNN.com Daily Top 10,0,0,0,0,0,0,0,0,1,1,0
[UAI] DEADLINE EXTENDED: Mastering the Gap 2007,0,1,0,0,1,0,0,0,1,0,1
Re: [perl #57636] [TODO][PDD19] Document the reason for :unique_reg flag,0,0,0,0,0,0,0,0,1,1,0
"All your questions concerning installation will be replied quickly. Highly professional customer service! If your software does not run, we'll refund you money.",0,0,0,0,0,0,0,0,1,1,0
Re: [Python-Dev] PEP 8: Discourage named lambdas? - Important,0,0,1,0,0,0,0,0,1,1,1
[duodenalswitch] Digest Number 13726,0,1,0,1,0,0,0,0,1,1,1
Highly secure 256bit order processing,0,0,0,1,0,1,0,0,1,1,1
Re: [R] Iterating Named List,0,0,0,0,0,0,1,0,1,1,1
High prices don't mean high quality.  Purchase high quality medications at low cost in Canada.,0,0,0,1,0,0,1,1,1,1,1
SQLObject 0.9.6,0,0,1,1,0,0,1,0,1,1,1
Be the only supermacho in the city.,0,1,1,0,0,0,0,1,1,1,1
CNN Alerts: My Custom Alert,0,0,0,0,0,0,1,0,1,1,1
Username Obfuscation,0,0,0,0,0,0,0,0,1,1,0
Re: [Python-Dev] [Python-3000]  Python source code on Bazaar vcs,1,0,0,0,0,0,0,1,1,1,1
Re: [SM-DEVEL] Username in page header,0,1,0,0,1,0,0,0,1,1,1
CNN.com Daily Top 10 - Urgent,1,0,1,0,0,0,0,1,1,1,1
From Jack Abel,0,0,0,0,0,0,0,0,1,1,0
Re: [Python-3000] the release gods are angry at python,1,0,0,0,0,0,0,0,1,1,1
Thin - Please verify,0,0,1,1,0,0,0,0,1,1,1
[ie-rant] Re: Name that tune... - Action needed,1,0,0,1,1,0,0,1,1,1,1
save 90% on watches! visit replica store,0,1,1,1,0,1,1,0,1,1,1
CNN.com Daily Top 10,1,1,0,0,0,0,0,0,1,1,1
Re: Simple mailing list,0,0,0,0,0,0,0,0,1,1,0
How to make her your slave,0,0,0,0,0,0,0,0,1,1,0
Re: Very Penis Extended Long 481442ad8160476f02d7901bf11135a0,0,0,0,0,0,0,0,0,1,1,0
CNN.com Daily Top 10,0,0,0,0,0,0,0,0,1,1,0
CNN Alerts: My Custom Alert - Important,0,1,0,0,0,0,0,1,1,1,1
Re: [opensuse] Missing xenpae.gz,1,0,0,1,0,0,1,1,1,1,1
from Leonard Mendoza,0,0,0,0,0,0,1,1,1,1,1
make your intimate life more pleasant,0,0,0,0,0,0,0,0,0,1,0
Re: [Python-Dev] Module properties for C modules,1,0,0,1,0,0,1,1,1,1,1
CNN.com Daily Top 10,0,0,0,1,0,0,0,0,1,1,0
Feel more of her excitement,1,1,0,0,0,0,0,0,1,1,1
CNN.com Daily Top 10,0,0,0,0,0,0,1,1,1,1,1
CNN.com Daily Top 10,0,0,0,0,0,1,0,0,1,1,1
Become an unexcelled lover,1,0,1,0,1,1,1,1,1,1,1
[UAI] Passing of Henry Kyburg,1,0,0,0,1,0,0,0,1,1,0
Luxurious costume replica watches at ...   ,1,0,1,1,1,0,0,1,1,1,1
CNN.com Daily Top 10,0,0,0,0,0,0,0,0,1,1,0
RE: Postfix and Log on mysql - Action needed,0,0,0,0,0,0,0,0,1,0,1
Re: Mail attachements truncated,0,0,0,1,0,0,0,0,1,1,0
Strength and largeness for you,0,0,0,0,1,1,1,0,1,1,1
Blue borders,0,0,0,1,0,0,0,0,1,1,0
Girls this hot are sweet,0,0,0,0,0,0,0,0,1,0,0
 and worked there to the end of his life.""\\n,0,1,0,1,0,0,0,1,1,1,1
G-spot location techniques for men,0,0,0,0,0,0,0,0,1,1,0
Most Popular Watches of All Trademarks   ,0,1,0,1,0,0,0,0,1,1,1
CNN.com Daily Top 10,1,0,0,1,1,0,1,0,1,1,1
"Re: [python-win32]	Max parameters in method of	IConnectionPoint	interface?",1,0,1,0,0,0,1,1,1,1,1
This Week: Is i5/OS V6R1 in your System i shop's future? Poll results,1,1,0,1,1,1,0,0,1,1,1
Your honesty will be appreciated and ED cured.,0,0,1,0,0,0,0,0,1,1,1
Re:,0,0,0,1,1,0,0,1,1,1,1
We have thousands  of happy customers. ,0,0,0,0,0,0,0,0,1,1,0
Be Healthy with Online DrugStore,0,0,1,0,1,1,0,0,1,1,1
fashionable replica watches   ,0,0,0,0,0,1,0,1,1,1,1
Send him male enhancing products - Action needed,0,0,0,0,0,0,0,0,0,1,1
Re: [opensuse] Unstable system - who is the culprit?,1,0,1,0,1,1,0,1,0,1,1
*3 FREE Bottles Of VPXL !! ,0,1,0,0,0,0,0,0,1,1,1
Buy  your medications at the best possible prices.,1,0,0,0,1,1,1,0,1,1,1
CNN Alerts: My Custom Alert,0,0,1,0,0,0,0,0,1,1,1
helpful for your health.,0,0,0,0,0,0,0,1,1,1,1
[SM-USERS] strange problem with SM,0,0,0,0,0,0,0,0,1,1,0
Re: No scoring because of not beeing tested ?,0,0,1,0,0,0,1,1,1,1,1
CNN.com Daily Top 10,0,0,0,0,0,0,0,0,1,1,0
CNN Alerts: My Custom Alert,0,0,0,1,0,0,0,0,1,1,1
[Bug 5683] Can't use string ("1") as a HASH ref while "strict refs" in use at hit-frequencies line 339 - Action needed,0,0,0,1,0,0,0,0,1,1,1
Re: [Python-3000] [OT] sizeof(size_t) < sizeof(long),0,0,1,0,0,0,0,1,1,1,1
"Re: [Python-3000] Implementing % formatting in terms of	str.format() - Urgent",0,0,0,0,0,0,0,0,1,0,1
New Products from Macpower!,0,0,1,0,1,0,0,1,1,1,1
Sublime measurement can be achieved fast,0,0,0,0,0,0,0,0,1,1,0
Huge love luger is attainable,0,0,0,0,0,0,0,0,1,1,0
[Ip-health] WSJ: Generics Fuel AIDS Program,0,0,0,0,0,0,0,0,1,1,0
Gallery dvd Beyonce,0,0,0,0,0,0,0,0,1,1,0
Unofficial Perl binary packages,0,0,0,0,0,0,0,0,1,1,0
Relax. Take a Deep Breath We have the answers you seek.,0,0,0,0,0,0,0,1,1,1,1
Looking for really effective non-surgery penis enlargement method? myxllx zv rdrzr,1,1,0,0,1,1,0,0,1,1,1
CNN.com Daily Top 10,0,0,1,0,0,0,0,0,1,1,0
Re: [Buildbot-devel] errors after upgrading 0.7.4 -> 0.7.6,0,0,0,0,0,0,0,0,1,1,0
Re: perl5.005_05-MAINT20070902,0,0,0,0,0,0,0,0,1,1,0
Generate the best love results here,0,0,0,0,0,1,0,0,1,1,0
Re: [opensuse] HP Printer C4380,0,1,0,0,1,0,0,0,1,1,1
[python-win32] windows webdav mount,1,0,1,1,0,0,1,1,1,1,1
CNN Alerts: My Custom Alert,0,0,0,0,0,0,0,0,1,1,0
[patch@32376] VMS symbolic links part 4 of 4 - Final part,0,0,0,0,0,0,0,0,1,1,0
"[Perl Jobs] Perl/Mason Web Developer (onsite), United States, NY, New York",0,0,0,0,0,1,0,0,1,1,0
CNN.com Daily Top 10,1,0,0,0,0,1,0,0,1,1,1
"Buy a piece of outerwear, take an additional 50% off any item in Clearance.",0,0,0,0,0,1,0,0,1,1,1
[PownceAPI] Re: OAuth Bug in Pownce API - Action needed,1,0,1,0,1,1,1,0,1,1,1
Version 2.0 of mod_wsgi is now available.,0,1,0,0,0,1,0,0,1,1,1
"[Python-3000] r62195 - in python/trunk:	Doc/c-api/file.rst	Include/fileobject.h Lib/test/test_file.py	Misc/NEWS Objects/fileobject.c",0,0,0,0,1,0,0,1,1,1,1
From Dante Putnam,0,0,0,0,0,0,0,0,1,1,0
59 new messages in 14 topics - abridged,0,0,0,0,0,0,0,0,1,1,0
CNN Alerts: My Custom Alert,0,0,0,0,0,0,0,0,1,1,0
"Re: [R] Attempting to make a custom color spectrum to use in 	heatmap.2",0,0,0,0,0,0,0,0,1,1,0
Become more attractive to ladies!,1,0,1,0,0,1,0,0,1,1,1
How To Enlarge Penis Size - Important,0,0,0,0,0,0,0,0,0,1,0
How to deal with a reference to a function in an extension.,0,0,1,1,0,1,1,1,1,1,1
[Python-3000] Strategy for porting to 3.0?,0,0,0,0,0,0,0,0,1,1,0
HealthNewProductsAvailable,0,0,0,0,0,0,0,0,1,1,0
[opensuse] Does anyone know how to change KDE3KMix to KDE4KMix?,0,0,0,0,0,0,0,0,1,1,0
[perl #46567] tell may return value from closed filehandle ,0,0,0,0,0,0,0,0,1,1,1
CNN.com Daily Top 10,0,0,0,0,0,0,1,0,0,1,0
CNN.com Daily Top 10,0,0,0,0,0,0,0,0,1,1,0
Re:,0,1,1,1,0,1,0,0,0,1,1
Re: [opensuse] Firefox Java Plugin,0,0,0,0,0,0,0,0,1,1,0
re: shop + compare for the lowest price possible for any product,0,0,0,0,0,0,0,0,1,1,0
Re: your resume,1,0,1,0,1,0,0,1,1,1,1
Re: [Python-Dev] Compiler used to build Python for Windows,0,0,0,0,0,0,0,1,1,1,1
our sexual life maybe incredible and exciting,0,0,0,0,0,0,0,0,1,1,0
Re: policy server causing CLOSE_WAIT,0,1,1,0,0,0,0,0,1,1,1
Someone Made you a card - Important,0,0,0,0,0,0,0,0,1,1,0
PhentrimineHealthyLifeMoneybackPolicy,0,1,0,0,0,0,1,1,1,1,1
Re: [opensuse] Require help & guidance on displaying for presentation,0,0,1,1,0,0,0,1,1,1,1
August playboy centrefold,0,0,1,1,1,1,0,0,1,1,1
Re: [Python-Dev] very bad network performance - Please verify,1,0,0,0,0,1,0,0,1,1,1
"Re: [ydn-delicious] Instead of 503, repeating API /posts/all gives 200 but no posts.  Eeek!",0,0,0,0,0,0,0,0,1,1,0
From Ivan Hines,0,0,0,0,0,0,0,0,1,1,0
Recommended plastic surgery for men,1,0,0,0,0,0,1,0,1,1,1
 can supply powerful tools to crack them. As computer hardware and software become ever more sophisticated,0,0,0,0,0,0,0,0,1,0,0
Bomb her womb from your huge cannon!,0,0,0,0,0,0,0,0,1,1,0
Re:,0,1,1,1,1,1,0,1,1,1,1
Doctor Approved And Recommended.,1,1,0,1,1,1,0,0,1,1,1
"Make the Impossible, Possible. Enlarge your Penis by 3"" in Weeks!",0,0,1,1,0,1,0,0,1,0,1
Re: [Python-3000] Using range(),0,0,0,1,0,0,0,0,1,1,0
Re: [Py2exe-users] Adding modules from another project,0,0,0,1,0,1,0,0,1,1,1
Save on quality software!,0,0,0,0,1,1,0,1,1,1,1
Guaranteed,0,0,1,0,0,0,0,0,1,1,0
QUESTION: Alt-value,0,0,0,0,0,0,0,0,1,1,0
Choice IWC replica watches at Replica ...   ,0,0,0,0,0,0,0,1,1,1,0
StubHub Ticket Update - - Nationwide,1,1,0,0,0,0,0,0,1,1,1
Purchase popular impotency treatment drugs in Canada  for the best Net prices.,0,0,0,1,0,0,0,1,1,1,0
The jet set,0,0,0,1,0,0,0,0,0,1,1
CNN Alerts: My Custom Alert,0,0,1,0,1,1,0,0,1,1,1
Re: [opensuse]  Unstable system - who is the culprit?,0,0,0,0,0,0,0,0,1,1,0
mpeg4 New for da1482440eb4bea7f128010f467699b9 ,0,1,0,0,0,0,1,1,1,1,1
Re: High concurrency smtpd issues,1,1,0,0,1,1,1,0,1,1,1
"Wekalist Digest, Vol 60, Issue 14",0,0,0,0,0,0,0,0,1,1,0
Find out how to absolutely satisfy your girlfriend  - Action needed,0,0,0,1,0,0,0,1,1,1,1
I'm a Woman 38 - Important,0,0,0,0,0,0,0,0,1,1,0
Be the greatest lover in bed,0,0,0,0,0,0,0,0,1,1,0
Re: SV: [opensuse] Migrate from 32bit to 64bit?,0,0,0,0,0,0,0,0,1,1,0
CNN.com Daily Top 10,0,0,1,0,0,0,0,0,1,1,0
Penis Enlargement Is Possible ! Learn How and What Products Work - Important,0,0,0,1,0,0,0,0,1,1,0
What to look for when purchasing a replica watch,0,0,0,0,0,0,0,0,1,1,0
ITS issues at OTR and over the weekend,0,0,0,1,0,0,1,1,1,1,1
CNN Alerts: My Custom Alert,0,1,1,0,0,0,0,0,1,1,1
[UAI] [Mlnet] MRDM @ KDD: deadline extension,0,0,1,1,1,1,0,0,0,1,1
Re: [Python-3000] python-safethread project status,0,0,0,0,0,0,0,0,1,1,0
CNN.com Daily Top 10,1,1,0,0,1,0,0,0,1,1,1
InfoNewOfferWorldwide,0,0,0,0,0,0,0,0,1,1,0
Britney spears,0,0,0,0,0,0,0,0,1,1,0
[Bug 5677] [review] New TLD list,0,1,0,1,1,0,0,1,1,1,1
CNN Alerts: My Custom Alert,0,0,0,1,0,0,0,0,1,1,1
Guaranteed,0,1,1,0,0,1,1,1,1,1,1
Experience new heights of pleasure,0,0,0,0,0,0,0,0,1,1,0
Healthy relationship? Easily.,0,0,0,0,0,0,0,0,1,1,0
David Lee King,0,0,0,0,0,0,0,0,1,1,0
change the button action in triptracker,0,1,0,1,0,0,1,0,1,1,1
More meat is what you need,0,0,0,0,0,0,0,0,1,1,0
For: 848a5d45da330c3af3797899ab54e4e3 Obama Is Anorexic Over-Exerciser,0,0,0,0,0,0,0,0,1,1,0
re: ???? ??? ,0,0,0,0,0,0,0,0,1,1,0
Girls this hot are sweet,0,0,1,1,0,0,0,1,1,1,1
Your honesty will be appreciated and ED cured.,1,0,0,1,1,0,1,0,1,1,1
CNN.com Daily Top 10,1,1,1,0,0,0,0,1,1,1,1
third world debt,1,0,0,1,0,1,0,0,1,1,1
Reminder - An invitation from the Vice-Chancellor,0,0,0,1,1,1,0,0,1,1,1
[opensuse] Re: [opensuse-kde] KDE:KDE4 deleted,0,0,0,0,0,0,0,0,1,1,0
CNN.com Daily Top 10,0,0,0,1,0,0,0,0,1,0,1
Re: Wiki Bugs(?),0,0,0,0,0,0,0,0,1,1,0
CNN Alerts: My Custom Alert,1,0,0,0,0,0,0,0,1,1,0
"Re: [Python-Dev] [Python-3000] Invitation to try out open source	code review tool",0,0,0,0,0,0,0,0,1,1,0
Re: Question about changing the road of authentified user,1,1,1,0,0,0,1,1,1,1,1
Purchase medications with CanadianPharmacy and enjoy our low prices.,1,1,1,1,0,1,0,0,1,1,1
Buy  your medications at the best possible prices. - Please verify,1,0,1,0,1,1,0,0,1,1,1
Re: kurila 1.3 released,0,0,0,0,0,0,1,0,1,1,1
we cure people,0,0,0,0,0,0,0,0,1,1,0
vaccinate denny antelope primitivism riggs,0,0,1,1,0,0,0,1,1,1,1
Purchase cheap Vacheron Constantin replica watch here   ,0,0,0,0,0,0,0,0,1,1,1
CNN.com Daily Top 10,0,0,0,0,1,1,1,0,1,1,1
[Pownce] New file from Leo Laporte! - Please verify,0,0,1,1,0,0,0,0,1,1,1
CNN.com Daily Top 10,0,0,0,0,0,0,0,0,1,1,0
"TuxOnIce-users Digest, Vol 36, Issue 12",0,0,1,0,0,1,0,0,1,1,1
Karma sutra techniques for G-spots,0,1,0,1,0,1,0,0,1,1,1
Re: [FoRK] Re: Message to Apple: resistance is futile!,0,1,0,0,0,0,0,0,1,1,1
Leave no weak spots in your life,0,0,0,0,0,0,0,0,1,1,0
Emerging Technologies Wednesday Update (02/13/2008),0,0,1,0,0,0,1,0,0,1,1
With Vacheron Constantin replica watch time becomes ...   ,0,0,0,1,0,0,1,0,1,1,1
Re: [python-win32] Creating python com objects,1,1,0,1,0,0,1,0,0,1,1
CNN.com Daily Top 10,0,0,0,0,0,0,0,0,1,1,0
From Neil Bain,0,0,0,0,0,0,0,0,1,1,1
Parrot 0.4.17 Released,0,0,0,0,0,0,0,0,1,1,0
fashionable replica watches,1,0,0,0,0,0,0,0,1,1,1
Revolutionary mens health aid has arrived,0,0,0,0,0,0,0,0,1,1,0
50 ways to meet your lover_markizamkd25 - Please verify,0,0,0,0,0,0,0,0,1,1,0
Success men's packs,0,1,1,0,1,0,0,1,1,1,1
Re: [Python-3000] Displaying strings containing unicode escapes,0,0,0,0,0,0,0,0,1,1,0
[UAI] PhD Studentship in AI Techniques for Flood Prediction at University of Bristol - Please verify,0,0,0,0,0,0,1,0,1,1,1
Coming fast and furious,0,1,1,1,0,0,0,0,1,1,1
Brand name meds at dirt cheap price.,0,0,0,1,0,0,0,1,1,1,1
from Carolina Ramey,0,0,0,1,0,0,0,1,1,0,1
"Re: [Python-3000] [Python-Dev] Reminder: last alphas next Wednesday	07-May-2008",0,0,0,1,0,0,0,0,0,1,1
Re: Initial Working in Artwork for Lenny,0,1,1,0,0,0,0,0,1,1,1
No Pumps! No Surgery! No Exercises! ,0,0,0,0,1,1,0,0,0,1,1
"Re: [Python-Dev] PEP 370 (was Re: Reminder: last alphas next	Wednesday 07-May-2008)",0,1,0,0,0,0,0,0,1,1,1
in processing....,0,1,0,1,0,0,0,0,1,1,1
Compare Top 5 Penis Enlargers,1,1,0,0,0,1,1,1,1,1,1
Reliable software only!,0,0,0,0,0,0,0,0,1,1,0
123,0,0,0,0,0,0,0,0,1,1,0
"Israel Today - August 6, 2008",0,0,1,0,0,0,0,0,1,1,0
Low Prices On Enlargement.,0,0,0,0,0,0,0,0,1,1,0
CNN Alerts: My Custom Alert,1,1,0,1,0,0,0,0,1,1,1
jesse bergen christ scarves gigabit,0,0,0,1,0,0,0,0,1,1,0
Returns Status (Monday 3rd March),0,0,0,0,0,0,1,1,1,1,1
Immense dimension of your monster,0,0,0,0,0,0,0,0,1,1,0
Re: [opensuse] Mounting an vmware virtual disk in Linux. - Important,0,0,1,0,0,0,0,0,1,1,1
RE: Schedule,0,0,0,1,0,1,1,0,1,1,1
CNN.com Daily Top 10,0,0,0,0,0,0,0,0,1,1,0
How To Enlarge Penis Size - Please verify,1,0,0,0,1,0,0,0,1,1,1
She will sure like how those pilules enhanced you.,0,0,0,0,0,1,0,0,1,1,1
You do not want to buy unknown them at strange stores,0,0,0,0,0,0,0,0,1,1,0
[ spambayes-Patches-1707808 ] imap-tte,0,1,0,0,0,1,0,0,1,1,1
Penis Enlargment Reviews,0,1,0,0,0,0,1,0,1,1,1
Most reliable replica from Patek Philippe ...   ,1,1,1,0,0,1,0,1,1,1,1
[Python-Dev] Improved thread switching,0,0,0,0,1,0,1,0,1,1,1
Re: [opensuse]  [OT] How much power does a PC really consume?,0,0,0,0,0,0,0,0,1,1,0
[UAI] International Conference on Machine Learning (ICML) 2007 Call for Papers,0,1,0,0,0,0,0,0,1,1,0
CNN Alerts: My Custom Alert,0,0,0,0,0,0,0,0,1,1,0
Posh items for your style,0,0,0,0,0,0,0,0,1,1,0
Re: [opensuse] Have a separate resolv.conf per interface,0,0,0,0,0,1,0,1,1,1,1
[Python-3000] end scope of iteration variables after loop,1,0,0,0,1,1,0,0,1,1,1
CNN.com Daily Top 10,0,0,0,0,0,0,0,0,1,1,1
Re: [ILUG] iSCSI & Shared Storage Question,0,1,0,1,0,0,0,0,1,1,1
rolex watches,1,0,0,0,1,0,0,1,1,1,1
Click here to purchase high-quality replica watch ,0,0,0,0,0,0,0,0,1,1,0
The top rated penis enlarger Proven Results. 100% Guaranteed.,0,0,0,1,0,0,0,0,1,1,0
Relax. Take a Deep Breath We have the answers you seek.,0,0,0,0,0,0,0,0,1,1,0
From Jan Moss,0,0,1,1,1,1,0,0,1,1,1
Re: Another regexp failure with utf8-flagged string and byte-flagged pattern (reminder),0,0,0,0,0,0,0,0,1,1,0
[UAI] Post-doc in constraint-based scheduling - Action needed,0,0,1,0,0,0,0,1,1,1,1
CanadianPharmacy makes possible to  get quality meds and save at the same time.,1,0,0,1,1,0,0,0,1,1,1
Interesting Medical Offers,0,0,0,0,0,0,0,0,1,1,0
Re: [opensuse] "Software Manager - offline mode" new yast module needed,0,0,0,0,0,0,0,0,1,1,0
Sluttily attractive girls,0,0,0,0,0,0,0,0,1,1,0
Bitpipe KnowledgeAlert,0,0,0,1,1,1,0,1,1,1,1
Barely 16 and for your pleasure,1,0,0,0,1,0,0,1,1,1,1
?w???u?? MHDD v4.6 (?w?????_) + ????-f1,0,0,0,0,0,0,0,0,1,1,0
Re: [Python-3000] RELEASED Python 2.6a2 and 3.0a4 - Urgent,1,0,0,0,1,0,0,1,1,0,1
[UAI] CFP ECSQARU 2007 New deadline 28 April 2007,0,0,1,0,0,0,0,0,1,1,0
Re: [opensuse] openSUSE 11.0 and the Non-ready KDE4,0,0,0,0,0,0,0,0,1,1,0
Re:,1,0,0,1,1,0,0,0,1,1,1
[UAI] CFP: 19th IEEE INTERNATIONAL CONFERENCE on TOOLS with ARTIFICIAL INTELLIGENCE - deadline extended,0,0,0,0,0,0,0,0,1,1,0
Re: [opensuse] Nvidia compiz "freeze",0,0,1,0,0,0,0,0,1,1,0
Re: Fwd: Re[2]: [ILUG] New ILUG commitee,0,0,0,0,1,0,0,0,1,1,1
[Bug 5800] RFE: rule DATE_CONTAINS_TAB (rule included),0,0,1,0,0,1,1,0,1,0,1
Inexpensive elegant gifts,0,0,0,0,0,0,0,0,1,1,0
Looking for really effective non-surgery penis enlargement method? lpf kdjtta bgvas,0,0,0,0,0,0,0,0,1,1,0
Finest boycie proposition,1,0,1,0,0,0,0,1,1,1,1
[ILUG] USB wireless adaptor freezes Ubuntu server,0,1,1,1,1,1,0,1,1,1,1
"certificate based authentication, certificate not identified",0,0,0,0,0,0,0,0,1,1,0
Don't be left behind - enlarge yourself now! lnvo d tapbxs,0,0,0,0,1,0,0,0,1,1,0
You have one or more alerts.,1,0,0,0,0,0,0,0,1,1,0
Re: [python-win32] Drag and Drop issues - Important,0,0,0,0,0,0,0,0,0,1,0
Peole and health. New magasine,0,0,0,0,0,0,0,0,1,1,0
Re: Emails passing through SA with valueless headers,0,0,0,0,0,0,0,0,1,1,1
"Re: Hey Andrej, Rich, say something for your fans",0,0,0,0,0,0,0,0,1,1,0
[Slashdot] Stories for 2008-04-17 - Action needed,0,1,0,1,0,0,0,1,1,1,1
Immense dimension of your monster,0,0,0,1,0,0,0,0,1,1,1
123,0,0,0,0,0,0,0,0,1,1,1
Want to get rid of anxiet!,0,0,0,0,0,0,0,0,1,1,0
[UAI] CFP - Journal of Biomedical Informatics Special Issue on Computerized Decision Support for Critical and Emergency Care,0,0,0,1,1,0,0,0,1,1,1
Re: [opensuse] Is it possible to force postfix to retry a failed sent mail,0,0,0,0,0,0,0,1,1,1,1
Luxurious costume replica watches at lowest prices ,0,0,0,0,0,0,0,0,0,1,0
Re: replying to text/plain base64,0,0,1,0,0,0,0,0,1,1,1
Re: [opensuse] OpenSuse 11,0,0,0,0,0,0,0,0,1,1,0
Spring Big Sale...FANTASTIC Replica watches...Save 15% ...   ,0,1,0,1,1,0,1,0,1,1,1
Re: [Python-3000] PEP 3108 - stdlib reorg/cleanup,0,0,0,0,0,1,0,0,1,1,1
message: Hi ! this Olga - Action needed,0,0,1,0,0,1,0,0,1,0,1
Order Rolex Replica //atches 0nline!   ,0,0,0,0,0,0,0,0,1,1,1
[Bug 5680] [review] ALL_TRUSTED fires even if X-Originating-IP is used - Action needed,0,0,0,0,0,0,0,0,1,1,1
Re: [opensuse] Opensuse Updater endless Loop - Bad Cups Update?,0,0,0,0,0,0,1,1,1,1,1
Good Health for Less Money,0,0,1,0,0,0,0,0,1,1,0
Get the best gift for your friend's wrist - Important,0,0,0,1,1,1,0,1,1,1,1
CNN.com Daily Top 10,0,1,0,0,1,0,0,0,1,1,1
CNN.com Daily Top 10,0,0,0,0,0,0,0,0,1,1,0
"TuxOnIce-users Digest, Vol 37, Issue 6",0,0,0,1,0,0,0,0,1,1,1
"[UAI] CFP: Workshop on belief revision, belief merging and social choice - Please verify",1,0,0,1,0,1,0,0,1,1,1
[soaplite] Digest Number 1748 - Please verify,0,1,0,1,1,0,0,0,1,1,1
Coming fast and furious,0,0,0,0,0,0,1,0,1,1,1
Some months and women are admired by you gfeg f fqjk,1,0,0,0,0,0,0,0,1,1,1
Re: [python-win32] A shameless COM question,0,0,0,0,0,0,0,0,1,1,1
Stepping up your records management strategy ,1,0,0,0,0,1,1,0,1,0,1
I bet you've never seen anything like this! - Action needed,0,0,0,0,0,0,0,0,1,1,1
porno Shocking for c202f8eb239faf8d4b0a5c6a41cde453 ,0,0,0,0,0,0,0,0,1,1,0
123,0,0,0,0,0,0,0,0,1,1,0
"Re: [opensuse] The IcedTea java in Factory - a native 64bit     	javaplugin",0,0,0,0,0,0,0,0,1,1,0
CNN.com Daily Top 10,0,0,0,0,0,0,1,0,1,1,0
Re: [R] Merging two datasets,1,0,0,0,0,0,0,0,1,1,0
Re: kurila 1.3 released,0,0,0,0,0,0,0,0,1,1,0
Re:,0,0,0,0,0,1,0,0,1,1,0
Re:,1,1,0,1,0,0,1,0,1,0,1
"[spambayes-dev] Major change to the website front page - feedback	please",0,0,0,1,0,0,0,0,1,1,0
You our client!,0,0,1,0,0,0,1,1,0,1,1
Re: [ie-rant] Perlico,0,0,1,0,0,0,0,0,1,1,0
"Re: Clearly bogus false positives -- on ""abuse"" contact point, no less",0,0,0,1,0,1,0,0,1,1,1
Re: Postfix does not permit piping mails to command,0,0,0,0,0,0,0,0,1,1,0
Online Drugstore Announce Discounts,1,0,1,1,0,0,0,0,1,1,1
"Re: Exporter::Simple (was Re: BBC(Bleadperl Breaks CPAN) Where are	we now (5.10.0-RC1 time))",0,0,0,0,0,0,0,0,1,1,0
mp3 Kick-up for 2f022b9a8b9a28309e48e65b932e7af7 ,0,1,1,0,0,1,0,0,1,1,1
Re: [Python-3000] Spooky behavior of dict.items() and friends - Important,0,0,0,1,0,0,0,0,1,1,0
SOLD OUT -- -Do you want Rolex? or any other extra watch?    4nt,0,0,1,0,1,1,0,0,1,0,1
CNN.com Daily Top 10,0,1,0,0,0,0,0,0,1,1,1
"[Spambayes-checkins] SF.net SVN: spambayes: [3170]	trunk/spambayes/scripts/sb_imapfilter.py",0,0,0,0,0,0,0,1,1,1,0
Re: [Python-Dev] Auto-Assignment,0,0,0,0,0,0,0,0,1,1,0
Enlarge your pecker with cutting-edge technology,0,1,1,0,0,1,0,0,1,1,1
[UAI] Special Issue on Chance Discovery,0,0,0,0,0,0,0,0,1,1,0
"Teco Industry is in the business of corn, wheat, paddy, and",0,1,1,0,0,0,0,0,1,1,1
fashionable replica watches   ,0,0,0,0,0,0,0,0,1,1,0
CNN.com Daily Top 10,0,0,0,0,0,0,0,0,1,1,0
Love package at a low prices,1,0,1,0,0,0,0,0,1,1,1
Re:,0,0,1,0,0,1,1,0,1,1,1
Here is Your Ecard - Action needed,0,0,0,1,0,1,0,1,1,1,1
Re: [opensuse] ext3 check forced = frustration,0,0,0,0,0,0,1,0,1,1,1
Re: [FoRK] interesting video on Hillary,0,0,0,0,1,1,0,0,1,1,1
Auth sub - get email (not the ever changing session token),0,0,1,0,1,0,0,0,1,1,1
buy now Viagra 50mg x 10 pills $6.00 per pill,0,0,0,0,0,0,0,0,1,1,0
CNN Alerts: My Custom Alert,0,1,1,0,0,0,0,0,1,1,1
"Re: [Python-Dev] Documentation for ability to execute zipfiles &	directories",0,0,0,0,0,0,0,0,1,1,0
Domain Name SPAM,0,0,0,0,0,0,0,0,1,1,1
For men with low libidos,0,0,0,0,0,0,0,0,0,1,0
New OldFriends members,0,0,0,0,0,0,0,0,1,1,0
"Re: [Python-Dev] py3k: print function treats sep=None and end=None	in	an unintuitive way",1,1,0,0,1,0,0,0,1,1,1
 say,0,0,0,0,0,0,1,1,1,1,1
Compare Top 5 Penis Enlargers,0,0,1,1,1,1,0,1,1,1,1
Re: [opensuse] openSUSE 11.0 and the Non-ready KDE4,0,0,0,0,0,0,0,0,1,1,0
$99.95 Viagra 100mg x 30 pills,1,1,1,0,1,0,0,0,1,1,1
[Bug 5493] [review] sa-compile not correctly parsing escaped backslashes - Action needed,0,1,1,0,0,0,0,0,1,1,1
Webcast Roundup: Improving Applications Management: An Early Warning System for Web Application Performance Problems and more,0,0,0,0,1,0,0,1,1,1,1
You've received an E-Greeting,0,0,0,1,1,1,1,0,1,1,1
"[BadTomatoes] Please moderate: ""Bees, ogres, and a house full of kids""",0,1,0,0,0,0,0,1,1,1,1
Re:,0,0,0,0,0,0,0,0,1,1,0
Enjoy The Sex Life You Deserve,0,0,0,0,0,0,0,0,1,1,0
Re: ,0,0,1,0,0,0,1,0,1,1,1
"Whole world popular, helping many people.",0,0,0,0,1,0,0,1,1,1,1
Embed JavaScript in Wiki,0,0,0,0,0,0,0,0,1,1,0
re: ????????! ?????????? ??????????? ????,0,0,0,0,1,1,1,0,1,1,1
CNN.com Daily Top 10,0,0,0,0,0,1,0,0,1,1,0
"[Perl Jobs] E COMMERCE APPLICATION DEVELOPER (onsite), United States, New York, Manhattan",0,0,0,0,0,0,0,0,1,1,0
First-class replica watches at Replica Classics ,1,0,0,0,0,0,0,0,1,1,1
SOA and XTP | Fuzzy SOA | SOA & Camel,0,0,0,0,0,0,0,0,1,1,0
Order Rolex Replica //atches 0nline!   ,1,0,0,1,1,0,0,0,1,1,1
A wide selection of most popular goods for health online.,0,0,0,0,0,0,0,0,1,1,0
CNN.com Daily Top 10,0,0,0,0,0,0,0,0,1,1,0
CNN Alerts: My Custom Alert,0,0,0,0,0,0,0,0,1,1,0
A Digital Card from someone who cares.,1,0,0,0,0,0,0,0,1,1,1
CNN.com Daily Top 10,0,0,1,0,0,0,0,0,1,0,1
Re: [Python-Dev] First green Windows x64 buildbots!,0,0,0,0,0,0,0,0,1,1,0
CNN.com Daily Top 10,0,0,0,1,0,0,0,0,1,1,1
CNN.com Daily Top 10,1,0,0,0,0,0,0,0,1,1,0
From Reid Cordero,0,0,1,0,1,1,0,0,1,1,1
Most reliable replica from Patek Philippe ...   ,0,0,0,0,0,0,0,0,1,1,0
RE: 6 Monthly Report,0,0,0,0,0,0,0,0,1,1,0
CNN.com Daily Top 10,0,0,1,0,1,0,0,0,1,0,1
Re: help - Important,0,0,0,0,0,0,0,0,1,1,0
Mot of your heal coms from good mds.,0,0,0,0,0,0,1,1,1,1,1
Return your self-estteme with blue pilule.,0,0,0,0,1,0,0,0,1,1,0
"Replica watches, pens, bags and more... Cheap luxury gifts ...    - Urgent",0,0,0,0,0,1,0,1,1,1,1
[UAI] 2nd CFP: IIWeb @ WWW2006: Information Integration on the Web,0,0,0,0,0,0,0,0,1,1,0
For:d5eeaaaa950506b2334aec75bd0009dd Britney and Paris Lesbian video,1,0,1,0,0,1,0,0,1,1,1
failover for check_policy_service,0,0,0,1,0,0,0,0,1,1,1
Re: [python-win32] WABAccess help ...,0,0,0,0,1,1,0,0,1,1,1
Your Gardener's News for March,0,0,0,0,1,0,0,0,1,1,1
Re: [Python-3000] the release gods are angry at python,1,0,1,0,0,0,0,0,1,1,1
Re: ,0,0,0,0,1,0,1,0,1,1,1
Your receipt #5859028869,0,1,0,0,1,1,0,0,1,1,1
Re: [PATCH] t/comp/opsubs.t,0,0,0,0,0,1,1,0,1,1,1
Don?t let her leave discontented,0,0,0,0,0,0,0,1,1,1,1
"Re: [FoRK] I'd love to do this, and I'm afraid to do this...",0,0,0,1,0,0,0,0,1,1,0
High Quality Rolex  //atches!  apxfm zyecq ozjaiz,0,0,0,1,0,1,1,0,1,1,1
[PownceAPI] n00b questions about posting files,0,1,1,1,0,0,0,0,0,1,1
"Re: [python-win32] Iron Python and Visual Basic 2005 (or2008)	Express",0,0,0,1,0,1,0,0,1,1,1
Re: [Python-Dev] PEP 8: Discourage named lambdas?,0,0,0,1,0,0,0,1,1,1,1
Generate the best love results here,0,0,0,0,0,0,0,1,1,1,1
These nurses are flaming hot,0,0,0,1,0,1,1,1,1,1,1
BBC(Bleadperl Breaks CPAN) Today: File::MMagic::XS (0.09002),0,0,1,0,0,1,0,0,1,1,1
ANN: Evoque - managed eval-based templating,0,0,0,1,0,0,1,1,1,1,1
Astrology.com: BabyScopes,0,0,0,0,0,0,0,0,1,1,0
I love to bang her,0,0,0,0,0,0,0,0,1,1,0
PhentrimineHealthyLifeMoneybackPolicy,0,0,0,0,0,0,0,1,1,1,1
Want to get acquainted,0,0,0,0,0,0,0,0,1,1,0
"Re: [opensuse] SCO, still a potential problem for Novell? - Urgent",0,0,0,0,1,0,0,0,1,1,1
First-class replica watches at Replica Classics ,0,0,0,0,0,0,0,0,1,1,0
Store for Man's,1,0,0,0,1,0,0,0,1,1,1
Proven Effective for 72 Hours.,0,0,0,0,0,0,0,0,1,1,1
[Bug 5675] TextCat sidesteps 'what if I DON'T like language X?',0,0,0,0,0,0,0,0,1,1,0
All Your Breast Enlargement Info From Top Breast Enlargement Sites.,0,0,0,0,0,0,0,0,1,1,0
Rolex is not for all. Is it for you ?   ,0,1,0,1,0,0,1,1,1,1,1
Emerging Technologies Tuesday Update (03/04/2008),0,0,0,0,0,0,0,0,1,1,0
Reliable software only!,0,0,0,0,0,0,0,0,1,1,0
Spacious presents for your loved people - Action needed,1,0,0,0,0,0,0,0,1,1,1
CNN Alerts: My Custom Alert,0,0,0,0,0,0,0,0,1,1,0
Re: Code freeze - Urgent,0,0,1,1,0,0,1,1,1,1,1
CNN.com Daily Top 10,0,0,1,0,1,0,0,0,1,1,1
Sender restrictions,0,0,0,0,0,0,0,0,1,1,0
CNN.com Daily Top 10,1,1,0,1,0,0,0,0,1,1,1
Re:,0,0,0,0,0,0,0,0,1,1,0
These nurses are flaming hot,0,0,0,0,0,0,0,0,1,1,0
Re:,0,0,0,1,0,1,0,1,1,1,1
Re: [opensuse]  Re: mounting usb pendriver - openSUSE10.3 / vmware - dmesg doesn't show /dev/<what>,0,0,0,0,0,1,0,1,1,1,1
Super bartlett proposition,1,1,1,1,1,0,0,0,1,1,1
svn commit: r587545 - in /spamassassin/trunk: lib/Mail/SpamAssassin/Plugin/BodyRuleBaseExtractor.pm t/re_base_extraction.t,0,0,0,0,1,0,0,1,1,0,1
From Laurence Zavala,0,0,1,0,0,0,0,1,1,1,1
Re: [R] R CMD check message that I can't figure out (.onLoad failed),0,0,0,0,0,0,0,0,1,1,0
Viagra 100mg x 10 pills buy now,0,0,0,0,1,0,0,1,0,1,1
Re: [opensuse] Upgrade 10.2 to 10.3 failure,0,0,0,0,0,0,0,0,1,1,0
[Bug 5671] spamd child processing timeout causes children to hang - Important,0,0,0,0,1,0,0,0,1,1,1
Have a great  sex life . - Urgent,0,0,0,0,0,0,0,0,1,1,1
[UAI] Conference on Email and Anti-Spam Preliminary Call for Papers,0,1,0,1,0,0,0,0,1,1,0
Your Account with Google AdWords.,0,1,0,1,0,0,0,1,1,1,1
Replica Rolex Watches ! SAVE Big !,0,0,0,1,0,0,0,0,1,1,1
"[Spambayes-checkins] spambayes CHANGELOG.txt,1.59,1.60",0,0,0,0,0,0,0,0,1,1,0
Replica Classics trendy replica watches for you   ,0,0,0,0,0,0,1,1,1,1,1
With Vacheron Constantin replica watch time becomes ...   ,1,0,0,0,0,0,0,1,1,1,0
Encouraging news for man?s health!,0,0,0,0,1,0,0,0,1,1,1
"Re: [FoRK] I'd love to do this, and I'm afraid to do this...",1,0,0,0,0,0,0,0,1,1,0
[opensuse-announce] Reminder: openSUSE project meeting - 2008/02/20 - 13:00 CET (12:00 GMT),0,0,0,0,0,0,0,0,1,1,0
Re: PathTools beta for testing,0,0,0,0,0,0,0,0,1,1,0
You our client!,0,0,0,0,0,0,0,0,1,1,0
Please re-submit your payment information. - Important,0,1,0,0,0,1,0,0,1,1,1
"Trendy replica watches Famous brands, top quality  ",0,0,0,0,0,0,0,0,1,1,1
Local Area Employee Searching Notice,0,0,0,0,0,0,0,0,0,0,0
Re:,0,0,0,0,0,0,0,0,1,0,0
Be a dream of all beauties in the town!,0,1,0,0,1,0,0,0,1,1,1
Slideshow Block,0,0,0,1,0,1,1,0,1,1,1
Re: [Python-3000] Displaying strings containing unicode escapes,1,0,0,0,0,0,0,0,1,1,0
HQ copies of classic watch brands,0,0,0,0,0,0,0,0,1,1,0
CNN.com Daily Top 10,0,0,0,0,0,0,0,0,1,1,0
Re: [PownceAPI] Working with oAuth - Please verify,0,1,0,1,0,1,0,0,1,1,1
Time to get it bigger,0,0,1,0,0,0,0,0,1,1,1
[Bug 5813] [review] several TLDs are not parsed by URI text scanner in PerMsgStatus.pm,0,0,0,1,0,1,0,1,1,1,1
"Re: [Python-Dev] unittest's redundant assertions: asserts vs.	failIf/Unlesses",0,0,0,1,0,0,0,0,1,1,1
Netball Thursday nights - Important,0,0,0,0,0,0,0,0,1,1,0
Re: [FoRK] New hypotheses,0,0,0,1,0,0,0,0,1,1,1
Unique men's health shop,0,0,0,1,0,0,1,0,1,1,1
;) Look presentation New!!!,0,0,0,1,0,1,0,1,1,1,1
Luxurious costume replica watches at ...   ,0,0,0,0,1,0,1,0,1,1,1
"Linux Journal Weekly News Notes - March 5, 2008",0,1,0,1,0,0,0,0,1,1,1
Re: [cw-discuss] Question About Crossover Games,0,0,1,0,0,0,0,1,1,1,1
"[Perl Jobs] Perl-Coding Test Subjects Needed for ThinkGeek Science Experiment (onsite), United States, Virginia, Fairfax",0,0,0,1,0,0,0,0,1,1,1
[UAI] CFP: Changes'05 -- Workshop on Constraint Solving under Change and Uncertainty at CP2005,0,0,0,1,1,1,0,0,1,1,1
Face your new mate without fear,0,0,0,0,0,0,0,0,1,1,0
Re: Past LC comments on draft-ietf-geopriv-http-location-delivery-08,0,0,0,0,0,0,0,0,1,1,1
100mgPharmacyForOurCustomers,0,0,0,1,0,0,0,0,1,1,0
Re: [Python-Dev] configure error: "rm: conftest.dSYM: is a directory",0,0,0,0,0,0,0,0,1,1,0
Re: [opensuse] VirtualBox OSE problmes with openSUSE 10.3,0,0,0,0,0,0,0,0,1,1,0
[Spamassassin Wiki] Update of "UserPreferences" by jacob2171 - Please verify,0,0,0,0,0,1,1,1,1,1,1
"ietf-dkim Digest, Vol 107, Issue 10",0,0,0,0,0,0,0,0,1,1,0
CNN.com Daily Top 10,0,0,0,0,0,0,0,0,1,1,0
Consultants recommended product for men,1,0,0,1,1,0,0,0,1,1,1
Shocking video Demi Moore - Important,0,0,0,0,0,0,0,0,1,1,0
The bigger tool,1,0,0,0,1,0,1,0,1,1,1
Do You Need a SOA Enforcer?,0,0,0,0,0,0,0,0,1,1,0
Find the right place to order medications online .,0,0,0,1,0,0,0,0,1,1,1
Fun fun fun,0,0,0,0,0,0,0,0,1,1,0
Amazingly fast payouts,0,1,0,0,0,0,1,0,1,1,1
Dont let failures in bed be your nightmares anymore.,0,0,0,0,0,0,0,0,1,1,0
Re: Re[ydn-delicious] name/Delete Tag Function Not Working,0,0,0,0,0,1,0,0,1,1,0
Re: [opensuse] NFS background mounts - Urgent,0,1,1,1,1,1,0,0,1,1,1
Re: [Python-Dev] Reminder: last alphas next Wednesday 07-May-2008,0,1,0,0,0,0,0,0,0,1,1
Re:,0,0,0,0,0,0,0,0,1,1,0
Re: [Python-3000] range() issues - Important,0,1,0,0,0,0,0,1,1,1,1
Re: [opensuse] S-ATA hardware RAID controller,0,0,0,0,0,0,0,0,1,1,0
View Our Wholesale Rolex Replica Watches Today,1,1,0,0,1,1,0,0,1,1,1
CNN Alerts: My Custom Alert,0,1,0,0,0,1,1,0,1,1,1
[linux-dell-laptops] Digest Number 2651,1,0,0,0,0,0,0,0,1,1,1
EmedsWorldwideShippingNewOffer,0,0,0,0,0,0,0,0,1,1,0
CNN.com Daily Top 10,0,0,1,0,0,0,0,1,1,1,1
[UAI] Constraints Journal: Special issue on Local Search in Constraint Satisfaction,0,0,1,0,0,0,0,0,1,1,1
Re: [Python-Dev] Complexity documentation request,0,0,1,1,1,0,1,1,1,1,1
"Navigation System = $99.99, iPod Car Charger = $8.99, Sony Pocket PC, Seagate Hard Drive,..",0,0,0,0,0,0,0,1,1,1,1
You do not want to buy unknown them at strange stores - Urgent,0,0,0,0,0,0,0,0,1,1,1
Extensive range of watch models,0,0,0,0,0,0,0,0,1,1,0
RE: [ie-rant] calling all nerds,0,0,0,0,1,0,0,0,1,1,1
"Try and living up to them, to you will seem spent all seems for nothing",0,1,1,1,0,0,0,0,1,1,1
[UAI] TSD 2008 First Call for Papers,1,0,0,0,0,0,0,0,1,1,0
fashionable replica watches,0,0,0,0,0,0,0,0,1,1,0
[python-win32]  Accessing a Remote Registry....,1,1,0,0,0,0,0,0,1,1,1
Adding Sound to your Slideshow,0,0,0,0,0,0,0,0,1,0,0
$89.95 Price for 50mg x 30 pills - Please verify,1,0,0,0,0,0,0,1,1,1,1
Replica Rolex Swiss Watches   ,0,0,0,0,1,0,0,0,1,1,0
Internet Explorer 7,0,0,0,0,0,0,0,1,1,1,1
Sync iTunes libraries on multiple computers - - TuneRanger Just $19.99,0,0,0,0,0,0,0,0,1,1,0
Looking for really effective non-surgery penis enlargement method? lpf kdjtta bgvas,0,0,1,0,1,0,0,1,1,1,1
[UAI] Special session on Bayesian Networks / Evidential Networks / Markov decision Process,0,0,0,0,0,0,0,0,1,1,0
Re: [Python-Dev] [Python-3000] the release gods are angry at python,0,0,0,0,0,0,1,0,1,1,0
From Ericka Heath,0,0,0,0,0,0,1,0,1,1,1
[PATCH] File::Path 2.02,0,0,0,0,0,0,0,1,1,1,0
Question about header_checks,0,0,0,0,1,0,0,1,1,1,1
[perl #47529] Calling sort within another sort breaks the namespace of $a and $b  - Urgent,0,1,0,1,0,1,0,0,1,1,1
Tried vacuum pumps and other advertised methods without success ?,0,0,1,0,0,0,0,1,1,1,1
From Latasha Faulk,0,0,0,0,0,0,0,0,1,1,1
Re: maidrop error: Unable to open mailbox (why?),1,0,0,0,0,1,0,1,1,1,1
Re: [ie-rant] Re: pubs.,1,1,1,0,0,0,1,0,1,1,1
Re: [opensuse] openSUSE 11.0 and the Non-ready KDE4,1,1,1,0,1,1,0,0,1,1,1
"Save 32% at Amazon.com on ""Speed Racer/Racer X: The Origins	Collection"" by Tommy Yune",0,1,0,0,0,0,1,1,1,1,1
Policy Patrol quarantine report  *LUXIO*,1,0,1,0,0,0,1,1,1,1,1
Re: [Python-Dev] Equality on method objects,1,0,1,1,0,0,1,0,1,1,1
Health world,0,1,0,0,0,0,0,1,1,1,1
Fondle all her internal nerve endings,0,0,0,0,0,0,0,0,1,1,0
CNN Alerts: My Custom Alert - Urgent,0,1,0,0,0,0,0,0,1,1,1
Re: Change 32008: Upgrade to CPAN 1.9203,0,0,0,0,0,0,0,0,1,1,0
Interesting Herbal Deals,0,0,0,0,1,1,0,0,1,1,1
[UAI] ECML-PKDD Discovery Challenge 2006: Call for Participation,1,1,1,0,0,0,1,0,1,1,1
Finally your new healthy life. BE,0,0,0,0,0,0,0,0,1,1,0
[Slashdot] Stories for 2008-03-28 - Important,0,0,0,0,0,0,0,1,1,0,1
CNN.com Daily Top 10,0,0,0,0,0,0,0,0,1,1,0
Encouraging news for man?s health!,0,0,0,0,1,0,0,0,1,1,1
Please submit your payment information.,0,0,1,0,0,1,0,0,1,1,1
Smoke [5.8.8] 32298 FAIL(M) MSWin32 WinXP/.Net SP2 (x86/2 cpu),1,1,0,1,0,1,1,0,1,1,1
[ILUG] WD MyBook World Edition - ssh access fix,0,1,0,0,0,0,0,0,1,1,1
Re: [opensuse] Hopefully simple printing question - Please verify,0,0,0,1,0,1,0,0,1,1,1
Trust in the basic instinct ci cqr w - Important,0,0,0,0,0,1,0,0,1,1,1
[python-win32] OT: Version in EXE ...,0,0,0,0,0,0,0,0,1,1,1
"First Glance Webcast, Videocast & Podcast: Take steps to meet company security policies, prevent data leakage and ensure industry compliance on the System i network and more",0,0,0,0,0,0,0,0,1,1,0
From Amelia Carver,0,1,0,0,1,1,0,0,1,1,1
Re: [Python-3000] Using *a for packing in lists and other places,0,0,0,0,0,0,0,0,1,1,0
Goodiest davy offer,0,0,0,0,0,0,0,0,1,1,0
RE: Extension Form,1,0,0,0,1,0,0,0,1,1,1
High Quality Rolex  //atches!  vzzzj g fckam,0,0,0,0,0,0,0,0,1,1,0
CNN.com Daily Top 10,0,0,1,0,0,0,1,1,1,1,1
Check Out The Best Pills for Your Health,1,0,0,0,0,0,0,0,1,1,1
RE: Hold mail delivery,0,0,0,0,0,0,0,0,1,1,0
From Simon Murphy,1,0,1,1,0,1,0,0,1,1,1
CNN.com Daily Top 10,0,0,0,0,0,0,0,0,1,1,0
Re: [ILUG] Advice on Anti-Spam Strategy/Blocking Software,0,0,0,0,0,0,0,0,1,1,0
Re: [Python-3000] Should int() and float() accept bytes?,0,0,0,1,0,1,0,1,1,1,1
Re: patch to extract license data,1,0,1,1,0,0,0,0,1,1,1
Trade Me -- Please place feedback,0,0,1,0,0,0,0,0,1,1,0
Re: Relaying Denied,1,0,0,1,0,0,0,0,1,1,1
CNN.com Daily Top 10,0,0,0,0,0,0,0,0,1,1,0
Re: [Python-3000] Displaying strings containing unicode escapes,1,0,0,1,0,0,0,0,1,1,1
These nurses are flaming hot,0,0,0,0,0,0,0,0,1,1,0
All will be as you wont,1,1,0,1,0,0,0,0,0,1,1
helpful for your health. - Action needed,0,0,0,0,0,1,0,0,1,1,1
Thank You!,0,0,1,0,0,0,0,0,1,1,0
[Fwd: for tha g33kz] - Please verify,0,1,0,1,1,0,0,0,1,1,1
"[Spambayes-checkins] spambayes/spambayes dnscache.py,1.3,1.3.2.1",0,0,0,0,0,0,0,0,1,1,0
Salmon vs supplements - we are looking for volunteers....,0,0,0,0,0,0,0,0,1,1,0
CNN.com Daily Top 10,1,0,0,0,1,1,1,0,0,1,1
CNN Alerts: My Custom Alert,0,1,1,0,0,0,0,0,1,1,1
CNN.com Daily Top 10,1,0,1,0,0,0,0,0,1,1,1
AllProductsMoneybackPolicyEmeds - Please verify,0,0,0,0,1,0,0,0,1,1,1
RE: 6 Monthly Report,0,0,0,0,0,0,0,0,1,1,0
Re: [Python-3000] Enough with the u"string" already!,0,0,1,0,1,1,1,0,1,1,1
CNN Alerts: My Custom Alert,0,0,0,0,0,0,0,0,1,1,0
Re: [opensuse] Defragging: possible?  necessary?,0,0,0,0,0,0,0,0,1,1,0
Re: PathTools beta for testing,0,0,0,0,0,0,0,0,1,1,0
Wondering How to Deal with Intimate Problems? lZ,0,1,1,0,0,0,0,0,1,1,1
Patients can access Our online health shop is the Internet 24 / 7,0,0,0,0,0,0,0,0,1,1,0
It not only will improve your health but also your life rxh krpc kmayn - Please verify,0,1,0,0,0,1,0,0,1,1,1
Guaranteed Erection Fast,0,0,0,1,0,0,0,0,1,1,0
From Willard Meyers,1,0,1,1,0,1,0,0,1,1,1
Mego cesare offer,0,0,0,0,0,0,0,0,1,1,0
Re: [Python-Dev] RQST: Master Thesis - Urgent,1,0,0,0,0,0,0,0,1,1,0
New size for Men especially for new feelings of women at once dbjh da ezksaj,1,0,1,0,1,0,0,1,1,1,1
The health related Service,0,1,1,0,0,0,1,0,1,1,1
[Python-Dev] SetType=set in types module ?,1,0,0,1,0,0,0,0,1,1,1
CNN.com Daily Top 10,0,1,0,0,0,1,0,1,1,1,1
Re: can't get check_recipient_access working,0,0,0,0,0,1,0,0,1,1,1
CNN.com Daily Top 10,0,1,0,0,0,0,1,0,1,1,1
Bring back time when girls were yours.  - Important,0,0,0,0,0,0,0,0,1,1,0
Re: [opensuse] Localhost:631 is Not Found,0,0,0,0,0,0,0,0,1,1,0
CNN.com Daily Top 10,0,0,0,0,0,1,0,0,1,1,1
"Memo, ignite a blaze of wealth on August 23rd.",0,0,0,0,0,0,1,0,1,1,1
[Bug 5817] Poorly faked MTA Received headers (Plugin),0,0,0,0,0,0,0,0,1,1,0
Re: [opensuse] [OT] How much power does a PC really consume?,1,1,0,0,0,0,0,0,1,1,1
Re: [Python-3000] u'text' as an alias for 'text'?,0,0,0,0,0,0,0,0,1,1,1
"[PownceAPI] Re: Should request_token return 401, not 200 HTTP status	code on auth  failure?",0,0,0,0,0,0,0,0,1,1,0
Fast Shipping WorldWide. ,0,0,0,1,0,0,0,0,1,1,1
The best friend for ladies. Handbags from Gucci.,0,0,0,0,0,0,0,0,1,1,0
Highly secure 256bit order processing,0,0,0,0,0,0,1,0,1,1,0
Software in many languages!,0,0,0,0,0,0,1,0,1,1,1
Most Popular Watches of All Trademarks   ,0,0,0,0,0,0,0,0,1,1,0
"Re: [SM-USERS] Problem sending email, using reverse proxy",0,0,0,0,0,0,0,0,1,1,1
Real sexual preparations which always work,0,0,0,1,0,0,0,0,1,1,1
I want sale you rolex . Do you want one? ,0,1,1,0,0,0,1,0,1,1,1
Re: clarification of our inclusion policy (fwd),0,0,0,0,0,0,0,0,1,1,0
"[UAI] CFP: ACM IUI'08 - Conference on Intelligent User Interfaces, Canary Islands, Spain, Jan 13th - 16th, 2008",0,1,0,0,1,0,0,0,1,0,1
 > > Nigel > _______________________________________________ > TuxOnIce-users mailing list > enpsfhxz-stvnz@lists.tuxonice.net > http://lists.tuxonice.net/mailman/listinfo/tuxonice-users ------------------------------ _______________________________________________ TuxOnIce-users mailing list enpsfhxz-stvnz@lists.tuxonice.net http://lists.tuxonice.net/mailman/listinfo/tuxonice-users" - Urgent,0,0,1,0,1,0,0,0,1,1,1
patch for lib/Pod/Simple/t/ac_d.t for EBCDIC platform,0,0,0,0,0,0,0,0,1,1,0
[R] colouring a tree,0,0,0,0,0,0,0,0,1,1,1
New White Paper Roundup: Manufacturing Benchmarks: Optimizing Performance and Processes for the Supply Chain,0,1,1,0,0,1,0,0,1,1,1
CNN.com Daily Top 10,1,0,1,0,0,1,0,1,1,0,1
Choice IWC replica watches at Replica Classics   ,0,0,0,0,0,0,0,0,1,1,1
[Python-Dev] Another GSoC Student Introduction,0,0,0,0,0,0,0,0,1,1,0
CNN.com Daily Top 10,0,0,0,0,0,0,0,0,1,1,0
Choice IWC replica watches at Replica ...   ,0,0,0,0,0,0,0,0,1,1,0
[Python-Dev] Backport of bytearray type and io module,1,0,0,0,0,0,1,1,1,1,1
Best replica watches from Omega at Replica Classics   ,1,0,0,1,0,1,1,1,1,1,1
[UAI] Feature selection for clustering,1,1,1,1,1,0,0,0,1,1,1
Re: [opensuse] HP Printer C4380,1,0,0,0,0,0,1,1,1,1,1
CNN.com Daily Top 10 - Urgent,0,0,0,0,0,0,0,1,1,0,1
CNN.com Daily Top 10,0,0,0,0,0,0,0,0,1,1,0
[Pownce] New event invitation from Leah Culver! - Action needed,1,0,0,1,0,0,0,0,1,1,1
"Instead of our old formula, the new one is more concentrated and alot more powerful",0,0,0,0,0,1,0,0,0,1,1
re: ???? ???-????????? ????,0,0,0,0,0,0,0,0,1,1,0
First-class replica watches at Replica Classics ,1,1,0,1,0,0,1,0,1,1,1
FW: Postgraduate Writing Workshop:  - Urgent,0,0,0,1,0,0,1,0,1,1,1
With Vacheron Constantin replica watch time becomes ...   ,0,0,0,0,0,0,0,0,1,1,0
"[Bug 4516] RCVD_BY_IP, RCVD_IN_BL_SPAMCOP_NET and RCVD_IN_SORBS_WEB are also applied to intermediate relays",0,1,0,0,0,0,0,0,1,1,0
[Python-Dev] Windows build bot failure,0,0,1,1,0,0,1,0,1,1,1
From Sydney Whitman,0,0,0,0,0,0,0,0,1,1,0
Ladies and Gents watches from only 9.99 inc. delivery ...   ,1,0,0,0,0,0,0,1,1,1,1
RE: building mod_perl-2.0.3 with Perl 5.10.0 (DEVEL32096) - Important,0,0,0,0,0,0,0,0,1,1,0
Don?t leave her dissatisfied,0,1,1,1,0,0,0,0,1,1,1
pellet veritable negate sprout byrd,0,0,1,1,0,0,0,0,1,1,1
Join our talent hunt contest,1,1,0,0,0,0,1,0,1,0,1
soft at incredibly low prices ,0,0,0,0,0,0,0,0,1,1,0
Re: [Python-Dev] How we can get rid of eggs for 2.6 and beyond,0,0,0,0,0,0,0,0,1,1,0
Re: What is a pid file,0,0,0,0,0,0,0,0,1,1,0
Please your lassie like never before!,0,1,0,0,0,0,0,1,1,1,1
Get armed for a new love battle,0,1,0,0,0,1,0,0,1,1,1
Forget  about visiting local drugstores. Order your meds online.,0,0,0,0,0,0,0,0,1,1,0
"Re: [opensuse] TTF Fonts for Google Earth, howto install?",0,0,0,0,0,0,0,0,1,1,1
Love consultants recommend herbal products,0,1,0,1,0,1,0,0,1,1,1
Re: [Python-3000] sizeof(size_t) < sizeof(long),0,0,0,0,0,0,0,0,1,1,0
Up to 50% Off at Our End of Winter Sale!,0,0,0,0,0,1,0,0,1,1,0
From Johnie Mcmahon - Important,0,0,0,0,0,0,0,0,1,1,0
Re: [ie-rant] Weekend Break,0,0,0,0,0,0,0,0,1,1,0
Re: [FoRK] Google is evil,1,0,0,1,1,0,1,0,1,1,1
Get the cheapest software offer!,0,0,0,0,0,0,0,0,1,1,0
Re: [ILUG] Interest in getting a EEEPC?,0,0,0,0,0,0,0,0,1,1,0
Doctor Approved And Recommended.,1,0,0,0,1,0,1,1,1,1,1
Give freedom to the desires,0,0,0,0,0,1,0,1,1,1,1
Won't forget last night,1,0,1,0,0,1,1,0,1,1,1
Re: [Python-Dev] PEP 365 (Adding the pkg_resources module),0,1,1,1,0,0,0,1,1,1,1
PillsYourHealthInternationalPharmacy - Action needed,1,1,1,1,0,1,0,0,1,1,1
[UAI] CFP: Learning Track of 6th International Planning Competition,0,0,0,0,0,0,0,0,1,1,0
[Bug 5699] invalid marked as spam,1,0,0,0,1,1,1,0,1,1,1
Scholarships & Awards advertised on 12 March 2008,1,1,0,0,1,0,0,0,1,1,1
Guaranteed Erection Fast,0,1,0,0,0,0,1,1,1,0,1
HealthyLifeFastShippingWorldwideShipping - Urgent,1,0,1,0,1,0,0,1,1,1,1
Penis Enlargement - Truth,0,0,0,0,0,0,0,0,1,1,0
Beautiful bitch - Action needed,0,0,0,0,0,0,0,0,1,1,1
what are the criteria for being listed in sa-blacklist.current?,1,0,0,1,0,1,0,0,0,1,1
Highly secure 256bit order processing,0,1,0,0,1,0,0,0,1,1,1
[opensuse]  Re: LVM/EVMS (was: ext3 check forced = frustration),1,0,1,0,0,0,0,0,1,1,1
CNN.com Daily Top 10,0,0,0,0,0,0,0,0,1,1,0
CNN.com Daily Top 10 - Important,0,0,0,0,0,0,0,0,1,0,0
Reduce the spam score,0,0,0,0,1,0,1,0,1,1,1
Re: [dkim-milter-discuss] postfix + dkim-filter + email lists - milter  troubles (can't read SMFIC_HEADER,0,0,0,0,0,0,0,0,1,1,0
make your intimate life more pleasant,1,0,0,0,0,0,0,1,1,1,1
Please be informed that you should be extremely careful choosing your penis enlargement method. cqp oyxmi injse,0,0,0,0,0,0,0,0,1,1,0
From Dorothea Darden,0,0,0,0,0,0,0,0,1,1,0
Learn the Tips on Good Health,0,0,1,1,0,0,0,0,1,1,1
"[UAI] CFP: SARA 2007, 7th International Symposium on Abstraction, Reformulation and Approximation",1,0,0,0,0,1,0,0,1,1,1
[Bug 5686] add OSBF/Winnow as an alternative to Bayes,0,0,0,0,0,0,0,0,1,1,0
Interesting dvd Avril Lavigne,0,0,0,0,0,0,0,0,1,1,0
[PownceAPI] Dates in API?,0,0,0,0,0,0,0,0,1,1,0
"[Python-Dev] socket recv on win32 can be extremly delayed (python	bug?)",0,0,0,0,0,0,0,0,1,1,0
re'ole's,0,0,0,0,0,0,0,0,1,1,0
CNN.com Daily Top 10,1,0,0,1,0,0,1,0,1,1,1
From Brain Chavez,0,0,0,0,1,0,0,0,1,1,1
Re:,0,0,0,0,1,1,0,0,1,1,1
Re: [ILUG] Linux-compatible wireless adapters,0,0,1,1,0,0,0,0,1,0,1
incensel,0,0,1,0,1,0,0,0,1,1,1
Basic cunninglingus tips,0,1,0,0,0,0,0,0,1,1,1
CNN.com Daily Top 10,1,1,0,0,0,1,1,0,1,1,1
CNN Alerts: My Custom Alert,0,0,0,0,0,1,1,0,1,1,1
Latest news from your doctor.,0,0,0,0,0,0,0,0,1,1,0
Direct message from SpamExperts via web,0,0,0,0,0,0,1,1,1,1,1
From Allan Land,0,1,1,1,0,0,0,0,0,1,1
Re: [opensuse] SUSE 10.3 + ATI FireGL 5250 + Latest ATI driver = no 3D efects,0,0,0,1,0,0,0,0,1,1,0
Be ready for new spring romance,1,0,1,0,0,0,0,0,1,1,1
Re:,0,0,0,0,0,0,0,0,1,1,0
Your new way to greater satisfaction,0,0,0,1,0,1,0,0,1,1,1
Re: [Python-3000] u'text' as an alias for 'text'?,0,0,0,0,0,0,0,0,1,1,0
For men with erectile dysfunction,0,1,1,1,0,1,0,1,1,1,1
[UAI] CFP: AI and Math 2006,0,0,0,0,0,0,0,0,1,1,0
"Re: [opensuse] ATI Radeon FireGL V5200, IBM/Lenovo Z61p, X won't start",1,0,0,0,0,1,0,0,1,1,1
You our client!,0,0,1,0,0,0,0,0,1,1,1
Re: [Python-3000] PEP: Cleaning out sys and the "interpreter" module - Urgent,1,0,0,0,0,1,0,0,1,1,1
Re: Hold mail delivery,0,0,0,0,0,0,0,0,1,1,0
Re: - Action needed,0,1,0,0,1,0,0,0,1,1,1
Re: [Python-3000] Strategy for porting to 3.0?,0,0,0,0,0,0,0,0,1,1,0
Kick-up sexy songs Meg Ryan,1,0,0,0,0,1,0,0,1,1,0
Re: Smoke [5.10.0] 32308 FAIL(F) openbsd 4.1 (i386/1 cpu),0,0,0,1,0,0,0,1,1,1,1
porno dvd Kick-up for 9221cbea2525d97ae8133848d080ec4f ,0,0,0,0,0,0,0,0,1,1,0
buildbot failure in t-solaris-10,0,1,0,0,0,0,0,0,1,1,0
Re: score,0,1,0,0,0,0,0,0,1,1,1
Revolutionary mens health aid has arrived,0,0,1,1,0,1,0,1,0,1,1
CNN.com Daily Top 10,0,1,0,1,0,0,0,0,1,1,1
Re: [Python-Dev] Installing Python 2.6 alpha1 on Windows XP,0,0,0,0,0,0,0,0,1,1,0
People always aspired to something big. Reach the height! yq wcwbf fvri,0,0,1,1,0,0,0,1,1,1,1
CNN.com Daily Top 10,0,1,0,0,0,0,0,0,1,1,1
"Re: Luis' shorts Re: iPhone hacking Re: [FoRK] Thinking of taking an	iPhone on an international trip?",0,0,0,0,0,1,1,0,1,1,1
123,0,0,0,0,0,0,0,0,1,1,0
Find the right place to order medications online .,0,0,0,0,0,0,0,0,1,1,0
These nurses are flaming hot,0,0,0,0,1,0,1,0,1,1,1
Re: [PATCH] faster Unicode.xs decode_xs,0,1,0,0,0,0,1,0,1,1,1
[opensuse] Is it possible to force postfix to retry a failed sent mail,1,1,1,1,0,1,0,0,1,1,1
[spambayes-dev] SpamBayes BoF at PyCon?,0,0,0,0,0,0,0,0,1,1,0
Re: [opensuse]  [OT] How much power does a PC really consume?,1,0,0,0,0,0,1,0,1,1,1
Re: [saml-dev] NameID-less SAML Subject,1,0,1,1,1,0,0,0,1,1,1
Soft and natural enhancement formula,0,0,0,1,1,1,0,0,1,1,1
?????? ??????,0,0,0,0,0,0,0,0,1,1,0
Coming fast and furious,0,0,0,0,0,0,0,0,1,1,0
Slap that ass of hers,0,0,0,0,0,0,0,0,1,1,0
Re: [Python-3000] range() issues,1,0,1,0,0,1,0,0,1,1,1
Re: [perl #46217] (resent) Typeglobs vs. SUPER:: (Hook::LexWrap failure),0,0,0,0,0,1,1,1,1,1,1
"Re: [Python-Dev] [Distutils] how to easily consume just the parts	of eggs that are good for you",0,1,1,0,1,0,1,0,1,1,1
Guaranteed Erection Fast,0,0,1,1,0,0,1,1,1,1,1
"Re: [Python-Dev] Proposal: from __future__ import	unicode_string_literals",1,0,0,0,1,0,0,0,1,1,1
Re: [opensuse] PostgreSQL is compiled with SSL support? - Please verify,0,0,0,0,0,0,0,0,1,1,1
Giving freedom to the wishes,0,0,1,1,0,0,0,1,0,1,1
Achieve her complete satisfaction,0,0,1,0,0,0,0,0,1,1,0
[Bug 5486] __SARE_OBFU_TBL3 causes core dump due to recursion and stack limits in perl regexp engine,0,0,0,0,0,0,0,0,1,1,0
Re: [opensuse] Screen Capture,0,0,0,0,0,0,0,0,1,1,0
Re: Migrating from sendmail with LDAP routing,1,1,1,0,1,0,1,0,1,1,1
Re: [opensuse] OpenOffice writer nuisance pop up,0,0,0,1,1,0,0,1,1,1,1
RE: relay issue,0,0,0,0,0,0,0,0,1,1,0
Re: [ie-rant] National Curry Week!,0,0,0,1,0,0,1,0,1,1,1
Re: [opensuse] Firefox Java Plugin,0,1,0,0,0,1,0,1,1,0,1
Psychologist endorsed products for men,0,0,0,0,1,0,0,1,1,1,1
from Brooke Elkins,0,0,0,0,1,0,0,0,1,1,0
"""Nice girl like to chat"" spam",0,0,0,0,0,0,0,0,1,1,0
CNN Alerts: My Custom Alert,0,0,0,0,0,0,0,0,1,1,0
Order Rolex Replica //atches 0nline!   ,0,1,0,0,1,0,0,1,1,1,1
CNN.com Daily Top 10,0,0,0,1,0,0,0,0,1,1,1
[Bug 5673] [review] "ALL" header includes extra spaces between header names and values,1,1,0,0,0,1,0,0,0,1,1
CNN.com Daily Top 10,0,1,0,1,0,0,0,0,1,1,1
From Luann Decker,0,0,0,1,0,0,1,0,1,1,1
[ie-rant] MAC Questions...,0,0,0,0,0,0,0,0,1,1,0
Re: [opensuse] Firefox Java Plugin - Please verify,1,0,0,0,1,0,0,1,1,1,1
Have wild nights of love back again to life.,0,0,1,0,0,0,0,0,1,1,0
[Bug 5830] MSGID_OUTLOOK_INVALID and BROKEN - Important,0,0,1,1,1,0,0,1,1,1,1
Doctors help men with low libidos,0,0,1,0,1,0,1,1,1,1,1
"Re: [E-voting] Netherlands news, press release",1,0,0,0,0,0,0,0,0,1,1
Re: kurila 1.3 released,1,0,0,1,0,0,1,1,1,1,1
Re: [Python-3000] [Python-Dev] Python source code on Bazaar vcs,0,1,1,0,0,0,0,0,1,1,1
"[Perl Jobs] Senior OO Perl/MySQL Developer, Telecommute (telecommute), United States, CA, Westlake Village",0,1,0,1,0,0,0,0,1,0,1
[PATCH] Fix 'abs' and 'neg' overloading for 64-bit ints (revised) - Action needed,1,0,0,1,1,0,0,0,1,1,1
"She will never stop loving you, because you get medicaments from i-chemists.",0,0,0,0,0,0,1,0,1,1,0
Do not limited in their desires,0,0,1,0,0,0,1,1,1,1,1
Re: linking images,0,0,0,0,1,1,1,0,1,1,1
is it you? shaina here,1,0,1,0,0,0,0,1,1,1,1
Re: [Python-3000] RELEASED Python 2.6a2 and 3.0a4 - Action needed,0,0,1,1,1,1,0,0,1,0,1
Fight for your self-perfection!,0,1,0,0,0,0,1,1,1,0,1
Hoodia Weight Loss,0,0,1,0,0,1,0,0,1,1,1
Your honesty will be appreciated and ED cured.,1,1,1,1,0,0,0,0,1,1,1
New White Paper: Maximizing Data Center Efficiency with 10 Gigabit Ethernet,0,0,0,0,0,0,0,0,1,1,0
Do you think that your heth is at risk?,0,0,0,0,0,0,0,0,1,1,1
Perfect Medical Deals,0,0,0,0,0,0,0,0,1,1,0
CNN Alerts: My Custom Alert,1,1,0,0,1,0,1,1,1,1,1
Titanic dimension without much effort!,0,0,0,1,0,0,0,0,1,1,0
[UAI] CFP: Sequential Decision Making in Uncertain Multi-Agent Domains,0,0,0,1,0,1,0,0,1,1,1
For men with low libidos,0,0,0,0,1,0,0,1,1,1,1
Just some helpful information about VPXL. gg oezpae kqxk,0,0,1,0,0,0,0,0,1,1,1
Penis Enlargement Is Possible ! Learn How and What Products Work - Please verify,0,0,1,0,0,0,1,0,0,1,1
"[UAI] 2nd CFP: UMUAI Special Issue on User Modeling to Support Groups, communities and collaboration",0,1,0,1,0,1,1,1,1,1,1
CNN.com Daily Top 10,0,0,0,0,0,0,0,0,1,1,0
[Python-Dev] Windows build bot failure,0,0,0,0,0,0,0,0,1,1,1
Your optimal choice of watches,0,0,1,0,0,0,0,0,1,1,1
Click here and order replica watches from best brands   ,0,0,0,0,0,0,0,0,1,1,0
From Roxie Pierson,0,0,1,0,0,0,0,0,1,1,1
No Pumps! No Surgery! No Exercises! ,0,0,0,0,0,0,0,0,1,1,0
Jacob & Co. good replicas,1,0,0,0,1,1,0,0,1,0,1
From Bernard Huber,1,0,0,0,1,0,1,0,1,1,1
[Slashdot] Stories for 2008-03-26,0,0,0,0,0,0,0,0,1,1,0
CNN Alerts: My Custom Alert,0,0,1,1,0,0,0,1,1,1,1
Health world,0,0,0,1,0,0,0,0,1,1,1
For men with erectile dysfunction,0,0,0,0,0,0,0,0,1,1,0
RemedyYourHealthMeds,0,0,0,0,0,0,0,0,1,1,1
"White Paper Roundup: Best Practices for Wireless Networks, Maximize Performance with Bandwidth Management, A Guide for VoIP Management and Convergence and Much more.",0,0,0,0,0,0,0,0,1,1,0
I love to bang her,0,0,0,0,0,0,0,0,1,1,0
CNN Alerts: My Custom Alert,0,0,1,0,0,0,1,1,1,1,1
Re: [opensuse]  Unstable system - who is the culprit?,0,1,0,0,0,1,1,1,1,1,1
Re: [Python-Dev] string representation of range in 3.0,1,1,1,0,0,0,1,0,1,1,1
Get your free 2400$ welcome bonus and win much more!,1,1,0,1,0,0,0,0,1,1,1
Re: ,0,0,0,0,0,1,0,0,1,1,1
emblematic napoleon cufflink nd owly,0,0,0,1,0,0,0,0,1,1,1
Re: [UAI] Is the luck or is it skill? - Action needed,0,0,1,0,0,1,0,0,1,1,1
Re: [patch@31780] fixes for cpanplus on VMS,0,1,0,1,0,0,0,0,1,1,1
Brand name meds at dirt cheap price.,0,0,0,0,1,0,0,0,1,1,0
Re: server is rejecting mail from single domain,0,0,0,0,0,1,0,0,1,1,0
Re: [python-win32] QueryInterface fails with object passed from VB,0,0,0,0,0,0,0,0,1,0,0
Re: [opensuse]  [OT] How much power does a PC really consume?,0,0,0,0,1,1,0,0,1,1,1
Ranking And Reviews Of The Top 5 Penis Enlargement Products!,1,0,0,1,0,1,0,1,1,1,1
Ingenious - Special Announcement from Roger Douglas,1,0,0,0,0,0,1,0,1,1,1
Re: [Python-Dev] shal we redefine "module" and "package"?,0,0,0,0,0,0,0,0,1,1,0
Re: [ie-rant] Earlier every year,0,0,0,0,0,0,0,0,1,1,1
"Find the best replica rolex, Jewelry etc. ",0,0,0,0,0,0,0,0,1,1,0
CNN.com Daily Top 10,1,0,1,0,0,0,0,0,1,1,1
RE: Rule for Russian character sets,1,0,0,0,0,0,0,0,1,1,0
Re: Re[2]: [ILUG] New ILUG commitee,1,0,0,1,1,0,0,0,1,1,1
Re: sa-update channel detail,1,0,1,0,0,1,1,0,0,1,1
New revolutionary products to help men,0,0,0,1,0,1,0,0,1,1,1
CNN.com Daily Top 10,0,0,0,0,0,0,0,0,1,1,0
"Save the Photos, Toss the Fruitcake: Win a Drive from Maxtor",1,0,0,0,0,0,0,0,1,1,0
Re: [R] How to calculate GLM least square means?,1,1,0,1,0,0,0,0,1,1,1
[R] normal score fuction,1,1,1,0,1,1,0,0,1,0,1
"Wekalist Digest, Vol 61, Issue 4",0,0,0,1,1,0,1,0,1,1,1
Perfect way to get more manly,1,1,0,0,0,0,1,0,1,1,1
[store L2] [opensuse] Desperate Situation,0,0,1,0,0,1,0,0,0,1,1
Re: [Python-Dev] [Python-3000] the release gods are angry at python,0,0,0,1,0,0,0,0,1,1,1
Re: [ie-rant] Pc troubles aside - could someone remix this please??,0,1,1,1,0,0,0,1,1,1,1
Re: [FoRK] Software reuse is information theoretically hard?,1,1,0,0,0,0,0,0,1,1,1
"Re: [Python-3000] [Python-Dev] Reminder: last alphas next Wednesday	07-May-2008",0,0,0,0,0,0,0,0,1,1,0
Re: [opensuse] true news group?,0,0,0,1,0,0,1,1,1,1,1
Sluttily attractive girls,1,0,0,0,0,1,1,1,1,1,1
Re: [SM-USERS] logged off unexpectedly,1,0,0,0,1,0,0,1,1,1,1
buy now Viagra 100mg x 90 pills US $ 1.78 Per Pill,0,0,0,0,0,0,0,0,1,1,0
soft at incredibly low prices ,0,0,0,0,0,0,0,0,1,1,0
Discover the reliable source of cheap and quality  drugs. - Urgent,1,0,1,0,0,0,0,0,1,1,1
Don't be left behind - enlarge yourself now! uqwh mezh v,0,0,0,1,0,1,0,1,1,1,1
Re: sa-learn "not" learning?,0,0,0,0,0,0,1,0,1,1,1
123,0,0,0,0,0,0,0,0,1,1,0
CNN.com Daily Top 10,0,0,0,0,0,0,0,0,1,1,0
CNN.com Daily Top 10,1,0,0,0,0,0,0,0,1,1,0
CNN Alerts: My Custom Alert,0,0,0,0,0,0,0,0,1,1,0
NewProductsFastShippingProductList,1,0,0,1,1,1,0,1,1,1,1
Bring back time when girls were yours. ,0,0,1,0,0,0,1,0,1,1,1
Re: [Python-Dev] New project : Spyke python-to-C compiler,0,0,0,0,0,0,0,0,1,1,0
Re: [Python-Dev] Python source code on Bazaar vcs,0,0,1,1,0,1,1,0,1,1,1
Re: [patch@32376] VMS symbolic links part 4 of 4 - Final part,0,0,1,0,0,0,0,0,1,1,0
"Re: [Python-3000] [Python-Dev] Reminder: last alphas next	Wednesday	07-May-2008",0,0,0,1,0,0,0,0,1,1,0
From Shirley Couch,1,0,0,1,0,1,0,0,1,1,1
[Python-Dev] pydoc works with eggs? (python-2.5.1),0,0,0,0,0,0,0,0,1,1,0
Products for your style and image,1,1,0,1,0,0,1,1,1,1,1
Vi dient zur Behandlung bei E-problemen ..,0,0,0,0,0,1,0,0,1,1,0
39 new messages in 13 topics - abridged,0,0,0,0,0,0,0,0,1,1,0
The only thing,0,0,0,0,0,0,0,0,1,1,0
Choose the best online drugstore !,0,0,0,0,0,0,0,0,1,1,0
High-end watches for respectable people,0,0,0,1,1,0,0,0,1,1,1
[PownceAPI] Question about Posting recipient(s),0,0,0,0,0,0,0,0,1,1,0
Re: REPOST of Re: [opensuse] OpenSuse 11,0,0,0,0,0,0,0,0,1,1,0
Paris Hilton likes them big,0,0,0,0,0,0,0,1,1,1,0
"Re: [Python-Dev] Documentation for ability to execute zipfiles &	directories",1,0,0,0,1,1,0,0,1,1,1
CNN.com Daily Top 10,0,0,0,0,0,0,0,0,1,1,0
50 ways to meet your lover_markizamkd25,0,0,0,1,0,1,0,1,1,1,1
rolex watches,0,0,0,0,0,0,0,0,1,1,0
How to make her your slave,1,0,0,1,1,0,0,0,1,1,1
One Year written replica watches warranty,1,0,1,1,1,1,0,0,1,1,1
Be the only supermacho in the city.,0,0,0,0,0,0,0,0,1,1,0
Enjoy The Sex Life You Deserve,0,0,0,0,0,0,0,0,1,1,0
Re: Controlling outgoing SMTP operations Access,0,0,0,0,0,0,0,0,1,1,0
Buy should have meds without any prescription at Canadian Drug store,0,0,0,0,0,0,0,0,1,1,0
Re:,1,0,0,1,1,0,0,1,1,1,1
123,0,0,0,0,0,0,0,0,1,1,0
Excellent choice for practical people,0,0,1,0,0,0,0,0,1,1,0
Re:,0,0,0,1,0,0,0,0,1,1,0
Have wild nights of love back again to life. - Urgent,0,0,0,0,0,0,0,0,0,1,1
Re: [python-win32] pywin32 installer problems with Python 2.6,0,0,0,0,0,0,0,0,1,1,0
Re: accepting mail for ""@domain.com,1,0,0,0,0,1,1,0,1,1,1
Have wild nights of love back again to life.,1,1,0,0,0,1,0,0,1,1,1
So who broke SA updates? - Please verify,0,0,1,0,1,1,0,0,1,1,1
CNN.com Daily Top 10,0,0,0,0,0,0,0,0,1,1,0
[PownceAPI] Re: URL Encoding Note Body,0,0,0,0,0,0,0,0,1,1,0
Re: [Python-Dev] FreeBSD test suite failure -> curses,1,1,1,0,0,0,0,0,1,0,1
SpecialPricesNewOfferAllProducts,0,0,0,0,0,0,0,0,1,1,0
Low Prices On Enlargement.,0,0,0,0,0,0,0,0,1,1,0
CNN.com Daily Top 10,0,1,0,0,0,1,0,0,1,1,1
Helping Men with low sex drives - Action needed,0,0,0,0,1,0,0,1,1,1,1
"Run any PC application on Mac OS X without rebooting! VMware Fusion -	Save $20 - Important",0,1,1,1,0,0,0,0,1,1,1
"""Your Choice"" Coupon -- Limited Time",0,0,0,0,0,0,0,1,1,1,1
[perl #46047] Not OK: perl v5.6.2 on amd64-freebsd 6.2-release  ,0,0,0,1,0,0,0,0,1,1,1
CNN Alerts: My Custom Alert,0,0,1,1,0,1,0,0,1,1,1
Your order in processing,0,0,1,0,1,1,0,1,1,1,1
[UAI] Reminder: Registration deadline,0,0,0,0,0,0,0,0,1,1,0
[Python-Dev] How we can get rid of eggs for 2.6 and beyond,1,0,0,1,0,1,1,0,1,1,1
She will sure like how those pilules enhanced you.,0,0,0,0,0,0,0,0,1,1,0
[UAI] [ICAPS 2005] Workshop "Plan Execution: A Reality Check" - Extended Deadline,0,0,1,1,0,0,1,0,1,1,1
Re: [Python-3000] readinto annotation,0,0,0,1,0,0,0,0,1,1,0
Goodiest linn proposal,0,1,0,0,0,0,0,0,1,1,1
Re: [Python-3000] Trunk broken ? - Urgent,0,1,1,1,1,0,0,0,1,1,1
Re: [opensuse] -noarch.rpm,1,0,1,0,0,1,1,0,1,1,1
"[Perl Jobs] Perl developer, Hungary, Budapest",0,0,0,0,0,0,0,0,1,1,0
[Python-Dev] Auto-Assignment,0,0,0,0,0,0,0,0,1,1,0
"[pywin32-bugs] [ pywin32-Bugs-1295741 ] win32com: Lotus Notes	IDocument.Authors crashes python",0,0,0,0,0,0,0,0,1,1,1
[Bug 5668] Debug information incorrect,0,0,0,0,1,0,0,1,1,0,1
For every men of different ages unique decision,0,0,0,0,0,0,0,0,1,1,1
Replica Rolex Swiss Watches    - Action needed,1,0,1,1,0,0,0,0,1,1,1
Re: [opensuse] Why can't I use "shutdown now" to turn off my system?,0,0,0,0,0,0,0,0,1,1,0
CNN Alerts: My Custom Alert,0,0,0,0,0,0,1,0,1,1,1
CNN.com Daily Top 10 - Important,1,1,1,0,0,0,0,1,1,1,1
Re: [opensuse] true news group?,0,0,0,0,0,0,0,0,0,1,0
A greeting for you,0,1,0,0,0,0,0,0,1,1,1
Newbie: Simple conditional on regexp match,0,1,0,0,0,1,0,0,0,0,1
"Trendy replica watches Famous brands, top quality   - Urgent",0,0,0,0,1,0,0,0,1,1,1
RE: [ie-rant] Aphex in Dublin,0,0,0,0,0,0,0,0,1,1,0
ProductsHealthyLifeUSlicensed,1,0,0,0,0,0,1,0,1,1,1
Please be informed that you should be extremely careful choosing your penis enlargement method. p skmqqr o,0,0,0,1,0,0,0,0,1,1,0
Re: CPANPLUS failures on Windows,1,0,0,0,0,0,1,0,1,1,1
Re: [perl #46609] Not OK: perl 5.10.0 +DEVEL +patchaperlup: on i686-linux-thread-multi 2.6.22-1-k7 (UNINSTALLED),0,0,1,0,0,0,1,0,0,1,1
CNN.com Daily Top 10,0,0,0,0,0,0,0,0,1,1,0
Queen Elizabeth abducted in Tibet,1,0,0,0,1,0,1,0,1,1,1
CNN.com Daily Top 10,0,0,1,0,0,0,0,0,1,1,0
For:351f78750ddb50fa950c256a276add75 Paris and Britney nude.,0,1,1,0,0,0,0,0,1,1,1
Re: failed spf_helo_softfail in SA,0,0,1,0,0,0,1,0,1,1,1
"Trendy replica watches Famous brands, top quality   - Urgent",0,1,0,0,0,0,0,0,1,1,1
download crack serial com,0,0,0,1,0,0,0,0,1,1,0
Re: [opensuse] true news group?,0,1,1,0,1,0,0,0,1,1,1
Send him male enhancing products,0,0,0,1,0,0,0,0,1,1,0
Some months and women are admired by you xe y fktw,0,0,0,1,0,0,0,0,1,1,1
CNN.com Daily Top 10,0,1,1,0,0,1,0,1,1,1,1
Luxurious costume replica watches at ...   ,1,0,1,0,0,0,1,1,1,1,1
Re: Binary search help needed for WWW::Mechanize::Shell [#perl 46217],1,0,0,1,0,0,0,0,1,1,1
[UAI] Coordination 2005: Grants - Action needed,0,0,0,0,0,0,1,0,1,1,1
RE: patch for ext/IO_Compress_Zlib/t/101truncate-deflate.t for EBCDIC platform,1,0,0,0,0,0,0,1,1,1,1
[perl #46563] g suffix on string search (/.../g) can cause string corruption ,0,0,0,0,0,0,0,0,1,1,0
the better satisfaction she has.,1,1,0,1,0,0,0,0,0,1,1
dvd Stunning for 63be42fa340ab99d1cd726cf6b4e5def ,0,0,0,0,0,0,0,0,1,1,1
For men with erectile dysfunction,1,0,0,0,1,0,1,1,1,1,1
From Yong Benson,0,0,0,0,0,0,0,0,1,1,0
Re: [opensuse] openSUSE 11.0 and the Non-ready KDE4,0,0,0,0,0,0,0,0,1,1,0
[ie-rant] Anyone want a softcopy of Jamie Oliver's 2nd cookbook?,0,1,0,0,0,0,1,0,1,1,1
Re: Past LC comments on draft-ietf-geopriv-http-location-delivery-08,1,1,1,1,0,1,0,0,1,1,1
Original und deren Wirkung,1,0,1,0,0,0,0,0,1,1,1
Re:,0,1,0,0,1,1,0,0,1,0,1
Re: [ILUG] linux laptop: T61p or Macbook Pro,0,1,1,1,0,0,0,0,1,1,1
Business Student Group 2nd Event of the Year  23 April,0,0,1,0,0,0,1,1,1,1,1
[UAI] CFP: Constraint solving track at ACM Symposium on Applied Computing,0,0,0,1,1,0,0,0,1,1,1
These nurses are flaming hot,0,0,0,0,0,0,0,0,1,1,0
"Re: [Buildbot-devel] Stopping builds with WebStatus in buildbot	0.7.6",0,0,0,0,0,0,0,0,1,1,0
CNN.com Daily Top 10,0,0,0,1,0,0,0,0,0,1,1
CNN Alerts: My Custom Alert,0,0,0,1,0,0,0,0,1,1,0
from Kari Perry,0,0,0,0,0,0,0,0,1,1,0
Ranking And Reviews Of The Top 5 Penis Enlargement Products!,0,0,0,0,0,0,0,0,1,1,0
Re: [Python-Dev] cStringIO buffer interface,0,0,1,0,0,0,0,0,1,1,0
CNN.com Daily Top 10,0,0,0,0,0,0,0,0,1,1,0
Re: [opensuse] RAID 1 - Please verify,0,0,1,0,0,0,0,0,1,1,0
For you  color="#006679",0,0,0,0,0,0,0,0,1,1,0
Re:,0,1,0,1,1,0,1,0,1,1,1
CNN.com Daily Top 10,1,0,0,0,0,0,0,0,1,1,1
Re: [ie-rant] Fwd: [ Casting - if anyone knows of anyone?!,0,0,0,0,0,0,0,0,1,1,0
"Replica watches, pens, bags and more... Cheap luxury gifts ...   ",0,0,0,0,0,0,0,0,1,1,0
Become an unexcelled lover,0,0,0,0,1,0,0,0,1,1,1
CNN Alerts: My Custom Alert,0,0,0,0,0,0,0,0,1,1,0
Re: [Python-3000] [Python-Dev] 2.6 and 3.0 project management,1,1,0,0,1,0,0,0,1,1,1
"[opensuse]  Re: NFS, openSUSE 10.0 and 10.3",0,0,1,0,1,1,1,0,1,1,1
[Bug 5599] [review] Dns Resolver - rotating servers/load distribution,1,0,0,0,0,1,0,0,1,1,1
best girl is looking,1,1,0,0,0,0,0,0,1,1,1
Question,0,0,0,0,0,0,0,0,1,1,0
Be a dream of all beauties in the town!,0,0,1,0,0,0,0,1,1,0,0
[UAI] MLJ Special Issue: Machine Learning in Space (2nd announcement),1,0,0,1,0,0,0,0,1,1,1
CNN Alerts: My Custom Alert,0,0,0,0,0,0,0,0,1,1,0
[Buildbot-devel] "Stop Build" only stops current build step,0,1,0,0,0,0,1,0,1,1,1
 a five-day gathering that attracts the industry's talent pool. ... 'I think the dog alone is the most incredible piece of artificial intelligence I have seen in a game. He really feels alive,0,0,0,0,0,0,0,0,1,1,0
Sluttily attractive girls,0,0,0,0,0,0,0,0,1,1,0
Re: [OT] Yahoo Deferred,0,0,0,0,0,0,0,0,1,1,0
Dont be left behind because of bad alth.,0,0,0,0,0,0,0,0,0,1,0
Re: [opensuse] Defragging: possible?  necessary?,0,0,1,0,1,0,0,1,1,1,1
[PownceAPI] Re: Sets list in new API.,0,0,0,0,0,0,0,0,1,1,0
AAAI Special Award Nominations: March 15,0,0,0,1,0,0,0,0,1,1,1
"Re: [Python-3000] [Python-Dev] Reminder: last alphas next Wednesday	07-May-2008",0,1,0,0,0,1,0,0,1,1,1
Doctors help men with low libidos,0,0,0,0,0,1,0,1,1,1,1
"[Python-3000] ~/.local [was: Reminder: last alphas next Wednesday	07-May-2008]",0,0,0,1,0,0,0,0,1,1,1
Someone sent you an Ecard,0,0,0,0,0,0,0,0,1,1,0
Re: date info,0,0,0,0,0,0,0,0,1,1,0
She will surely enjoy your changes,0,1,0,0,1,0,0,1,1,1,1
payday loans,0,0,0,0,0,0,0,1,1,1,1
is it you? abbey here,1,0,0,0,0,1,0,0,1,1,1
[Python-Dev] configure on FreeBSD 7,0,0,0,0,0,0,0,0,1,1,0
Try VPXL to enlarge your penis size and see the difference. kzmmz j yjhkv,0,0,1,1,0,1,1,1,1,1,1
"replica Watches! rolex, patek philippe, vacheron ...   ",0,0,0,0,0,1,0,0,1,1,0
[UAI] Last Call for Papers: Special Issue M4M,0,0,0,0,0,0,0,0,1,1,0
Fashion and style at low cost,0,0,0,0,0,1,0,1,1,1,1
123,0,0,0,0,0,0,0,0,1,1,0
Offer variety replica watches,0,0,0,0,0,0,0,0,1,1,0
50 ways to meet your lover_Rasele,0,1,0,0,0,1,0,0,1,1,1
[UAI] Behaviormetrika: Special Issue on "Bayesian network and its applications",0,1,1,0,1,0,0,0,1,1,1
Super keefer suggestion,0,0,0,0,0,0,0,0,1,1,0
Looking for Tag Heur replica? Visit Replica Classics   ,0,0,1,1,0,0,1,0,1,1,1
Finding the best prices for medical devices online,1,0,0,0,0,0,1,0,0,1,1
Click here and order replica watches from best brands   ,0,0,0,0,0,0,0,0,1,1,0
Re: [perl #57636] [TODO][PDD19] Document the reason for :unique_reg flag,0,0,0,0,0,0,0,0,1,1,0
she can never find someone like you. - Action needed,0,1,1,1,0,0,0,1,1,1,1
Re: [opensuse] OpenOffice writer nuisance pop up [solved],0,0,1,0,0,0,0,0,1,1,1
"[Spambayes-checkins] spambayes/contrib tte.py,1.17,1.18",0,1,0,0,0,0,0,0,1,1,1
"Amazon.com recommends ""Zipporah, Wife of Moses: A Novel (Canaan	Trilogy)"" and more - Important",0,0,0,0,0,0,0,0,1,1,0
123,0,0,0,0,0,0,0,0,1,1,0
Payday Loans - Urgent,0,0,0,0,0,0,1,1,1,1,1
Re: [SM-USERS] Slash wrongly encoded as %2F in returning path,0,0,0,0,0,0,0,0,1,1,0
"ietf-dkim Digest, Vol 108, Issue 4 - Action needed",0,0,1,0,1,0,0,0,1,0,1
Replica Rolex Swiss Watches    - Urgent,0,0,0,1,0,1,1,0,1,1,1
Cock hungry slut gets fucked in every hole during hardcore gangbang,0,0,0,0,0,0,0,0,1,1,0
Get armed with huge love cannon,0,1,1,0,0,0,0,0,1,1,1
Re: [opensuse] Reinstall KDE4.,0,0,0,0,0,0,0,0,1,1,0
Your AdWords Google Account is stoped.,1,0,0,0,1,0,1,1,1,1,1
Save on quality software!,0,0,1,0,0,1,0,0,1,1,1
Looking for a watch? Visit Replica Classics ,0,0,0,0,0,0,0,0,1,1,0
Slap that ass of hers - Urgent,0,0,1,1,0,0,0,0,1,1,1
Re: How can i  exclude a user or a host from smtpd_sender_restrictions?,0,0,0,1,0,1,1,0,1,1,1
It's Your Turn to Join the "Team to Beat",0,0,0,0,1,0,0,0,1,1,1
Gain mega huge dimensions! - Important,0,0,0,1,1,1,1,1,1,1,1
Re: [SM-USERS] Default Citation - Urgent,1,1,0,0,0,0,1,0,1,1,1
Re: Mail attachements truncated,0,0,1,1,0,1,0,0,1,1,1
Accept and appreciate ,0,0,0,1,0,0,0,0,1,1,0
Toronto Area Python User's Group Meeting,0,0,0,0,0,0,0,0,1,1,0
123,1,0,0,1,0,0,0,0,1,1,0
"Re: [Python-Dev] [Python-3000] Invitation to try out open source	code review tool - Please verify",0,0,1,1,0,0,1,0,1,1,1
Re: Bayes: What am I missing,0,0,0,0,0,0,0,1,1,1,1
Re: [Python-3000] Using *a for packing in lists and other places,0,0,0,0,0,0,0,0,1,1,0
Benefit from world know male enhancing products.,0,0,0,0,0,1,0,0,1,1,1
Re: overload64.t failures,1,0,0,0,0,0,0,0,1,0,1
[PownceAPI] Re: public feed,0,0,0,0,0,0,0,0,1,1,0
Re: [R] Incomplete x-axis in barplots,0,0,0,0,1,1,0,0,1,1,1
CNN.com Daily Top 10,0,0,0,0,0,1,1,0,1,1,1
Wanted Growth Enhancement testimonials,0,0,0,0,0,0,0,0,1,1,1
Great saving opportunity !,1,0,0,1,0,0,0,1,1,1,1
[UAI] AAMAS Doctoral Mentoring Programme - Urgent,0,0,1,0,0,0,0,0,1,1,1
August playboy centrefold,0,1,1,1,0,0,0,0,1,0,1
10 new messages in 1 topic - abridged,0,0,0,1,0,0,1,0,1,1,1
Add me as a friend on Pownce!,1,0,0,1,0,0,0,0,1,1,1
Elegant watches for your style,0,0,1,0,0,0,0,0,1,1,1
Re: [perl #46463] filetests sometimes do not set _,0,1,0,1,0,1,0,0,1,1,1
Re: Test::Harness feature suggestion,0,0,0,1,0,0,0,1,1,1,1
Nights full of passion are near,0,0,0,1,0,0,0,0,1,1,0
New revolutionary products to help men,0,0,1,0,0,0,1,0,1,1,1
ikaaro 0.20.5 released,0,0,0,0,0,0,1,0,1,1,0
CNN.com Daily Top 10,0,0,0,0,0,0,0,1,1,1,1
Re: [python-win32] Iron Python and Visual Basic 2005 (or 2008) Express,0,0,0,0,0,0,0,0,1,1,0
hookup monsoon phytoplankton bert rainy,0,0,0,1,0,0,0,0,1,1,0
 nonfat,0,0,0,1,1,1,0,1,1,1,1
Ranking And Reviews Of The Top 5 Penis Enlargement Products!,0,0,0,0,0,0,0,0,0,1,0
Psychologist endorsed products for men,0,0,0,0,1,0,0,1,1,1,1
ThankYouSpecialPricesPhentrimine,0,0,1,0,0,0,0,1,1,1,1
Your order in processing - Please verify,1,0,0,0,0,1,0,0,1,1,1
Drugstore which Guarantees Quality,0,0,0,1,0,0,0,0,1,1,0
Blu-ray DVD Sale: Hi-Def Movies from $11.99,0,0,0,0,0,0,0,0,1,1,0
Guaranteed Erection Fast,0,0,0,0,0,0,0,0,1,1,0
from Matthew Hogue,0,0,0,0,0,0,1,0,1,1,1
Millions of customers can't be wrong! uloba ih chomqe,0,1,0,1,1,1,1,0,1,1,1
How To Enlarge Penis Size,0,0,0,0,0,0,0,0,1,1,0
CNN Alerts: My Custom Alert,0,0,1,1,0,0,0,0,1,1,1
[opensuse] Trouble reformatting a HDD - Urgent,0,0,0,1,0,0,0,0,1,1,1
Slap that ass of hers,0,1,1,1,0,1,0,1,1,1,1
Adding Sound to your Slideshow,0,0,0,0,0,0,0,0,1,1,1
Re: [ie-rant] Re: some tales from Slash,0,0,0,0,0,0,0,0,0,1,0
[UAI] phd and postdoc postion at SNN Nijmegen,0,1,1,0,1,0,0,0,0,1,1
[FoRK] SPOT Satellite Messenger - Action needed,1,0,0,1,0,0,0,0,1,1,1
Proven effect on your main muscle,0,1,0,0,0,0,0,0,1,1,0
Re: Quick Postfix Question [OT],0,1,0,0,0,0,0,1,1,0,1
[opensuse] Reinstall KDE4. - Action needed,0,0,0,0,1,1,1,0,1,1,1
Replica Rolex Swiss Watches   ,0,0,0,0,0,0,0,0,1,1,0
Male Enhancement Reviews,0,0,0,0,0,0,0,0,1,1,1
Success muzhiks things,0,1,0,0,0,0,0,1,1,1,1
Viagra 100mg x 10 pills $7.00 per pill buy now,0,1,1,1,0,1,1,0,1,1,1
Re: PathTools beta for testing,0,0,0,0,0,0,0,0,1,1,0
Interesting dvd Avril Lavigne,1,0,0,0,0,1,0,1,1,1,1
Re: [ILUG] Asus Eee PC,1,0,1,1,0,1,0,0,1,1,1
"Re: [Python-Dev] [Python-3000] Invitation to try out open source	code review tool",1,0,0,0,0,1,0,1,1,1,1
Doctor Approved And Recommended.,0,0,0,1,0,0,0,0,1,1,0
Re: [opensuse] libata partition limit,0,0,0,0,0,0,0,0,1,1,0
[FoRK] OCRopus,0,0,0,1,0,0,0,0,1,1,1
Re: Muliple Site single domain,0,1,1,0,0,1,1,0,0,1,1
CNN Alerts: My Custom Alert,0,0,0,0,0,0,0,0,1,1,0
Re: [Python-Dev] PEP 8: Discourage named lambdas?,0,0,0,1,1,0,0,0,1,1,1
RE: Week 14,0,0,0,0,0,0,1,0,1,1,1
"Ticket: plane, train. Sale - Action needed",0,0,1,1,1,1,0,1,1,1,1
Re: [python-win32] Overlay Icon Question...,1,0,0,0,0,0,0,0,0,1,1
[opensuse] vmware server and sound,0,0,1,0,1,0,0,0,1,1,1
"Re: [Python-Dev] how to easily consume just the parts of eggs that	are good for you",0,0,0,0,0,0,0,0,0,1,0
"[Spambayes-checkins] SF.net SVN: spambayes: [3175]	trunk/spambayes/CHANGELOG.txt - Please verify",0,0,0,1,0,0,0,0,1,1,1
From Dylan Riggs,0,0,0,0,0,0,0,0,1,1,1
Order Rolex Replica //atches 0nline!   ,0,0,1,0,1,0,1,1,1,1,1
"Windows Vista, round two",0,0,0,0,1,0,0,0,1,1,0
CNN.com Daily Top 10,1,0,0,0,1,1,0,1,1,1,1
Re: [Python-Dev] Problems with the new super(),0,0,0,0,0,0,0,1,1,1,1
Re: [Python-3000] end scope of iteration variables after loop,0,0,1,1,0,0,0,0,1,1,1
Purchase cheap Vacheron Constantin replica watch here   ,0,0,0,0,0,0,0,0,1,1,0
ministry occlusive micron adulate contaminate - Urgent,0,0,0,1,0,1,0,0,1,1,1
RE: [saml-dev] the value of AuthnInstant,0,0,0,0,0,0,0,0,1,0,0
From Marlon Harrell,1,0,0,0,1,1,0,1,1,1,1
Nana debt,0,1,0,0,0,1,0,0,1,1,1
[UAI] UAI 2005 Call for Papers. Submission Deadline March 23rd,0,0,0,0,0,0,0,0,1,1,0
Re: [opensuse] openSUSE 11.0 and the Non-ready KDE4,0,0,0,0,0,0,0,0,1,1,1
"[UAI] academic job opening, University of Alberta",0,0,0,0,0,0,0,0,1,1,0
You our client!,0,0,1,1,0,1,0,0,1,1,1
Direct message from SpamExperts via web,1,0,1,0,0,0,1,0,1,1,1
[UAI] CFP _Information Fusion_ (Elsevier) special issue,0,0,0,0,0,0,0,0,1,1,0
CNN.com Daily Top 10,0,0,0,0,0,0,0,0,1,1,0
Doctors help men with low libidos,0,0,0,0,0,0,1,0,1,1,1
CNN Alerts: My Custom Alert,0,0,0,0,0,1,0,0,1,1,1
See which wrist watches are most popular,0,0,0,0,0,0,0,1,1,1,0
123,0,0,0,0,0,0,0,0,1,1,0
she can never find someone like you.,0,0,0,1,0,0,0,0,1,1,0
everybody wants.,0,0,0,0,0,0,0,0,1,1,0
Re: [Python-Dev] Python source code on Bazaar vcs,0,1,1,1,0,1,0,0,1,1,1
Presidents Weekend Clearance - Save more at  - ORVIS NEW YORK,0,0,0,0,0,0,0,0,1,1,0
Re: kurila 1.3 released,0,0,0,0,0,0,0,0,1,1,0
CNN.com Daily Top 10,0,0,0,0,1,1,0,0,1,1,1
Re: [spambayes-dev] [Spambayes] removal,0,0,0,0,0,0,0,0,1,1,0
Re: [Python-Dev] Python 2.6a2 execution times with various compilers,0,0,0,0,0,0,0,0,1,1,0
hello - Action needed,0,0,0,0,0,0,1,0,1,1,1
[python-win32] WABAccess help ...,1,0,0,1,0,0,0,0,1,1,1
Re: Postfix and Log on mysql,0,0,0,0,0,1,1,0,1,1,1
Reactivate Your AdWords Google Account.,0,0,1,0,0,0,1,0,1,1,1
[Bug 5831]  New: mass-check --server leaves temp files around - Action needed,1,0,1,1,1,0,0,0,1,1,1
CNN.com Daily Top 10,0,0,1,0,0,0,0,0,1,1,0
Your new power is not far off,0,0,0,1,0,0,0,0,1,1,1
Your message: 201,0,1,0,0,1,0,0,1,1,1,1
Wissota Trader's Selection of Eastland Casuals,0,0,0,0,0,0,0,0,1,1,0
Re: [opensuse] Trouble reformatting a HDD,1,0,0,0,0,0,0,1,1,1,1
oigelloc,0,1,1,1,0,1,0,0,1,1,1
[Slashdot] Stories for 2008-03-26,0,0,0,1,0,1,0,0,1,1,1
CNN.com Daily Top 10,0,0,0,1,0,0,0,0,1,1,1
Re: smtp_host_lookup not working,0,0,0,1,0,0,0,0,1,1,0
CNN Alerts: My Custom Alert,0,0,0,0,0,0,0,0,1,1,0
CNN.com Daily Top 10,0,1,0,0,0,0,0,1,1,1,1
What They Don't Want You to Know What it Does to Your Body !,0,0,1,0,0,0,1,0,1,1,1
CNN.com Daily Top 10,0,0,1,0,0,0,1,0,0,1,1
from Hollis Coulter,0,0,0,0,0,0,0,0,1,1,0
What time is okay for you,0,0,0,0,0,1,1,0,1,1,1
Get a rod of colossal measurements!,0,0,0,0,0,0,0,0,1,1,0
Prodigious preparation is to your service,0,0,0,0,0,0,0,0,1,1,0
Purchase  you meds in easy and confidential way in CanadianPharmacy.,0,0,0,0,0,0,0,0,1,1,0
Enlarge,0,0,1,1,0,1,0,0,1,1,1
New Email Scam,0,0,0,0,0,0,0,0,1,1,0
Super-dimension for you little soldier - Important,0,0,0,0,0,0,0,0,1,1,0
3 month supply of pleasure in bed.,0,0,0,0,0,0,0,0,1,1,0
[UAI] Job positions : Assistant Professor and PostDoc,0,1,0,0,0,0,1,0,1,1,1
Messages to Auckland-all and Albany-all,0,0,0,0,1,1,0,0,1,1,1
9 Things You Can Do Right Now To Boost Your Happiness,0,0,1,0,0,0,0,0,0,1,1
[opensuse] Corrupted partition. parted no help,1,0,1,0,0,1,0,0,1,1,1
CNN Alerts: My Custom Alert,0,0,1,0,0,0,0,0,1,1,0
All men health items,1,0,0,0,0,0,0,0,1,1,0
CNN.com Daily Top 10,0,0,0,0,0,0,0,0,1,1,0
"Re: [opensuse] SCO, still a potential problem for Novell?",0,0,0,0,0,0,0,0,1,1,1
"Wekalist Digest, Vol 60, Issue 38",0,1,0,0,0,0,1,0,1,1,1
Doctor Approved And Recommended. - Important,1,0,0,0,0,0,0,0,1,1,1
features,0,0,0,1,0,0,1,0,1,1,1
CNN.com Daily Top 10 - Please verify,1,0,1,1,0,0,1,0,1,1,1
From Dean Doss,0,0,0,0,0,0,0,0,1,1,0
CNN.com Daily Top 10,0,0,0,1,0,0,1,1,1,1,1
Re: what are the criteria for being listed in  sa-blacklist.current?,0,0,0,0,0,0,0,0,1,1,0
Herzlich Willkommen!,0,0,1,1,0,0,0,1,1,0,1
Re: [ydn-delicious] Strange behaviour : bookmarks disappear and reappear !,0,0,0,0,0,0,0,0,1,1,0
Re: UTF8 flag missing on stringified references,0,0,0,0,0,0,0,0,1,1,0
Have wild nights of love back again to life.,0,0,0,1,0,1,0,0,1,1,0
SPSS.com Site Registration,0,1,0,0,0,1,1,0,1,1,1
"Re: [ydn-delicious] Instead of 503, repeating API /posts/all gives 200 but no posts.  Eeek!",0,0,1,0,0,0,0,1,0,1,1
CNN.com Daily Top 10,0,0,0,0,1,1,0,0,1,1,1
Quality medications can be cheap!,0,0,0,0,0,0,0,0,1,1,0
I love to bang her,0,1,0,1,0,1,1,0,1,1,1
Special issue of news from  Financial Times! Urgent Hot News Usama Ben Laden!,0,0,0,0,0,0,0,0,1,1,1
make your intimate life more pleasant,0,0,0,0,0,0,0,0,1,1,0
Love consultants recommend herbal products,0,0,0,0,0,0,0,0,1,1,0
CNN.com Daily Top 10,1,0,0,0,0,1,0,0,1,1,1
Real Enlargement,0,0,0,0,0,0,0,0,1,1,0
RE: [OT] Bogus MX opinions,0,0,1,1,1,0,0,0,1,1,1
Re: [opensuse] Virtualbox USB Support - Action needed,1,1,0,1,0,0,0,1,1,1,1
Re: [opensuse] Upgrading my Brother HL-1250 printer - Action needed,1,1,1,0,0,0,0,0,1,1,1
Penis Enlargement Is Possible ! Learn How and What Products Work,1,1,0,0,0,0,0,0,1,1,0
Relax. Take a Deep Breath We have the answers you seek.,0,0,0,0,0,0,0,0,1,1,0
Answers to your love relationship,1,1,0,1,1,1,0,0,1,1,1
steady chamois too doorkeeper malconduct,1,0,0,0,0,0,0,0,1,0,1
[Bug 5813] [review] several TLDs are not parsed by URI text scanner in PerMsgStatus.pm,0,0,0,0,0,0,0,0,1,1,0
Re: [python-win32] os.startfile mysteriously failing,0,0,1,0,1,1,0,1,1,1,1
AddtoCartEmedsInternationalPharmacy,0,0,0,0,0,0,0,0,1,1,0
Ensuring Code Quality in Multi-threaded Applications,0,0,0,0,0,0,0,0,1,1,0
For men with low libidos - Action needed,1,1,0,0,1,1,0,1,0,1,1
It is more. Thicker. Longer. More long. vb ifu u,1,0,0,0,0,0,0,1,1,1,1
Charming stylish things,0,0,0,0,0,0,0,1,1,1,1
Re: Relaying Denied,0,0,0,1,0,0,0,0,1,1,0
A touch of chic in your style,0,0,0,0,0,0,0,0,1,1,0
Re: [FoRK] Apple: "your money's no good here...",1,0,0,1,1,1,0,0,0,1,1
Original und deren Wirkung,0,0,1,0,0,0,0,0,1,1,1
[Bug 5589] [review] Refined async events handling and DNS lookup completions,0,0,0,0,0,0,0,0,1,1,0
Choice IWC replica watches at Replica Classics   ,0,0,0,0,0,0,0,0,1,1,0
Re: [Python-Dev] Next monthly sprint/bugfix day? - Action needed,1,0,0,0,0,0,0,0,1,1,1
Direct message from SpamExperts via web,0,1,1,1,1,1,0,0,1,1,1
from Nola Melvin,1,1,1,1,0,1,1,0,1,1,1
From Dario Ventura,0,0,0,0,0,0,0,0,1,1,0
Last Longer in Bed,1,0,1,0,0,0,1,0,1,1,1
G-spot location techniques for men,0,0,0,0,0,0,0,0,1,1,0
[UAI] Bayesian Modelling Applications WS -- Second Call,0,0,0,0,0,0,0,0,1,1,0
New White Paper Roundup: 3 Common Data Quality Mistakes and How to Avoid Them,0,0,0,0,0,0,0,0,1,1,0
[Asa-List] ASA Newsletter March 2008,0,0,0,0,0,0,1,0,1,1,1
Re: Hotmail DCC listed ??? - Action needed,1,1,0,0,0,0,0,1,1,1,1
"PDQ High Speed Internet - you have reached 80% of your first usage	pack",1,0,0,1,0,0,0,0,1,1,1
to say bad bad condition,0,0,0,0,0,0,0,0,1,1,0
"If you want a decent watch, get a replica approach. ...    - Urgent",1,1,0,0,0,0,0,0,1,1,1
Celebrate spring fully armed,0,0,0,0,0,0,0,0,1,1,0
[Bug 5686] add OSBF/Winnow as an alternative to Bayes,0,0,1,0,0,0,1,1,1,1,1
Perfectly crafted accessories,0,0,0,0,0,0,0,0,1,1,0
CNN.com Daily Top 10,0,0,0,0,0,0,0,0,1,1,0
CertifiedThankYouYourHealth,0,0,0,0,0,0,1,0,1,1,1
[Bug 5671] spamd child processing timeout causes children to hang,0,0,1,1,0,1,0,0,1,1,1
CNN Alerts: My Custom Alert,0,0,0,0,0,1,0,1,1,1,1
CNN Alerts: My Custom Alert,0,0,0,0,0,0,0,0,1,1,0
[UAI] LAST CFP: SCIP@WILF2005 -  DEADLINE 17 June - Please verify,1,0,1,1,0,0,1,0,1,1,1
Re: [opensuse] ext3 check forced = frustration,0,1,1,0,1,0,0,1,1,1,1
CNN Alerts: My Custom Alert,1,0,0,1,1,1,0,0,0,1,1
Re: [FoRK] Politico Quandry,0,0,0,0,0,1,0,0,1,1,1
Herzlich Willkommen!,0,0,0,0,0,0,0,0,1,0,0
Re: ,0,0,0,1,0,0,0,0,1,1,1
Re: [perl #47181] Try OO semantics before throwing fatal error,0,0,0,0,1,0,0,0,1,1,1
Different virtual_alias_domains on different IPs?,0,1,0,0,0,1,0,0,1,1,1
Which Technologies will Carry the Rich Internet Torch?,0,0,0,0,0,0,0,0,1,1,0
Italian-crafted Rolex - only $65 - $140!! - Action needed,0,0,0,1,1,0,1,1,1,1,1
CanadianFriendlySupportFDAapproved,0,0,1,0,0,0,0,0,1,1,0
CNN.com Daily Top 10,0,0,0,0,0,0,0,0,1,1,0
[spambayes-dev] Should we cull the list of SpamBayes developers?,0,0,0,0,0,0,0,0,1,1,0
Re: [opensuse] Beagle waste,0,0,0,0,0,0,0,0,1,1,0
Male Enhancement Reviews,0,0,0,0,0,0,0,0,1,1,0
Re: [opensuse] Beagle waste,0,0,0,0,0,1,0,0,1,1,1
[b3ta] "Arthur Scargill: a biography of a miner celebrity (And still only 55p!)" - Action needed,1,1,0,0,1,1,0,0,1,1,1
Want to have fantastic nights?,0,0,0,0,0,0,0,0,1,1,0
[Bug 5780] [review] URI processing turns uuencoded strings into http URI's which then causes FPs,0,0,0,1,0,0,0,0,1,1,1
Male enhancing supplement,0,0,0,0,0,1,0,1,1,1,1
[UAI] First Call For Papers: Ambient Intelligence and Life,0,1,0,0,1,1,1,0,1,1,1
Fwd: Najhujsa nesreca v zgodovini F1,0,0,0,0,0,1,0,1,1,1,1
CNN.com Daily Top 10,0,0,0,0,0,1,0,1,1,1,1
CNN.com Daily Top 10,0,0,0,0,0,0,0,0,1,1,0
Re: [Python-Dev] string representation of range in 3.0,0,0,0,0,0,0,0,0,1,1,1
Barely 16 and for your pleasure,1,0,0,0,0,0,0,0,1,1,0
For:5eb8f2a6b55eef499b6c96448ccf55cd Britney and Paris having fun together. Watch. - Urgent,0,0,0,0,0,0,0,0,1,1,1
Highly secure 256bit order processing,0,0,0,0,0,0,0,0,1,1,0
Good Health for Less Money - Important,0,0,0,0,0,0,0,0,1,1,0
Re: [opensuse] 10.3 Kernel problem with P5A-B motherboard. - "top" to blame!,0,0,1,0,1,0,0,1,1,1,1
Excellent-made replica watches from Rolex   ,0,0,0,1,0,0,0,0,1,1,0
Re:,0,0,0,0,0,0,0,0,1,1,1
"Re: [Python-Dev] [Distutils] FW: [issue2513]	64bit	cross	compilation on windows",1,0,0,0,1,1,1,0,1,1,1
Congratulation using radio stations,0,0,0,0,0,0,0,0,1,1,1
RE: uribl.com implementing ACLs,0,0,0,0,0,0,0,0,1,1,0
CNN Alerts: My Custom Alert,0,0,0,1,0,0,0,0,0,1,1
From Diane Soto,0,0,0,0,0,1,1,1,1,1,1
Re: [opensuse] OpenSuse 11,0,0,0,0,0,0,1,0,1,1,1
Great news for disenchanted men!,0,0,1,0,0,0,1,0,1,1,1
CNN.com Daily Top 10 - Urgent,1,0,0,1,1,1,0,0,1,1,1
RE: [ILUG] Linux PCs from Tesco,0,0,0,0,0,0,0,0,1,1,0
123,0,1,1,0,1,0,1,1,1,1,1
Re: [opensuse] Online update,0,0,0,1,0,0,0,0,1,1,0
Add more Pleasure to Your Intimate Life. m,1,0,0,0,1,0,0,0,1,1,1
Enormous $ize is attainable,0,0,0,0,0,0,0,0,1,1,0
[perl #47219] AutoLoader: goto considered harmful (especially with AutoLoaded XS) ,0,0,0,1,0,0,0,0,1,1,1
Fast Shipping WorldWide. ,0,0,0,0,0,0,0,0,1,1,1
Dont let failures in bed be your nightmares anymore.,0,0,0,0,0,0,0,0,1,1,0
Psychologist endorsed products for men - Please verify,0,0,1,0,0,0,0,0,1,1,1
Find out incredible lovers' secret.,0,0,1,0,0,0,0,0,1,1,1
Re: Problem with body check,0,0,0,1,0,0,1,0,1,1,1
Re: [ie-rant] Weekend Break,0,0,1,0,0,0,0,0,1,1,1
Quoting issue with exmh-2.7.2 (2nd. try),0,0,1,0,0,1,0,1,1,1,1
Guy found humping wild goat,0,1,0,0,0,0,0,0,1,1,1
From Kieth Glass,1,0,0,0,1,0,1,0,1,1,1
PG Writing Workshop   ,1,0,0,0,0,0,0,1,1,1,1
[UAI] AAMAS Doctoral Mentoring Programme,0,1,0,0,0,0,0,0,1,1,1
Here is Your Ecard,0,0,1,0,0,1,1,0,0,1,1
Re: [Python-Dev] unscriptable?,0,0,0,0,0,0,1,0,1,1,1
PharmacyPhentrimineForValuedCustomer,0,0,1,1,0,1,1,0,1,1,1
CNN Alerts: My Custom Alert,0,1,0,0,1,0,0,0,1,1,1
Re: [opensuse] look inside a initrd? - Important,0,0,0,0,0,0,0,0,1,1,1
Re: [opensuse] Nvidia + Xen,0,0,1,0,0,0,0,0,1,1,0
Real Enlargement,0,0,0,0,0,0,0,0,1,1,1
"Replica watches, pens, bags and more... Cheap luxury gifts ...   ",0,0,0,0,0,0,0,0,1,1,0
Find out incredible lovers' secret.,0,0,0,0,0,0,0,0,1,1,0
"[Python-Dev] an example of setuptools being used to good effect --	allmydata.org Tahoe",0,0,0,0,0,0,0,0,1,1,1
CNN.com Daily Top 10,0,0,1,1,0,1,0,0,1,1,1
Ravishing Bvlgari watches at Replica Classics   ,1,0,1,1,0,0,0,0,1,1,1
Last Chance to save up to 40% on The Homecoming!,0,0,0,0,0,0,0,0,1,1,0
Re: The 'believe-it' spams - Action needed,0,1,0,0,1,0,0,0,1,1,1
CNN.com Daily Top 10,0,0,0,0,0,0,0,0,1,1,0
fashionable replica watches - Please verify,0,0,0,0,0,0,0,0,1,1,1
are you willing to meet sometime,0,1,1,0,0,0,1,1,1,1,1
[ie-rant] Death by Monkey,0,0,0,1,0,0,0,0,1,1,0
Re:,1,0,0,1,1,0,0,0,1,1,1
From Freda Cohen,0,0,0,0,0,0,0,0,1,1,0
EmedsPhentrimineMeds - Please verify,0,1,0,0,1,0,1,0,1,1,1
"The life needs to be lived in the pleasure and the it will be more, the better xbhzt febk r",0,1,1,1,0,0,1,0,1,1,1
"[UAI] CFP: IEEE in cooperated International Conference on Intelligent Agents, Web Technologies and Internet Commerce",0,0,0,0,0,0,0,0,1,1,0
Accept and appreciate ,0,0,0,0,0,0,0,0,1,1,0
Someone Made you a card,0,0,0,0,0,0,0,0,1,1,0
Your chance to have perfect intimate life.,0,0,0,0,0,0,0,0,1,1,0
Best way to cure yourself,0,0,0,1,0,0,0,0,1,1,1
Help is on the way,0,0,0,0,1,1,0,1,1,1,1
Re: svn commit: r594726 - in /spamassassin/trunk: build/nightlymc/clienthosts masses/rule-qa/nightly-slave-start ,0,0,0,1,0,0,0,0,1,1,1
ViagraUSlicensedAllProducts - Important,0,0,0,0,0,0,1,0,1,1,0
Exclusive things mans,0,0,0,0,0,0,0,0,1,1,0
PowerEnlarge penis increasing system is proved to be effective! vesr iu vwu,0,0,0,0,0,0,0,0,1,1,0
"TuxOnIce-users Digest, Vol 36, Issue 27",0,0,0,0,0,0,0,0,1,1,0
One of the main shops online health that promote drugs,0,0,0,0,0,0,0,0,1,1,0
Re: HABEAS_ACCREDITED_COI,0,0,0,0,0,0,0,0,1,1,0
Get the Finest Rolex Watch Replica !   ,1,1,0,0,0,1,0,0,1,1,1
CNN.com Daily Top 10,0,0,0,0,0,0,0,0,1,1,0
Re: [FoRK] How does one save a rendered page?,1,0,0,0,0,0,1,1,1,0,1
[PATCH] make t/op/pack.t not explode when u64size='',0,0,0,0,1,1,0,1,1,1,1
Re: [opensuse] [repost] new mysql bootscript to support the start of multiple database,1,0,1,0,0,0,1,0,1,1,1
Supercharge your libido like never before trv qg bmta,0,0,0,0,0,0,0,0,1,1,0
CNN.com Daily Top 10,1,1,0,0,0,0,0,0,1,1,1
Re: [PATCH] Minor fix in File::Copy POD,0,0,0,0,0,0,0,0,1,1,0
Be full of energy and fill your partner with it siau jc d,1,0,1,0,0,0,1,0,1,1,1
CNN.com Daily Top 10,0,0,0,0,0,0,0,0,1,1,0
Regain your attractiveness as a man,0,0,0,0,0,0,0,0,0,1,0
Cialis and Viagra ? erectile dysfunction treatment.,0,0,0,0,0,1,1,0,1,1,1
CNN.com Daily Top 10,0,0,0,0,0,1,1,1,1,1,1
Astrology.com: BabyScopes,1,0,0,0,1,0,0,0,1,1,1
Real Enlargement,0,0,0,0,0,0,0,0,1,1,0
CNN.com Daily Top 10,0,0,0,1,0,0,0,0,1,1,0
Ravishing Bvlgari watches at Replica Classics   ,0,1,0,0,1,1,1,0,1,1,1
Re:,0,0,0,0,0,0,0,0,1,1,0
*3 FREE Bottles Of VPXL !! ,0,0,1,0,0,0,0,0,1,1,0
Good Health for Less Money,0,0,0,0,0,0,0,0,1,1,0
"Re: [R] Correlation dichotomous factor,  continous (numerical) and ordered factor",0,1,0,0,0,0,0,0,1,0,1
CNN.com Daily Top 10,0,0,0,0,0,1,0,1,1,1,1
CNN.com Daily Top 10,0,0,0,0,1,0,0,0,1,1,1
Karma sutra and massage foreplay techniques,1,0,1,1,0,0,0,0,1,1,1
[duodenalswitch] Digest Number 13745,0,0,0,0,0,0,0,0,1,1,0
[Dixielandjazz] Songwriter,0,0,0,0,0,1,1,0,1,1,1
CNN.com Daily Top 10,0,0,1,0,0,1,0,1,1,1,1
[Clamav-announce] announcing ClamAV 0.93rc1 - Please verify,0,0,0,0,0,0,1,0,1,1,1
"Produce Stronger, Rock Hard Erections.  - Please verify",0,1,0,1,0,0,0,0,1,1,1
Re: - Urgent,0,0,0,1,0,1,0,0,1,1,1
Introducing EyeTV 3,0,0,0,0,0,0,0,0,1,0,0
Author! Author!,0,0,0,1,0,1,0,1,0,1,1
Looking for Tag Heur replica? Visit Replica Classics   ,0,0,0,0,0,0,0,0,1,1,0
Dreams can cost less Replica watches from Rolex here   ,0,0,0,0,0,0,0,0,1,1,0
Re: How to trust my "domain"?,0,0,1,0,0,0,0,0,1,1,0
"Start a new, happiest se>.<u@1 life in 2008! - Please verify",1,0,0,0,0,1,0,0,1,0,1
Your message: Hi ! this Olga,0,0,0,0,0,0,0,0,1,1,0
CNN.com Daily Top 10,1,0,0,0,0,0,1,0,1,1,1
[Bug 5686] add OSBF/Winnow as an alternative to Bayes,0,1,1,0,0,1,1,0,1,1,1
Re: info,0,0,0,0,0,0,0,0,1,1,0
Re: [Python-3000] Method to populate tp_* slots via getattr()?,1,0,0,0,0,0,1,0,1,1,1
CNN.com Daily Top 10 - Action needed,0,0,0,0,0,0,0,0,1,1,0
Feeling the true holiday,0,0,0,0,0,0,0,0,1,1,0
Re:,0,0,0,0,0,0,0,0,1,1,0
Upgrade it to a huge volume,0,0,0,1,0,0,0,0,1,1,0
Our best decision is suitable for every age szr e nnyb,1,0,0,0,0,0,1,0,1,1,1
"Find the best replica rolex, Jewelry etc. ",0,1,0,0,0,0,0,0,1,1,1
buildbot failure in t-feisty-561 - Action needed,1,0,0,0,0,0,1,0,1,1,1
Increase Your Penis Width (Girth) By upto 20%.,0,0,0,1,0,0,0,0,1,1,1
Re: [Python-Dev] __eq__ vs hash,0,0,0,0,0,0,0,0,1,1,0
Re: [WRONG PLACE TO ASK THIS] WHM/Cpanel: Where are the Server-wide SpamAssassin settings?,0,0,1,0,0,1,0,0,1,1,1
Re:,0,0,0,1,0,0,0,1,1,1,1
Re:,0,0,0,0,1,0,0,1,1,1,1
How To Enlarge Penis Size,1,0,0,1,0,0,0,1,0,1,1
Embed JavaScript in Wiki,0,0,0,0,0,0,0,1,1,1,0
CNN.com Daily Top 10,0,0,0,0,0,1,0,0,1,1,0
Your order in processing - Urgent,1,0,0,1,0,1,0,1,1,1,1
"Wekalist Digest, Vol 60, Issue 27",1,0,0,0,0,0,0,0,1,1,1
Re: [cw-discuss] Question About Crossover Games,0,0,0,0,0,0,0,0,1,1,0
Consultants recommended product for men,0,0,0,0,0,0,0,0,1,1,0
message: Elena - Action needed,1,0,1,0,1,1,0,0,1,1,1
[UAI] IJAR,0,1,0,1,0,1,0,1,1,1,1
CNN.com Daily Top 10,0,0,0,0,0,0,0,0,1,1,0
RE: [opensuse] Upgrade 10.2 to 10.3 failure,0,0,0,0,1,0,0,1,1,1,1
Doctors help men with low libidos,0,0,0,0,0,0,0,0,1,1,0
[python-win32] Iron Python and Visual Basic 2005 (or 2008) Express,0,0,0,0,0,0,0,0,1,1,0
Choice IWC replica watches at Replica Classics   ,1,0,0,0,1,0,0,0,1,1,1
DeLL 1.4GHz Intel Laptop $389 . xBOX 360 Premium w/ 20GB HD $249,0,0,1,1,0,1,0,0,1,1,1
Configuration query,0,1,0,1,0,0,0,0,1,1,1
"Re: [Python-Dev] Capsule Summary of Some	Packaging/Deployment	Technology Concerns",0,0,1,0,0,1,0,1,1,1,1
Re: cannot open bayes databases Interrupted system call,0,0,0,1,0,1,1,1,1,1,1
Best solution if you products for for your lover,1,1,0,0,1,1,0,0,1,1,1
Re: [ILUG] just to say hello,0,0,0,1,0,0,0,0,1,1,0
Male Enhancement Reviews,0,0,0,0,0,0,0,1,1,1,1
"Re: [Python-Dev] Proposal: from __future__ import	unicode_string_literals",1,0,0,1,1,0,1,0,1,1,1
I want sale you rolex . Do you want one? ,0,0,0,0,0,0,0,0,1,1,0
can anybody help me ? - Action needed,0,0,0,0,1,0,1,0,1,1,1
Reseting or Cleaning Archive,0,0,0,0,0,0,0,0,1,1,0
Re: SA - rules question,0,0,0,0,0,0,1,1,1,0,1
"[Bug 4876] CRM114 Plugin for SpamAssassin (comments, please!)",0,0,1,1,0,0,0,1,1,1,1
Re: [R] long run time for loop operation & matrix fill,0,0,0,0,1,1,1,0,1,1,1
Re: Very Penis Extended Long 9667ba2762be2abb9757e872702aae05,0,0,0,0,0,0,1,1,1,1,1
Re:,1,0,1,1,1,0,1,0,1,1,1
Re: [opensuse]  Re: mounting usb pendriver - openSUSE10.3 / vmware - dmesg doesn't show /dev/<what>,0,0,0,0,1,0,1,0,1,1,1
RE: [ie-rant] Re: calling all nerds,0,0,0,0,0,0,0,0,1,1,0
Mem leak in IO::Handle,0,0,0,0,0,0,0,0,1,1,1
[UAI]  Determinism verses Chance,0,0,0,0,0,1,0,0,1,1,1
From Leo Pierce - Please verify,0,1,0,1,1,0,0,0,1,1,1
Looking for a watch? Visit Replica Classics - Urgent,1,1,1,0,0,0,1,0,1,1,1
This Week: Storage consolidation for NAS; Replication for disaster recovery,0,0,0,1,0,0,0,1,1,1,0
The difference is that with our pills your penis will get longer and thicker Yz,0,0,0,0,1,0,0,0,1,1,1
Re: [opensuse] How can the common users use VirtualBox's USB device?,0,0,0,0,0,1,0,0,1,1,0
none stockade tabula vinyl ballyhoo,0,0,0,1,0,0,0,0,1,1,0
Re: NTL Digital TV quality (was Re: [ILUG] Broadband in Dublin),0,0,0,0,0,0,0,0,0,1,1
from Jacqueline Acosta,1,0,1,1,0,0,0,1,1,1,1
SOA and XTP | Fuzzy SOA | SOA & Camel - Please verify,0,0,1,0,0,0,1,0,1,1,1
AW: AW: [opensuse] Logitech MX Revolution middle mouse button doesn't work,1,0,0,0,0,0,1,0,1,1,1
You Can Enlarge Your Penis By 3" - Please verify,0,1,0,1,0,0,0,0,1,1,1
"This Week: Tip contest, SAP-Oracle lawsuit",0,1,0,0,0,0,0,0,1,1,0
New at Novell ZENworks Cool Solutions - Action needed,0,0,0,0,0,0,0,0,1,1,1
*3 FREE Bottles Of VPXL !! ,1,0,0,1,0,0,1,0,1,1,1
Be the only supermacho in the city. - Action needed,0,0,0,0,0,0,0,0,1,1,0
Extended courier service delivers everything you order at our chemists.,0,1,1,0,0,0,0,0,1,1,1
Re: [Python-3000] the release gods are angry at python,0,0,0,1,0,0,1,1,1,1,1
[UAI] AITA08 CALL FOR PARTICIPATION,0,0,0,0,0,1,1,1,1,1,1
Re: Planet venus decode error,0,0,0,0,0,0,0,0,1,1,0
Learn what can make your gf happy,0,0,0,0,0,0,0,0,1,1,0
The top rated penis enlarger Proven Results. 100% Guaranteed.,0,0,0,0,0,0,0,0,1,1,0
Re: [opensuse] RAID 1,0,1,0,0,0,0,1,0,1,1,1
Vegas casino - Please verify,1,0,0,0,0,0,0,0,1,1,1
Your honesty will be appreciated and ED cured.,0,0,0,1,0,0,0,0,1,1,0
Re: [Python-Dev] [Python-3000] RELEASED Python 2.6a1 and 3.0a3,0,0,0,0,0,0,0,0,1,1,0
Tablet of happiness is here,0,0,0,1,1,0,0,0,1,1,1
*3 FREE Bottles Of VPXL !! ,0,0,0,0,0,0,0,0,1,1,0
"Re: [E-voting] Netherlands news, press release",0,1,1,0,0,1,0,0,1,1,1
Submit your payment information.,0,0,0,0,0,0,0,0,1,1,1
Your orgasms could be stronger and  longer with WonderCum.,0,1,1,1,0,0,1,0,1,1,1
Re: [OT] Yahoo Deferred,0,0,0,0,0,0,0,0,1,1,0
Re: [python-win32] Library not Registered Error while running,0,1,0,0,0,1,0,0,1,1,1
Your honesty will be appreciated and ED cured.,0,0,0,0,0,0,0,0,1,1,0
VisaAcceptedNewOfferMore9667ba2762be2abb9757e872702aae05,1,0,0,0,0,0,0,0,1,1,1
Startling Brietling watches at Replica Classics   ,0,0,0,0,0,0,0,0,1,1,0
Get the Finest Rolex Watch Replica !    - Urgent,1,0,1,0,0,1,1,0,1,1,1
Proven Effective for 72 Hours.,0,0,0,0,0,0,0,0,1,1,0
Re: Very Penis Extended Long 9667823f5cd2590dfba4a2f36712b199,0,0,0,0,0,0,0,0,1,1,0
[UAI] New book on minimum description length,0,0,0,1,0,1,0,0,1,1,1
[UAI] PST-2005 Submission Deadline Extension,1,0,0,1,0,0,0,1,1,1,1
Afghan captial in mourning,0,0,0,0,0,1,0,0,1,1,0
from Shelley Scott,0,0,0,0,0,0,0,0,1,1,0
[ie-rant] i like the headline,0,0,0,0,0,1,0,0,1,1,1
CNN.com Daily Top 10 - Action needed,0,1,0,1,0,0,0,0,0,1,1
Re: autolearn vs sa-learn / Bayes - Urgent,0,0,0,0,1,1,0,1,1,1,1
Re: [Python-Dev] Py3k and asyncore/asynchat,1,0,0,0,0,1,0,0,1,1,1
Re: Postfix not receiving mail for any local domain/users,0,0,1,1,1,0,0,0,1,1,1
Your order in processing,0,0,0,0,0,0,0,0,1,1,0
Re: [Python-3000] u'text' as an alias for 'text'?,0,1,0,0,1,1,1,1,1,1,1
[Bug 5293] RFE: pluginize the Bayes subsystem,0,0,0,1,0,0,0,0,1,1,1
Re: [opensuse] Installing efax-gtk from source - Action needed,0,0,1,0,1,1,0,0,1,1,1
svn commit: r584881 - in /spamassassin/rules/trunk/scores: 72_scores.cf scores,0,0,0,0,0,0,0,0,1,1,0
Full video with a naked celebrity Cameron Diaz - Important,0,0,0,0,0,0,0,0,1,1,0
Re: [Python-Dev] Backport of bytearray type and io module,1,0,0,0,1,0,0,0,1,1,1
Re: [R] Trying to run simple survival program in R but does not work,0,1,1,0,0,0,0,0,1,1,1
CPANPLUS working again on VMS Re: [PATCH@32279] Upgrade File::Fetch to 0.13_04 - fixed for VMS.,0,0,0,0,0,0,0,0,1,1,0
CNN.com Daily Top 10,0,0,0,0,0,0,0,0,1,1,1
Force men's items,0,0,1,0,1,0,0,0,1,1,1
Have control over xxxlife again. - Action needed,0,0,0,0,0,1,0,1,0,1,1
Flawless design fake watches,0,0,1,1,1,0,0,1,1,1,1
Re: [Python-3000] sizeof(size_t) < sizeof(long),0,0,0,0,0,0,0,0,1,1,0
Iraq and the Recession,0,0,0,0,0,0,0,0,1,1,1
RE: [opensuse] bash - why doesn't the tldp bash beginners guide for loop example work?,0,0,0,0,0,0,0,0,1,1,0
You must be The Real Man with huge dignity pouvj n duk,0,0,0,0,0,0,0,0,1,1,0
splay unicorn plague narcissist puckish,0,0,0,1,0,0,1,0,1,1,1
[TechRepublic] Oracle on Linux: Installation woes,1,0,1,0,0,0,1,0,1,1,1
CNN.com Daily Top 10 - Please verify,0,0,0,0,1,0,1,0,1,1,1
Re: [Python-3000] end scope of iteration variables after loop,0,0,0,0,0,0,0,0,1,1,0
"[python-win32] win32gui.EnumWindows, documentation?",0,0,1,0,1,0,0,0,1,1,1
New video Nicole Richie,0,1,0,1,0,0,0,0,1,1,1
Replica Rolex Swiss Watches   ,1,0,1,1,1,0,0,0,0,1,1
CNN.com Daily Top 10,0,0,0,0,0,0,0,0,1,1,1
Re: strange order of log entries,0,0,0,0,0,0,0,0,0,1,0
Re: [Python-Dev] 2.6 and 3.0 tasks,0,0,0,0,0,0,0,0,1,1,0
Re: [ie-rant] Re: PRT anyone?,0,0,0,0,0,0,0,0,1,1,0
Lose 10 pounds,0,0,0,0,0,0,0,0,0,1,1
"Re: Stars, baths and TV",0,0,1,0,0,0,0,0,1,1,1
Christmas Replica Watches   ,1,0,1,0,1,0,1,0,1,1,1
InfoNewOfferWorldwide,0,0,0,0,0,0,0,0,1,1,0
Re: [Python-Dev] A smarter shutil.copytree ?,0,1,1,0,1,0,0,0,1,1,1
Discounted drugs at discount pharmacy. ,0,0,0,0,0,0,0,0,1,1,0
Proven Effective for 72 Hours.,0,0,0,0,0,0,0,0,1,1,0
Your easy way to become well hung,0,0,0,0,0,0,0,0,1,1,0
[Python-Dev] Google Summer of Code 2008,0,1,0,0,0,0,1,1,1,1,1
Re: controls not showing.,0,0,0,0,0,0,0,0,1,1,0
Re: [Bulk] [opensuse] A Quick Start - VirtualBox Howto,0,0,0,0,0,0,0,0,1,1,0
Upsize your jackhammer Mr,0,0,0,0,0,0,0,0,1,1,0
First Glance: Webcast on E-discovery considerations for Lotus Notes Domino organizations,1,0,0,1,0,1,1,0,1,1,1
"100% Safe To Take, With NO Side Effects.",1,0,1,0,0,1,0,0,1,1,1
Looking for a watch? Visit Replica Classics ,1,0,0,1,0,0,1,0,1,1,1
From Allan Land,0,0,0,0,0,0,0,0,1,1,0
CNN Alerts: My Custom Alert,1,0,1,0,1,0,0,0,1,1,1
CNN.com Daily Top 10,0,0,0,0,0,0,0,0,1,1,0
[Bug 5041] large mail of CType 'message/partial' takes a long time to scan,0,0,0,0,0,1,0,1,1,1,1
Wrapping email in a digital security blanket,0,0,0,0,0,0,0,0,1,1,0
See which wrist watches are most popular,1,1,1,0,0,0,0,0,1,1,1
How interesting is your love life?  - Important,0,0,0,0,1,1,0,1,1,1,1
Rolex is not for all. Is it for you ?   ,0,0,0,1,0,0,0,0,1,1,1
[spambayes-dev] German localization,0,0,0,0,0,0,0,0,1,1,0
"[pywin32-bugs] [ pywin32-Bugs-794193 ] Pythonwin module browser has	problem with top level function",0,0,0,0,0,0,0,0,1,1,0
"FW: amusing analogies, some good, some bad, some plain stupid....",0,0,0,0,0,0,0,0,1,1,0
"Beautiful quartz, water-resistant Replica Watches",0,1,1,0,0,0,0,0,1,1,1
[perl #57636] [TODO][PDD19] Document the reason for :unique_reg flag ,0,0,0,0,0,0,0,0,1,1,0
CNN.com Daily Top 10,1,0,0,1,1,0,0,1,1,1,1
[SM-USERS] Error with SquirrelMail plugin: Change Qmail-LDAP Forward Version 1.00 - Action needed,1,1,0,0,0,0,0,0,1,1,1
CNN.com Daily Top 10,0,0,0,0,0,0,0,0,1,1,1
CNN.com Daily Top 10 - Urgent,1,0,0,0,0,0,0,0,1,1,1
CNN Alerts: My Custom Alert,0,0,0,0,0,0,0,0,1,1,0
"Re: [SM-DEVEL] Allowing default user settings for DB-based	preferences.",1,1,0,0,1,0,0,0,1,1,1
WorldwideVisaAcceptedNewOffer,0,0,0,0,0,0,0,0,1,1,0
Dead pen drive,0,0,0,0,0,0,0,0,0,1,0
Re: [opensuse] ext3 check forced = frustration,0,0,0,0,0,0,0,1,1,1,1
RE: bug 5589 patching,0,0,0,0,0,0,0,0,1,1,0
from Earl Manning,1,0,0,1,0,1,0,0,1,1,1
RE: [ydn-delicious] "your bookmarks" vs "your favorites",0,0,0,0,0,0,0,0,1,1,0
123,1,0,0,0,0,0,0,0,1,1,0
These nurses are flaming hot,1,0,1,0,0,1,0,1,1,1,1
Learn what can make your gf happy,0,0,0,0,1,0,1,1,1,1,1
[Bug 5675] TextCat sidesteps 'what if I DON'T like language X?',0,0,0,1,1,0,1,1,1,1,1
CNN Alerts: My Custom Alert,0,0,0,0,1,0,1,0,1,1,1
Purchase medications with CanadianPharmacy and enjoy our low prices.,0,0,0,0,0,0,0,0,1,1,0
New revolutionary products to help men,0,0,0,0,0,0,0,0,1,1,0
Re: [FoRK] Re: The grand scheme of things...,1,0,0,0,1,0,0,0,0,1,1
Re: [Python-Dev] Improved thread switching,1,0,1,0,0,0,0,0,1,1,1
mpeg4 Stunning for da1482440eb4bea7f128010f467699b9 ,0,0,0,0,1,1,0,0,1,1,1
Top Quality Size,0,0,0,0,0,0,0,0,1,1,0
"Python at Sun's CommunityOne May 5, 2008",0,1,0,1,1,0,0,0,1,1,1
[UAI] A new website for Graphical model's reasoning algorithms at UC-Irvine,0,0,1,0,0,0,0,0,1,1,0
[scoop] Updated Site Files,0,0,0,0,1,0,0,0,1,1,1
Feel the real holiday,0,0,0,0,1,0,0,0,1,1,1
[UAI] 2nd CfP: ECAI'06 workshop on "AI techniques in healthcare: evidence-based guidelines and protocols",0,1,0,0,1,0,0,0,1,1,1
[UAI] DS-05 Call for Tutorials,0,0,0,0,0,0,0,0,1,1,0
Success men's packs,0,0,0,0,0,0,0,0,1,1,0
Re: [R] Tick marks that correspond with bars on barplot,0,0,0,0,0,0,0,0,1,1,0
Re: Blacklisting recipient address - Urgent,0,1,1,1,0,1,0,0,1,1,1
How To Enlarge Penis Size,0,0,1,1,0,0,0,0,1,1,1
panjandrum soothsayer auburn obnoxious tahoe,1,0,0,0,0,0,0,0,1,1,1
Men's health store,0,0,0,0,0,1,1,1,1,1,1
Re: [opensuse] openSUSE 11.0 and the Non-ready KDE4,0,0,0,0,0,0,0,0,1,1,0
Have wild nights of love back again to life.,0,0,0,0,0,0,0,0,1,1,1
Healthy life is not a myth anymore!,0,0,0,0,0,1,0,0,0,1,1
Re: [opensuse] Defragging: possible?  necessary?,0,0,0,0,0,0,0,0,1,1,0
Finest harvey proposition,0,0,0,0,0,0,0,0,1,1,0
"Re: [FoRK] W3C sponsor, AI / supercomputing Ph.D. program,	Silicon Valley",0,0,0,0,0,0,0,1,1,1,0
Your intimate condition is our specialization. V,1,1,1,1,0,1,0,0,1,1,1
Psychologist endorsed products for men,0,0,0,0,0,0,0,0,1,1,0
New size for Men especially for new feelings of women at once nxqvqb jp azflwx,0,0,1,0,1,1,0,1,1,1,1
Re: Forwarding all localmail,0,0,0,0,0,1,0,1,1,1,1
Have wild nights of love back again to life.,1,0,0,0,0,0,0,0,1,1,1
CNN.com Daily Top 10,0,0,0,0,0,0,0,0,1,1,0
[Bug 5817] Poorly faked MTA Received headers (MUA to MX) - Important,0,0,0,0,0,0,0,0,1,1,0
Supercharge your libido like never before fu s m,0,1,0,0,0,0,0,0,1,1,1
svn commit: r581572 - /spamassassin/rules/trunk/sandbox/jm/20_basic.cf,0,0,0,0,0,0,0,0,1,1,0
[UAI] Final CFP: VMCAI submission deadline is 23 days away.,0,0,1,1,1,0,1,0,1,1,1
The confidence comes in the course of time and the sizes kmmcg boq gopa,0,1,0,0,0,0,0,0,0,1,1
[Slashdot] Stories for 2008-04-12,0,0,0,0,0,0,0,0,1,1,0
[UAI] Progic07 - The Third Workshop on Combining Probability and Logic,0,0,0,0,0,0,0,0,1,1,0
The most stylish and elegant presents,0,0,0,0,0,0,1,1,1,1,1
From Zelma Mcclure,0,1,0,1,0,1,0,1,1,1,1
Ranking And Reviews Of The Top 5 Penis Enlargement Products!,1,0,1,1,0,0,0,0,1,1,1
CNN.com Daily Top 10,1,0,0,0,1,0,1,0,1,1,1
[ILUG] Linux-compatible wireless adapters,0,1,0,1,0,0,0,0,1,1,1
Clamd problem: can't connect to UNIX socket /var/run/clamav/clamd.ctl,0,0,0,0,0,0,0,0,1,1,0
Re: [Python-Dev] Decimal(unicode),0,0,0,0,0,0,0,0,1,1,0
Re: [Python-Dev] Reserving an arg space for Jython,0,0,0,0,0,0,0,0,1,1,0
The most exact watch imitations online ,1,0,0,0,1,0,1,0,1,1,1
Re: [perl #47233] Core dump caused by goto,0,0,0,0,0,0,0,0,1,1,1
Re: [Python-3000] Invitation to try out open source code review tool,0,0,0,0,1,0,0,1,1,1,1
Re: Challenging Local Sender/Recipient Spam,0,0,0,1,0,0,0,0,1,1,1
From Blanca Gifford,0,0,0,0,0,0,0,0,1,1,0
Re: Restricting Senders,0,0,0,1,0,0,0,0,1,1,0
Re: [Python-3000] [Python-Dev] 2.6 and 3.0 project management,1,0,0,1,0,0,0,1,1,1,1
Re: [opensuse] Is it possible to force postfix to retry a failed sent mail,0,0,1,1,1,1,1,0,1,1,1
"Re: [Python-Dev] [Numpy-discussion] New project : Spyke python-to-C	compiler",0,0,0,0,0,0,0,0,1,1,0
EmedsOrderNowCertified,0,0,0,0,0,0,0,0,1,1,0
Re: [FoRK] New hypotheses,0,1,0,0,0,0,0,0,1,1,1
Re: BBC(Bleadperl Breaks CPAN) Today: Brackup (1.06),0,0,0,0,0,0,1,0,1,1,0
Proven Effective for 72 Hours Free Trial Sample Available Today - Important,0,0,0,0,0,0,0,0,1,1,0
CNN.com Daily Top 10,0,1,0,1,1,1,0,0,1,1,1
Re: [opensuse] [OT] How much power does a PC really consume?,0,0,0,0,0,0,0,0,1,1,0
SpecialPricesSoftTabsMoreinfo,0,0,0,0,0,0,0,0,1,1,1
[ie-rant] PPoE Server,0,0,0,0,0,0,0,0,1,1,0
From Tisha Perry,0,0,0,0,0,0,0,1,1,1,1
CNN.com Daily Top 10,0,0,0,0,0,0,0,0,1,1,0
[ie-rant] Family guy Star Trek Parody,0,0,0,0,0,0,0,0,1,1,0
"FW (4-5): Electoral Finance Act - Silent Protest March - This Sunday 9	March from  2.00pm",0,0,0,0,0,0,0,0,1,1,0
Sluttily attractive girls,0,1,0,0,1,1,0,0,1,1,1
Re: [Python-Dev] [Python-3000] the release gods are angry at python,0,0,0,0,0,0,1,0,1,1,1
CNN.com Daily Top 10 - Important,0,0,1,0,0,0,1,0,1,1,1
mpeg4 Full for 3ba41b46565285f845a2e1e6bb49544d ,0,0,0,0,1,0,0,0,1,1,1
Re: ????????? ???? ?? ??????????? ???? -???,1,1,0,1,0,0,0,1,1,1,1
Re: [perl #57636] [TODO][PDD19] Document the reason for :unique_reg  flag,0,0,0,0,0,0,0,0,1,1,0
Best brice proposal,1,0,0,0,0,0,1,0,1,1,1
Re: [Python-Dev] r62342 - python/branches/py3k/Objects/bytesobject.c,0,0,0,0,0,0,1,0,1,1,1
CNN.com Daily Top 10,0,0,0,0,0,0,0,0,1,1,0
pottery nude profit retrovision warm,0,0,0,0,0,0,0,0,1,1,0
Re: [Python-3000] range() issues,1,0,0,0,1,1,0,1,1,1,1
Re: [ie-rant] Earlier every year,0,1,0,1,1,0,0,0,1,1,1
Re: [FoRK] Yahoo portal - repeating new coke experiment.,0,0,0,0,0,0,0,0,1,1,0
CNN Alerts: My Custom Alert,0,0,0,0,1,0,0,0,1,1,0
Shirts and designs as timeless as the 80s,0,0,0,1,0,0,1,0,1,1,1
Doctor Approved And Recommended.,0,0,1,0,1,0,1,0,1,1,1
[UAI] Progic2005: Combining probability and logic / objective Bayesianism,1,0,0,1,0,0,0,0,1,1,1
New method of male enhancement,0,0,0,0,0,0,0,0,1,1,0
"[UAI] UM2007: 11th International Conference on User Modeling in Corfu, Greece (2ND CFP)",0,0,0,0,0,0,0,0,1,1,0
For men with low libidos,0,0,0,1,0,1,0,1,1,1,1
CNN.com Daily Top 10,0,0,0,1,0,0,0,0,1,1,1
Re: [ie-rant] Re: pubs.,1,1,0,0,1,0,1,1,1,1,1
Very discrete shipping and billing,1,1,0,0,1,0,0,0,1,1,1
Italian-crafted Rolex - only $65 - $140!!,0,0,0,1,1,0,1,0,1,1,1
Re: - Important,1,0,0,0,1,0,0,1,1,1,1
Get the Finest Rolex Watch Replica !   ,0,0,0,1,1,0,0,0,1,1,1
PATCH: check_reverse_client_hostname_access,0,1,0,0,0,0,0,1,1,1,1
"Find the best replica rolex, Jewelry etc. ",0,0,0,0,0,0,0,0,1,1,0
CNN.com Daily Top 10,1,1,1,0,0,1,0,0,1,1,1
Re: ,0,0,0,0,0,0,0,0,1,1,0
Weekly Web Specials - Save up to 70% on Irish Holiday Items!,0,1,0,1,0,0,0,0,1,1,1
Re: Test-Harness-Straps (was Re: 5.10 code freeze and dual-life modules),0,0,1,1,0,0,0,0,1,1,1
Health mall,0,0,1,0,1,0,0,1,1,1,1
Most reliable replica from Patek Philippe watch here   ,0,0,0,0,0,0,0,0,0,1,0
[UAI] [Mlnet] WG: [ILP05] MLJ special issue on ILP (2nd Reminder),1,0,0,0,0,0,0,0,1,1,0
Re: IO::Socket::INET::peeraddr() reports funny characters,0,0,0,0,1,0,1,0,1,1,1
Re: bleadperl config variations with seven peculiar distros,0,0,0,0,0,0,0,0,1,1,0
ALL MAJOR DESIGNER REPLICA W ATCHES!   ,0,0,0,1,0,0,1,0,1,1,1
You Can Enlarge Your Penis By 3" Compare Top 5 Penis Enlargers,0,0,0,0,0,0,0,0,1,1,0
Re: [Python-Dev] Complexity documentation request - Important,0,1,1,0,1,0,0,0,1,1,1
CNN.com Daily Top 10,1,0,0,1,1,0,0,0,1,1,1
CNN.com Daily Top 10 - Action needed,0,0,1,1,1,1,0,0,1,1,1
"Re: [python-win32] Is Mark Hammond going to produce a new Python	Programming on Win32 book?",0,0,0,0,0,0,0,0,1,1,0
CNN Alerts: My Custom Alert - Action needed,1,0,0,1,1,0,1,1,1,1,1
Re: [opensuse] Unstable system - who is the culprit? - Action needed,0,1,0,0,1,1,0,0,1,1,1
Get armed with huge love cannon,0,0,0,0,0,0,0,0,1,1,0
EffectivenessFDAapprovedWorldwide,1,1,0,1,0,0,0,1,1,1,1
Add some speed to Vista's processing power!,0,0,0,0,0,1,0,0,1,1,1
"Re: [Python-Dev] [Distutils] how to easily consume just the parts	of eggs that	are good for you",0,1,0,0,0,0,0,0,1,1,1
RE: [perl #47467] $#- has bizarre value ,0,0,0,0,0,0,0,0,1,1,0
[UAI] NIPS 2006 workshop on Novel Applications of Dimensionality Reduction,0,1,1,0,0,0,1,0,1,1,1
Re: [Python-3000] [Python-Dev] 2.6 and 3.0 project management - Urgent,0,0,0,0,0,0,0,0,1,1,1
[UAI] XML Wikipedia Collections for IR/ML Research,0,0,0,0,1,0,1,0,1,1,1
hearsay,0,0,0,0,0,0,0,0,1,1,0
"Dont hesitate, privacy is above  all .",0,0,0,0,0,0,0,0,1,1,0
Re: [python-win32] Windows programing cookbook?,1,0,0,0,1,0,1,0,1,1,1
Great pharm shop,0,0,0,0,0,0,0,0,1,1,0
CNN Alerts: My Custom Alert,0,0,0,0,0,0,0,0,1,1,0
"Ticket: plane, train. Sale",0,0,0,1,0,0,0,0,1,1,0
Re: NTL Digital TV quality (was Re: [ILUG] Broadband in Dublin),0,0,0,0,0,0,0,0,1,1,0
Perfectly crafted accessories,0,0,1,1,0,0,0,0,1,1,1
[UAI] CFP Workshop on logics for resource-bounded agents - Please verify,1,0,0,1,0,1,1,0,1,0,1
The next level of enhancement formulas! juzi is drpi,1,1,1,0,1,1,0,0,1,1,1
Re: [Python-3000] Code freeze?,1,0,0,1,0,0,0,1,1,1,1
Re: ,0,0,1,0,1,0,0,0,1,1,1
Purchase medications with CanadianPharmacy and enjoy our low prices.,0,0,0,0,0,0,0,0,1,1,0
123,0,0,0,0,0,0,0,0,1,1,0
Woman 33 Thomas,0,0,0,0,1,0,0,0,1,1,1
"[Py2exe-users] compiled exe in pygame/pyopengl working locally but	not elsewhere",1,1,0,1,0,0,0,0,1,1,1
Re: [opensuse]  [OT] How much power does a PC really consume?,1,0,0,0,0,0,0,0,1,1,0
buildbot failure in t-feisty-561,0,0,0,0,0,0,0,0,1,1,0
Re: [Python-Dev] 2.6 and 3.0 tasks,0,0,1,0,0,0,0,0,1,1,1
Re: [opensuse] Extensive disk i/o at startup (10.3)(rephrased posting),0,0,1,1,1,0,0,0,1,1,1
Re: [opensuse] Defragging: possible?  necessary?,0,0,0,0,0,0,0,0,1,1,0
[Bug 5644] Message sends BodyEval::check_stock_info into hard loop,0,0,0,0,0,0,0,0,1,1,0
Enjoy safe and convinient shopping for meds.,0,1,0,1,0,0,0,0,1,1,1
Offer variety replica watches,0,0,0,0,0,0,0,0,1,1,0
Perfect length and thickness,0,0,0,0,0,1,0,1,1,1,1
Money,0,1,0,0,1,1,0,0,1,1,1
Re: score,1,0,0,0,0,0,0,0,1,1,1
Re: [Python-Dev] FW: [issue2513] 64bit cross compilation on windows,0,0,0,0,0,0,0,0,1,1,0
[opensuse] Re: Strange files,0,0,0,0,0,0,0,0,1,1,0
Psychologist endorsed products for men,0,0,0,0,0,1,0,0,1,1,0
Kick-up dvd Salma Hayek,0,0,0,0,0,0,0,0,1,1,0
Postfix fails to stop on server reboot,0,0,0,1,1,0,1,0,1,1,1
[Python-Dev] Change in priority fields - Action needed,0,1,1,1,0,0,0,0,1,1,1
Re: [opensuse] true news group?,0,0,0,0,0,0,0,0,1,1,0
"RC1 uploaded to PAUSE, and indexing problems",0,1,0,0,1,1,1,0,1,1,1
mummit,0,0,0,0,0,0,0,0,1,1,0
From Stefan Garrett,0,0,0,0,0,0,0,0,1,1,0
Learn the Tips on Good Health,0,0,0,0,0,0,0,1,1,1,0
The online health store to buy medicines on the Internet,0,0,0,0,1,0,0,0,1,1,1
[UAI] Postdoc,0,0,0,0,0,0,0,0,1,1,0
 electrical and computer engineering,0,0,0,0,0,0,0,0,0,1,0
*3 FREE Bottles Of VPXL !! ,1,0,0,0,0,0,0,0,1,1,0
helpful for your health.,0,0,0,1,0,0,0,0,1,1,0
"Re: [R] bug submitting bug? [Fwd: Undelivered Mail Returned to 	Sender]",1,0,1,1,0,0,0,0,1,1,1
CNN.com Daily Top 10,0,0,0,1,0,0,1,0,1,1,1
Re: [python-win32] Monitor directories/files,0,0,0,0,0,0,0,0,1,1,1
VisaAcceptedEffectivenessUSlicensed,0,0,0,0,0,0,0,0,1,1,0
"""Culture, the Arts and the State in New Zealand in the Wake of ",1,0,1,1,0,1,0,0,1,1,1
Re: Code freeze,0,1,0,0,0,0,0,0,1,1,1
123,0,0,0,0,0,0,0,0,1,1,0
CNN.com Daily Top 10,0,0,1,0,0,0,1,0,1,1,1
Re: [SM-USERS] sent_confirmation - Solution,0,0,1,0,1,0,0,1,1,1,1
Re: [python-win32] Help calling IProgressDialog Interface,1,0,1,0,0,1,1,0,1,1,1
ilyushin thug syrupy soldiery soldiery,0,0,0,0,0,0,0,0,1,1,0
Re:,1,1,0,0,0,0,0,1,1,1,1
Trade Me - A request from a Trade Me member. Auction: 129227503,0,1,0,1,1,0,0,0,1,1,1
CNN Alerts: My Custom Alert,0,0,0,1,0,0,0,0,1,1,0
Re: Strange headers on mail from SA users list - Important,0,0,0,0,0,0,0,0,1,1,0
"replica Watches! rolex, patek philippe, vacheron ...  - Please verify",0,0,0,1,0,0,0,0,1,1,1
A better way to give up smoking.,0,0,0,0,0,0,0,0,1,0,0
From Vito Lara - Please verify,0,1,0,0,1,1,0,0,1,1,1
Substantial increase in length,0,1,0,1,1,0,0,0,1,1,1
From Clifford Hargrove,1,0,1,1,0,0,0,0,1,1,1
CNN.com Daily Top 10,0,0,0,0,0,0,0,0,1,1,0
Woman 34 Trujillo,0,0,0,0,0,0,0,0,1,1,0
CNN.com Daily Top 10,0,0,1,0,0,0,0,0,1,1,1
Most Popular Watches of All Trademarks   ,0,0,0,0,0,0,0,0,1,1,0
the better satisfaction she has.,0,0,0,0,0,0,0,0,1,1,0
CNN.com Daily Top 10,0,0,0,1,1,0,0,0,1,1,1
Re: [opensuse] kismet and ipw 3945,1,0,1,1,0,1,1,0,1,1,1
Carmella Bing Gangbanged,0,0,0,0,0,0,0,0,1,1,0
[Python-Dev] Introducing the ``make check`` command,0,0,0,0,0,0,0,0,1,1,0
CNN.com Daily Top 10,0,1,0,1,0,1,0,0,1,1,1
SoftTabsCustomerSupportOnlineDrugstore,0,1,0,1,1,0,1,1,1,1,1
Exquisite Replica,0,0,0,0,0,0,0,0,1,1,0
CNN Alerts: My Custom Alert,0,0,1,0,0,0,1,0,1,1,1
Software in many languages!,0,0,1,0,0,0,0,1,1,1,1
Re: [Python-Dev] How we can get rid of eggs for 2.6 and beyond,1,0,0,0,1,0,1,0,1,1,1
Startling Brietling watches at Replica Classics    - Urgent,0,0,0,1,0,1,0,1,1,1,1
Re: Forwarding all localmail,0,0,0,0,0,0,0,0,1,1,0
ALL MAJOR DESIGNER REPLICA W ATCHES!   ,0,0,1,0,1,0,0,0,1,0,1
CNN.com Daily Top 10,1,1,0,0,0,0,0,0,1,1,1
in processing....,0,1,0,0,1,1,0,0,1,1,1
Affordable luxury,0,0,0,0,0,0,0,0,0,1,0
Titanic dimension without much effort!,0,0,1,1,0,0,0,0,1,1,1
Start new life with  CanadianPharmacy.,0,1,0,1,1,0,0,0,1,1,1
Seven ways to improve the customer experience,0,1,0,1,1,0,0,1,1,1,1
Return your self-estteme with blue pilule.,0,0,0,1,0,0,1,1,1,1,1
Patients can access Our online store health shop is the Internet 24 / 7,0,0,0,1,1,0,0,0,1,1,1
">+=+=+=+=+=+=+=+=+=+=+=+=+=+=+=+=+=+=+=+=+=+=+=+=+=+=+=+=+=+= >THE DAILY TOP 10 >from CNN.com >Top videos and stories as of: Aug  1, 2008  3:58 PM EDT >+=+=+=+=+=+=+=+=+=+=+=+=+=+=+=+=+=+=+=+=+=+=+=+=+=+=+=+=+=+= TOP 10 VIDEOS 1. PARIS HILTON TAKES ON MCCAIN http://www.cnn.com/video/partners/email/index.html?url=/video/politics/2008/08/06/wynter.paris.hilton.ad.cnn Paris Hilton swings back at Republican presidential candidate John McCain. Kareen Wynter reports. 2. BIKINI BARISTA STAND CLOSED http://www.cnn.com/video/partners/email/index.html?url=/video/living/2008/08/06/pkg.bikini.baristas.barred.kiro 3. TOT GRANDMA REACTS TO CHARGES http://www.cnn.com/video/partners/email/index.html?url=/video/crime/2008/08/06/grace.mom.charged.cnn 4. MAGGOTS: THE NEW ANTIBIOTIC? http://www.cnn.com/video/partners/email/index.html?url=/video/health/2008/08/06/mcginty.uk.maggot.antibiotic.itn 5. ON YOUR MARK, GET SET, FLOAT! http://www.cnn.com/video/partners/email/index.html?url=/video/living/2008/08/06/vo.in.balloon.race.wxin 6. 'LOVE TRIANGLE MURDER' http://www.cnn.com/video/partners/email/index.html?url=/video/crime/2008/08/06/dcl.london.in.session.trial.update.insession 7. TERI GARR'S DECADES OF HIDING http://www.cnn.com/video/partners/email/index.html?url=/video/health/2008/08/06/gupta.teri.garr.cnn 8. FAKE SEX AD DRAWS LAWSUIT http://www.cnn.com/video/partners/email/index.html?url=/video/tech/2008/08/06/dnt.wa.sex.ad.lawsuit.komo 9. 'WE NEED AN ECONOMIC SURGE' http://www.cnn.com/video/partners/email/index.html?url=/video/politics/2008/08/06/sot.mccain.econo.surge.cnn 10. OBAMA GOT HIT IN THE HEAD? http://www.cnn.com/video/partners/email/index.html?url=/video/politics/2008/08/06/sot.obama.asked.why.running.cnn TOP 10 STORIES 1. N. DAKOTA'S REAL-LIFE JED CLAMPETT http://www.cnn.com/2008/LIVING/wayoflife/08/05/oil.boomtown/index.html In the midst of a N. Dakota oil boom, a man born during the Great Depression is making a fortune after striking oil on his property. 2. OBAMA'S UPHILL POLLING BATTLE http://www.cnn.com/2008/POLITICS/08/06/obama.polls/index.html 3. D.A.: SEX CASE ABOUT 'PURE EVIL' http://www.cnn.com/2008/CRIME/08/06/sex.club.trial.ap/index.html 4. ANOTHER SIDE OF AMY RAY http://www.cnn.com/2008/SHOWBIZ/Music/08/06/amy.ray/index.html 5. COMMENTARY: BILL CLINTON'S UPSET http://www.cnn.com/2008/US/08/06/martin.billclinton/index.html 6. WOMEN DRIVEN TO DONATE EGGS http://www.cnn.com/2008/HEALTH/08/05/selling.eggs/index.html 7. ANTHRAX SUSPECT CALLED MISLEADING http://www.cnn.com/2008/CRIME/08/06/anthrax.case/index.html 8. MOUNTAIN LION IN BEDROOM KILLS DOG http://www.cnn.com/2008/US/08/06/mountain.lion.ap/index.html 9. REPORTS: MISTAKES DOOMED UTAH MINE http://www.cnn.com/2008/US/08/06/utah.mine.anniv.ap/index.html 10. BIN LADEN'S FORMER DRIVER GUILTY http://www.cnn.com/2008/CRIME/08/06/hamdan.trial/index.html CNN, The Most Trusted Name in News >    Cable News Network LP, LLLP.                       < >    One CNN Center, Atlanta, Georgia 30303             < >    2008 Cable News Network LP, LLLP.                  < >    A Time Warner Company.                             < >    All Rights Reserved.                               < ========================================================= =   Please send comments or suggestions by going to     = =           http://www.cnn.com/feedback/                = =                                                       = =      Read our privacy guidelines by going to          = =         http://www.cnn.com/privacy.html               = ========================================================= You have agreed to receive this email from CNN.com as a result of your CNN.com preference settings. To manage your settings, go to: http://www.cnn.com/linkto/bn.manage.html To unsubscribe from the Daily Top 10, go to http://cgi.cnn.com/m/clik?e=email304@gvc.ceas-challenge.cc&l=cnn-dailytop10",0,0,0,0,0,0,0,1,1,1,1
How To Enlarge Penis Size - Please verify,0,0,0,0,0,1,0,0,1,1,1
[UAI] UAI-2004 Proceedings: Announcement,0,1,0,0,1,0,0,0,1,1,1
CNN.com Daily Top 10,0,0,0,0,0,0,0,0,1,1,0
Ladies and Gents watches from only 9.99 inc. delivery ...   ,0,0,1,1,0,0,0,1,1,1,1
CNN.com Daily Top 10,0,0,0,1,0,0,0,0,1,1,0
[Fwd: Re: Missing product - payment not completed  [CCC-YPP_C]],0,0,0,0,1,0,0,1,1,1,1
"ACM TechNews; Friday, February 22, 2008",0,0,0,1,0,0,0,0,1,1,0
Stepping up your records management strategy ,0,0,0,0,0,0,1,0,1,1,0
Compare Top 5 Penis Enlargers,0,0,0,0,0,0,0,0,1,1,1
"Medications for consumers and medical health Shop, 24-hour transit, NO RX",1,0,0,1,0,0,0,0,1,1,1
Frame compatibility,0,0,1,1,0,0,0,0,1,1,1
Don't want to their stores?,0,0,0,0,0,0,0,0,0,1,0
Let us learn about,0,0,0,1,1,1,0,1,1,1,1
Exclusive Narcotic Alternatives,0,0,1,0,0,1,0,0,1,1,1
Everything can GROW - here is how! mw,0,0,0,0,0,0,0,0,1,1,0
Re: [Python-3000] Bug in pickling range objects ?,0,1,1,0,0,1,0,1,1,1,1
"ietf-dkim Digest, Vol 106, Issue 5",1,0,0,1,0,0,0,0,1,1,1
"Re: [Python-Dev] [Python-3000] Reminder: last alphas next Wednesday	07-May-2008",0,0,0,0,0,0,0,1,1,1,1
What time is okay for you - Urgent,1,1,0,1,1,1,0,0,1,1,1
Re: [opensuse] Mounting an vmware virtual disk in Linux.,0,0,0,0,0,1,0,0,1,1,1
Proven Effective for 72 Hours.,0,0,0,0,0,0,0,0,1,1,0
Re: [SM-USERS] Force change password plugin,0,0,1,0,0,0,0,1,1,1,1
AddtoCartRemedy100mg,1,1,0,0,0,0,0,0,1,1,1
Re: Initial Working in Artwork for Lenny,0,0,0,0,0,0,1,1,1,0,0
Local Traffic Reports,0,0,0,1,1,0,1,0,1,1,1
Re: [opensuse]  Re: mounting usb pendriver - openSUSE10.3 / vmware - dmesg doesn't show /dev/<what>,0,0,1,0,1,0,1,1,1,1,1
Re: [Python-Dev] Fixing buildbot/external(-amd64).bat files on Windows,0,0,0,0,0,0,0,0,1,1,0
Click here to purchase high-quality replica watch ,0,0,0,0,0,0,0,0,0,1,0
tim winnetka thereon brooke icosahedral,1,0,0,0,0,0,0,0,1,1,0
Looking for a watch? Visit Replica Classics,0,1,0,0,0,0,1,1,1,1,1
We are the first from quality of medicines affordble - Action needed,1,0,0,0,0,1,1,0,1,1,1
Re: Per recipient restrictions - Urgent,0,0,0,0,0,0,0,0,1,1,0
Karma sutra techniques for G-spots,0,0,1,0,0,0,0,0,1,1,1
We congratulate! You our client!,0,0,1,0,0,0,0,0,1,1,1
Luxurious costume replica watches at ...   ,0,1,0,0,1,0,0,0,1,1,1
 ,0,1,0,1,0,0,0,0,1,1,1
Tiny dimension is curable,0,0,0,1,1,0,1,0,1,1,1
Scholarships & Awards advertised,0,0,0,0,0,0,0,0,1,1,0
CNN Alerts: My Custom Alert,0,0,0,0,0,0,1,0,1,1,0
Re: [Python-3000] Help on builtin keywords,0,0,1,0,0,0,0,1,1,1,1
Excellent-made replica watches from Rolex   ,0,0,0,0,0,0,0,0,1,1,1
"Re: [Python-Dev] [Python-3000] Reminder: last alphas next Wednesday	07-May-2008",0,0,0,0,0,0,0,0,1,1,0
Re: [ie-rant] Perlico,0,0,0,1,1,0,0,0,1,1,1
[TechRepublic] Program smart cards with Java Card,0,0,1,1,0,0,0,0,1,1,1
Re: [Python-Dev] GSoC Student Introduction,0,0,0,0,0,0,0,0,1,1,0
[UAI] SymCon 07: Deadline extension,0,0,0,1,0,1,0,0,1,1,1
Tips on Choosing Online Drugstore,0,0,0,0,0,0,0,0,1,1,0
and show how deeply you love him. - Important,1,0,0,0,0,1,0,0,0,1,1
Re: [python-win32] Help calling IProgressDialog Interface,0,0,1,1,1,1,0,0,1,1,1
Very discrete shipping and billing,0,1,0,1,0,0,0,0,1,1,1
Re: [R] help with longitudinal data plot,0,1,0,1,0,0,0,1,1,1,1
Re: [opensuse] How to shut down external usb disks? - Important,1,0,0,1,1,0,0,0,1,0,1
[UAI] CFP: CIDM-07 Special Session on New Directions and Challenges of Near-Duplicate Detection,0,1,0,1,0,0,0,0,1,1,1
No Pumps! No Surgery! No Exercises! ,0,0,1,0,0,0,0,0,1,1,0
[perl #46565] @_ ends up incorrectly aliasing user array ,0,0,0,0,0,0,0,0,1,1,0
svn commit: r586361 - /spamassassin/trunk/build/mkrules,0,0,0,0,0,0,0,0,1,1,0
Re: [Py2exe-users] app icon not displaying correctly in Windows Vista,0,0,1,1,0,1,0,0,1,1,1
Re:,0,1,0,0,0,0,1,0,1,1,1
Re: [ILUG] pam and ldap and filesystem permissions,0,0,0,0,0,0,0,0,1,1,0
Penis Enlargment Reviews,0,0,0,0,0,0,0,0,1,1,0
"[Spambayes-checkins] spambayes CHANGELOG.txt,1.59,1.60",0,0,0,0,0,0,0,1,1,1,0
 critics agree that no machine has passed the Turing Test. We're never fooled by chatbots for very long,0,0,0,0,0,0,0,0,1,1,0
The health of men privae trade,0,0,0,0,0,0,0,0,1,1,0
Lowest prices for best products!,0,0,0,0,0,0,0,0,1,1,0
Enjoy safe and convinient shopping for meds. - Urgent,1,1,0,0,0,0,0,0,1,1,1
porno Full for 89f5e051b97dc000872b1eb4a754e390 ,0,0,0,0,0,0,0,0,1,1,0
Re:,1,1,1,0,0,1,1,0,1,1,1
omit durham stutter predecessor marque,0,0,0,0,0,0,0,0,1,0,0
Re:,0,0,0,0,0,0,0,0,1,1,0
[ANN] EuroSciPy Abstracts Deadline Reminder,0,0,1,1,0,1,1,1,1,1,1
we have a cas1no that suits you,0,0,0,0,0,0,0,0,1,1,0
Re: [SM-USERS] Default Citation,0,0,0,0,0,0,0,0,1,1,0
Flawless RX Facilitation,1,0,0,0,0,0,0,0,1,1,0
Re: [opensuse] Extensive disk i/o at startup (10.3)(rephrased posting),0,0,0,0,0,0,0,0,1,1,0
Re: [opensuse] freespace calculation  bug or not,0,0,0,0,0,1,1,0,1,1,1
CNN.com Daily Top 10,1,0,1,1,0,0,0,1,1,1,1
Replica for you - Important,0,0,0,0,0,1,0,0,1,1,1
Re: Suggestions to block this spam,0,0,0,0,0,0,0,0,1,1,0
[Bug 5840] unable to use ldap+sql,0,0,0,0,0,0,0,0,1,1,0
Be so big you will need new underwear,0,0,0,1,1,0,1,0,1,0,1
make your intimate life more pleasant,0,0,0,0,0,1,1,0,1,1,1
Mego heath offer,0,0,0,0,0,0,0,0,1,1,0
Re: [opensuse]  Power Supply PSU Efficiency (was: Unstable system - who is the culprit?,1,0,0,0,0,0,0,1,1,1,1
CNN.com Daily Top 10,0,0,0,0,0,0,0,0,1,1,0
From Woodrow Howe,0,0,0,1,0,0,0,0,1,1,1
Looking for really effective non-surgery penis enlargement method? esu jb f,0,0,1,0,1,0,0,1,1,1,1
CNN Alerts: My Custom Alert,0,0,0,0,0,0,0,0,1,1,0
Re: Local maildir delivery problem,0,0,0,1,0,0,1,1,1,1,1
Make your wife more passionate,0,0,0,0,0,0,0,0,1,1,0
[UAI] PostDoc Vacancy in Fuzzy Logic,1,0,0,0,1,0,0,0,1,1,1
"[Spambayes-checkins] spambayes setup.py,1.32,1.33 - Urgent",1,0,1,1,1,0,0,0,1,0,1
Penis Enlargement Is Possible ! Learn How and What Products Work,0,0,0,0,0,0,0,0,1,1,0
50 ways to meet your lover_markizamkd25,0,0,0,0,0,0,0,0,1,1,0
Order Rolex Replica //atches 0nline!   ,0,0,0,1,0,1,0,0,1,1,1
CNN.com Daily Top 10,0,0,0,0,0,0,0,0,1,1,0
Re:Trouvez votre programme ,0,0,0,0,0,0,0,0,1,1,1
IDG Connect's Tech Tuesday - Please verify,1,1,0,0,0,1,0,0,1,1,1
"Wekalist Digest, Vol 60, Issue 28",0,0,0,0,0,0,0,0,1,1,0
Mego adam proposal,0,0,0,0,0,0,0,0,1,1,1
Benefit from world know male enhancing products.,0,1,0,0,0,0,1,0,1,1,1
Girls this hot are sweet - Urgent,0,0,0,0,1,0,1,1,1,1,1
FNC Alert,0,0,0,0,0,0,0,0,1,1,1
CNN Alerts: My Custom Alert - Urgent,0,0,0,0,0,0,1,0,1,1,1
2 new messages in 1 topic - abridged,1,1,1,0,1,1,0,1,1,1,1
Re: [opensuse] What's filling swap,0,0,0,0,0,0,0,0,1,1,0
123,0,0,0,0,0,0,0,0,1,1,0
 amounting to tens of millions of words,0,0,0,0,1,0,1,0,1,1,1
helpful for your health.,0,0,0,0,0,0,1,0,1,1,0
"Re: [Python-Dev] [Python-3000] Reminder: last alphas next Wednesday	07-May-2008",0,0,0,0,0,0,0,0,1,1,0
PharmTakeALookCialis,0,0,1,1,0,0,0,1,1,1,1
New gigantic rod is easy to get!,0,0,0,0,0,0,0,0,1,1,0
Re: [opensuse] Migrate from 32bit to 64bit?,0,0,0,0,0,0,0,0,1,1,0
Britney fracas results in arrest,1,1,0,0,0,1,0,0,1,1,1
123,0,0,0,0,0,0,0,0,1,1,0
Penis Enlargement Is Possible ! Learn How and What Products Work,0,0,0,0,0,1,0,0,1,1,1
[ILUG] linux laptop: T61p or Macbook Pro,0,0,0,0,0,0,0,0,1,1,0
Guaranteed Erection Fast,0,1,1,0,0,0,1,1,1,1,1
[ie-rant] Re: PRT anyone?,0,0,0,0,0,0,0,0,1,0,0
CNN.com Daily Top 10,0,0,0,0,0,0,0,0,1,1,0
Celeb homemade videos leaked,1,1,0,0,0,0,0,0,1,1,1
CNN.com Daily Top 10,0,0,0,0,0,1,0,0,1,1,1
Musharraf: elections will happen in January ,0,0,0,0,0,0,0,0,1,1,0
1 new message in 1 topic - abridged,0,0,1,0,1,1,1,1,1,1,1
Re: [Python-Dev] Python 32- and 64-bit living together,0,0,1,0,0,0,0,0,1,1,0
How to make her your slave,0,0,1,0,0,0,0,1,1,0,1
New OldFriends members,0,0,0,0,0,0,0,0,1,1,0
You have one or more alerts.,1,0,0,1,0,0,0,0,1,1,1
PillsNewOfferProducts,0,0,1,0,0,0,0,0,1,1,1
fashionable replica watches   ,0,0,0,0,0,0,0,0,1,1,0
Perfect length and thickness,0,0,0,0,0,0,0,0,1,1,0
Kick-up cd Avril Lavigne,0,0,0,0,0,0,0,1,1,1,1
CNN Alerts: My Custom Alert,0,0,0,0,0,0,0,0,1,1,0
[UAI] AAAI '05/IAAI '05,1,1,0,0,0,1,0,1,1,1,1
[perl #47241] Re: Core dump caused by goto ,0,0,0,0,0,0,0,0,1,1,0
[ILUG] Hello!,0,0,0,0,0,0,0,0,1,1,0
from Antonia Tyler,0,0,0,0,0,0,0,0,1,1,0
Don't blame us for not telling you about this herbal revolution pcf kffkp tvujd - Action needed,0,0,1,0,1,0,0,1,1,1,1
from Earl Manning - Urgent,0,0,0,1,0,0,0,0,1,1,1
Most reliable replica from Patek Philippe watch here   ,0,0,0,0,0,0,0,0,1,1,0
Re: [python-win32] os.startfile mysteriously failing,0,0,0,1,1,0,0,0,1,1,1
CNN.com Daily Top 10,1,0,0,0,0,0,0,0,1,1,0
Host alert: spamassassin.zones.apache.org is UNREACHABLE,0,0,1,1,1,0,0,1,0,1,1
"Re: Clearly bogus false positives -- on ""abuse"" contact point, no less",0,0,0,0,0,0,1,0,1,1,1
Re: [opensuse] Advice on new hardware,0,1,1,0,1,0,0,1,1,1,1
[UAI] Bayesian Modelling Applications WS -- Call for Contributions,0,0,0,0,0,0,0,0,1,1,0
"Dude, you should try it!",0,0,1,0,0,0,1,1,1,1,1
Re: [opensuse] ext3 check forced = frustration,1,0,0,0,0,0,0,0,1,1,1
"The life needs to be lived in the pleasure and the it will be more, the better fxeeb rzjlx bfqnx",0,0,0,0,0,0,0,0,1,1,0
The bigger tool - Important,0,0,0,0,0,0,0,0,1,1,0
CNN Alerts: My Custom Alert - Please verify,1,0,1,0,1,0,0,0,1,1,1
Special treatment for your beloved one.,0,0,0,0,0,0,0,0,1,1,0
"You won't have to apologize for her staying dissatisfied anymore!
Make a decisive step toward a happy future!
http://milddear.com/


Jewish nationalism and Jewish self-hatred. At times the evening tookgovernments, which go to fight with each other and create that kind ofStates. - Urgent",1,0,0,0,1,1,0,1,1,1,1
"Your payment didn't succeed, so your ads have been suspended.",0,0,0,1,1,0,0,0,1,1,1
CNN.com Daily Top 10,0,1,0,0,0,0,0,0,1,1,0
Re: [Python-Dev] Problems with the new super(),0,0,0,0,0,0,0,0,1,1,0
[UAI] [Mlnet] 2nd CFP - WebKDD 2005 (ACM SIGKDD workshop on Knowledge Discovery and Data mining in the Web),0,0,0,0,0,1,0,0,1,1,1
Superior Herbal Satisfactions,0,0,0,0,1,0,0,0,0,1,1
Looking for a perfect gift ? Get a Rolex.,0,0,0,0,0,0,0,0,1,1,0
CNN Alerts: My Custom Alert - Action needed,0,0,0,0,0,0,0,0,1,1,1
CNN Alerts: My Custom Alert,0,0,0,1,1,1,1,0,1,1,1
"Re: new article, ""A Romp Through Infinity""",0,0,0,0,0,0,0,0,1,1,0
CNN.com Daily Top 10 - Urgent,0,0,1,0,0,1,0,0,1,1,1
Re: [opensuse] Localhost:631 is Not Found,0,0,0,0,0,0,0,0,1,1,0
Re: [FoRK] Politico Quandry,1,0,0,0,0,1,0,0,1,1,1
Re:,0,1,0,0,1,0,0,0,1,1,1
RE: italy pics,0,0,0,1,0,0,0,1,1,1,1
Every possible meds you need but at  lower price.,1,0,0,0,0,0,1,0,1,1,1
CNN.com Daily Top 10,0,0,0,0,0,0,0,0,1,1,0
Nothing is more  important than your health. ,0,0,1,0,1,0,0,0,1,1,1
Great opportunity to give her a real pleasure gre dmgvf qwmkwm,0,0,0,0,0,0,0,0,1,1,0
Helping Men with low sex drives,0,0,1,0,0,0,0,1,1,1,1
[opensuse] Re: Hang while accessing some /proc info,0,0,0,1,0,0,1,0,1,1,1
Viagra 50mg x 60 pills US $ 2.00 Per Pill price,1,0,0,1,1,1,0,1,1,1,1
Re: [opensuse] Alt+Shift for switching keyboard layout,0,0,0,0,0,0,0,0,1,1,0
A great news for you and your sweetheart!,0,1,1,0,1,1,0,0,1,1,1
[spambayes-dev] Unsafe Pickle Saving,0,0,0,0,0,0,0,0,1,1,0
Replica Rolex Watches ! SAVE Big !,0,0,0,1,0,0,0,0,1,1,1
Re: [Python-3000] [Python-Dev] No releases tonight,0,0,1,0,0,1,1,1,1,1,1
November,0,0,0,0,0,0,0,0,1,1,0
Shocking mp3 Paris Hilton,0,0,0,0,0,0,0,0,1,1,0
CNN.com Daily Top 10,0,0,0,0,0,0,1,0,1,1,1
Huuge Penis,0,0,0,1,1,0,0,0,1,1,1
helpful for your health.,0,0,0,0,0,0,0,0,1,1,0
"Working with Windows Training - ADVANCED - Wed, 14th May 2008 ",0,0,0,0,0,0,0,0,1,1,0
Re: [Python-3000] test_profile failing,0,0,0,0,0,0,0,0,1,1,0
It's here. Dell's first tablet PC.,0,0,0,0,0,0,0,0,1,1,1
[BadTomatoes] Comment: "Words & Picturesuser2.1@gvc.ceas-challenge.cc" <user2.1@gvc.ceas-challenge.cc>,0,0,1,1,0,0,0,0,1,1,1
High quality for low price - Important,0,0,0,0,0,0,0,1,1,1,1
Doctors help men with low libidos,1,0,0,0,1,1,0,0,1,1,1
Re: i have a question about google earth,0,1,0,0,0,0,0,1,1,1,1
CanadianPharmacy  will satisfy all you pharmaceutical needs. ,0,0,0,1,0,0,0,0,1,1,1
Immense augmentation of your tool,1,0,0,0,0,1,1,1,1,1,1
"Re: [python-win32] win32gui.EnumWindows, documentation?",0,0,0,0,0,0,0,0,1,0,0
CNN.com Daily Top 10,1,0,0,0,0,1,0,0,1,1,1
CNN Alerts: My Custom Alert,0,0,0,0,0,0,0,0,1,1,0
Have you seen this chemical?,0,0,0,0,0,0,0,0,1,1,0
123,0,0,0,0,0,0,0,0,1,1,0
Re: [opensuse] What's filling swap,0,0,0,0,0,0,0,0,1,1,0
Change your sex life with PowerEnlarge!,1,1,0,0,0,0,1,0,1,1,1
Re: Postfix not receiving mail for any local domain/users,0,0,0,0,0,0,0,0,1,1,1
Re: [ie-rant] Winehouse @ EMA's,0,1,1,0,0,0,1,1,1,1,1
mercurial charcoal napoleon commando crumb,0,0,0,0,0,0,0,1,1,1,0
RE: sa-compile format the standard now?,0,0,0,0,0,0,0,0,1,1,0
[PATCH] Porting/Maintainers.pl,1,0,0,1,1,1,0,1,1,1,1
buy now Viagra 60mg x 30 pills,0,0,0,0,0,0,0,0,1,1,0
From Beau Anderson - Urgent,0,0,0,1,0,0,1,0,1,1,1
Re: [Python-Dev] PEP 365 (Adding the pkg_resources module),0,0,0,0,0,0,0,0,1,1,0
Re: NTL Digital TV quality (was Re: [ILUG] Broadband in Dublin),0,0,0,0,0,0,0,0,1,1,0
"Replica watches, pens, bags and more... Cheap luxury gifts ...   ",1,1,1,1,0,0,0,0,1,1,1
Re: [opensuse] Re: openSUSE Boxed Editions,0,1,1,0,1,0,0,0,1,1,1
Hi ! this Ada - Please verify,0,1,1,1,0,0,0,0,1,1,1
ForCustomersForOurCustomersAllProducts,0,0,1,1,0,0,0,1,1,1,1
Re: [Python-3000] [Python-Dev] No releases tonight,0,0,0,0,0,0,0,0,1,1,0
Wide assortment of products to their health,1,0,0,0,0,0,1,0,1,1,1
Replica watches from Officine Panerai closest to original   ,0,0,0,0,0,0,1,0,1,1,0
i still remember you,1,1,1,0,0,0,0,1,1,1,1
[UAI] Call for Papers - IIS:IIPWM'05,0,0,0,1,0,0,0,0,1,1,0
RE: change of address,0,0,0,1,0,0,0,0,1,0,0
Re: [Python-Dev] FreeBSD test suite failure -> curses,0,0,0,0,0,0,0,0,1,1,0
Re: queue file write error,0,0,0,0,0,0,0,0,1,1,0
[opensuse] sed - howto strip from character to end of line? - Please verify,1,0,0,0,0,0,0,0,1,1,1
Re: HABEAS_ACCREDITED_COI - Please verify,1,0,0,0,1,0,0,0,1,1,1
Re: [opensuse] openSUSE and faxes,0,0,0,1,0,0,0,0,1,1,0
"[python-win32] win32gui.EnumWindows, documentation?",0,0,0,0,0,0,0,0,1,1,0
With Vacheron Constantin replica watch time becomes ...   ,0,0,0,0,0,0,0,0,1,1,0
It is more. Thicker. Longer. More long. pypb z onezz,0,0,0,0,0,0,0,0,1,1,0
Re: [Python-Dev] NeedsReview keyword,0,0,1,0,0,1,0,1,0,1,1
Unique halth stuff,0,1,0,0,0,0,1,1,1,1,1
DeLL 1.4GHz Intel Laptop $389 . xBOX 360 Premium w/ 20GB HD $249,0,0,0,0,0,0,0,0,1,1,0
Re: [Python-3000] Python source code on Bazaar vcs,0,1,0,0,0,0,0,0,1,1,1
Gain more inches for its length - Action needed,0,0,0,1,0,0,0,0,1,1,1
[opensuse] sanitising file names for fat32,0,0,0,0,0,0,0,0,1,1,0
"replica Watches! rolex, patek philippe, vacheron ... ",0,1,1,0,0,1,0,1,1,1,1
hubbard wack berman cheery pillory,0,1,0,0,0,0,0,0,1,1,1
">+=+=+=+=+=+=+=+=+=+=+=+=+=+=+=+=+=+=+=+=+=+=+=+=+=+=+=+=+=+= >THE DAILY TOP 10 >from CNN.com >Top videos and stories as of: Aug  1, 2008  3:58 PM EDT >+=+=+=+=+=+=+=+=+=+=+=+=+=+=+=+=+=+=+=+=+=+=+=+=+=+=+=+=+=+= TOP 10 VIDEOS 1. MOM PARTIES AT A CLUB http://www.cnn.com/video/partners/email/index.html?url=/video/crime/2008/08/05/ng.mom.pics.cnn Nancy Grace has new photos of Casey Anthony partying at a nightclub after her daughter Caylee vanished. 2. WOMAN'S COMPUTER SPIES ON HER http://www.cnn.com/video/partners/email/index.html?url=/video/tech/2008/08/05/pkg.webcam.spying.wcjb 3. TIGERS ATTACK TEEN AT ZOO http://www.cnn.com/video/partners/email/index.html?url=/video/us/2008/08/05/wuellner.tiger.attacks.teen.kytv 4. MISTRESS TESTIFIES IN TRIAL http://www.cnn.com/video/partners/email/index.html?url=/video/crime/2008/08/05/sot.love.triangle.zammitti.cnn 5. MAN CALLS 911 OVER SANDWICH http://www.cnn.com/video/partners/email/index.html?url=/video/crime/2008/08/05/spivey.911.call.sandwich.wtlv 6. JOHN 'JUNIOR' GOTTI ARRESTED http://www.cnn.com/video/partners/email/index.html?url=/video/us/2008/08/05/ny.gotti.jr.handcuffs.cnn 7. PASSENGERS SLIDE FROM PLANE http://www.cnn.com/video/partners/email/index.html?url=/video/us/2008/08/05/vo.aa.plane.evacuated.KTLA 8. PLANE EVACUATES PASSENGERS http://www.cnn.com/video/partners/email/index.html?url=/video/us/2008/08/05/nr.beeper.ca.plane.evacuate.cnn 9. PIPELINE FIRM HELPS SAVE GAS http://www.cnn.com/video/partners/email/index.html?url=/video/tech/2008/08/05/marciano.pipeline.telecommuting.cnn 10. 125,000 GORILLAS FOUND http://www.cnn.com/video/partners/email/index.html?url=/video/world/2008/08/05/vo.congo.gorilla.WCS TOP 10 STORIES 1. SMOKE FORCES EMERGENCY LANDING http://www.cnn.com/2008/US/08/05/emergency.landing/index.html Passengers evacuate an American Airlines jet by inflatable slides after an emergency landing at Los Angeles' airport, an official says. 2. HOPES FOR GORILLA SURVIVAL BOOSTED http://www.cnn.com/2008/WORLD/africa/08/05/congo.gorillas/index.html 3. STAY-AT-HOME WIVES WITHOUT KIDS http://www.cnn.com/2008/LIVING/wayoflife/08/05/lw.nokids.nojob.wives/index.html 4. COMMENTARY: IMMIGRANT SANCTUARIES http://www.cnn.com/2008/POLITICS/08/04/navarrette.immigration/index.html 5. FREEMAN RECOVERING AFTER SURGERY http://www.cnn.com/2008/SHOWBIZ/Movies/08/05/people.morgan.freeman.ap/index.html 6. JOHN ""JUNIOR"" GOTTI ARRESTED http://www.cnn.com/2008/CRIME/08/05/gotti.arrest/index.html 7. TOXIN DIMS HOPES FOR MARS LIFE http://www.cnn.com/2008/TECH/space/08/04/nasa.mars/index.html 8. THE LURE OF THE R-RATED COMEDY http://www.cnn.com/2008/SHOWBIZ/Movies/08/05/film.rrated.comedies.ap/index.html 9. STARBUCKS OFFERS AFTERNOON DEAL http://www.cnn.com/2008/US/08/05/starbucks.deal.ap/index.html 10. EDOUARD MAKES LANDFALL http://www.cnn.com/2008/US/weather/08/05/tropical.weather/index.html CNN, The Most Trusted Name in News >    Cable News Network LP, LLLP.                       < >    One CNN Center, Atlanta, Georgia 30303             < >    2008 Cable News Network LP, LLLP.                  < >    A Time Warner Company.                             < >    All Rights Reserved.                               < ========================================================= =   Please send comments or suggestions by going to     = =           http://www.cnn.com/feedback/                = =                                                       = =      Read our privacy guidelines by going to          = =         http://www.cnn.com/privacy.html               = ========================================================= You have agreed to receive this email from CNN.com as a result of your CNN.com preference settings. To manage your settings, go to: http://www.cnn.com/linkto/bn.manage.html To unsubscribe from the Daily Top 10, go to http://cgi.cnn.com/m/clik?e=email504@gvc.ceas-challenge.cc&l=cnn-dailytop10",1,1,1,0,0,0,0,1,0,1,1
porno dvd Kick-up for b71af2efa87d808060a15b1f88394556 ,0,0,0,1,0,0,0,0,1,1,1
"Re: [Python-Dev] [Distutils] how to easily consume just the parts	of eggs that are good for you",0,0,0,0,0,0,0,0,1,1,0
Re: [opensuse] OpenOffice writer nuisance pop up,1,0,0,0,0,0,1,1,1,1,1
CNN.com Daily Top 10,0,0,0,0,0,0,0,0,1,1,0
Re: [R] Fix for nls bug???,0,1,1,1,0,1,0,1,1,1,1
[python-win32] OT: Version in EXE ...,0,0,0,0,0,0,0,0,1,1,0
Re: [opensuse] Setting up a mail server,0,0,0,0,1,0,1,0,1,1,1
Replica watches from Officine Panerai closest to original   ,1,0,0,1,1,0,0,0,1,1,1
Is proved to be effective!,0,0,0,0,0,1,0,0,1,1,0
svn commit: r582903 - in /spamassassin/trunk/lib/Mail/SpamAssassin: AsyncLoop.pm Plugin/ASN.pm Plugin/URIDNSBL.pm,0,1,0,0,0,0,0,1,1,1,1
CNN.com Daily Top 10,0,0,0,0,0,0,0,0,1,1,0
CNN.com Daily Top 10,0,0,0,0,0,0,0,0,1,1,0
Won't forget last night,0,0,1,1,1,0,1,1,1,1,1
"Be extremely careful, chosing antiED cure method.",1,0,0,0,0,1,1,0,1,1,1
PharmacyGenericsSafeSecure,0,0,0,0,0,0,0,0,1,1,0
Original und deren Wirkung,0,0,0,0,0,0,0,0,1,1,0
NewOfferForCustomersEffectiveness,0,0,0,1,0,0,1,0,1,1,1
From Toby Nix,0,0,0,0,0,0,1,0,1,1,1
All will be as you wont,0,1,0,0,1,1,0,0,1,1,1
"Re: [opensuse] 3.5 GB of RAM, Rest Missing",0,0,0,1,0,0,0,0,1,1,0
"[Perl Jobs] Senior Web Developer (LAMP) (onsite), United States, CA, Berkeley",1,0,0,0,0,0,0,0,1,1,0
Re: [python-win32] pywin32 installer problems with Python 2.6,0,0,0,1,0,0,0,0,1,1,0
Play at the worlds' most prestigious online casino..,1,0,0,0,0,1,0,0,0,1,1
Chic items of excellent quality,0,0,0,0,0,0,0,0,1,1,0
[Slashdot] Stories for 2008-04-10,0,0,1,0,1,1,0,0,1,1,1
CNN.com Daily Top 10,0,0,1,0,0,0,1,0,0,1,1
"Re: [Python-Dev] [Python-3000] Invitation to try out open source	code review tool",0,1,0,0,0,0,1,0,1,1,0
Re: [opensuse] spell check in joe,1,0,0,0,0,1,0,0,0,1,1
Re: [opensuse] Alt+Shift for switching keyboard layout,0,0,0,1,0,0,0,0,1,1,1
We are  happy to make people healthy .,0,1,1,0,1,1,0,0,1,1,1
For men with erectile dysfunction,0,0,0,0,0,0,0,0,0,1,0
Re: [PATCH] Bug fix for storing shared objects in shared structures,0,0,1,0,0,0,0,1,1,1,1
The top rated penis enlarger Proven Results. 100% Guaranteed.,0,0,0,1,0,0,1,1,1,1,1
Penis Enlargment Reviews,1,0,0,0,0,0,0,0,1,1,1
CNN.com Daily Top 10,0,0,1,0,1,0,1,0,1,1,1
Re: [Python-Dev] 2to3 and print function,0,0,0,1,0,0,0,0,1,1,0
Re:,0,0,1,0,0,0,1,0,1,1,1
Re: [UAI] Is the luck or is it skill?,0,0,0,0,0,0,0,0,0,1,0
CNN.com Daily Top 10,0,0,1,0,1,0,0,0,1,1,1
Return your self-estteme with blue pilule.,0,0,0,1,1,0,0,1,1,1,1
CNN.com Daily Top 10,0,0,1,0,0,0,0,1,1,1,1
Re: [PATCH] - Update Time::Local to latest version - Urgent,0,0,1,0,0,0,1,0,1,0,1
Hoodia Weight Loss,1,0,0,0,0,1,1,1,1,0,1
YourHealthCertifiedThankYou,0,1,1,0,0,0,0,1,1,1,1
Won't forget last night,0,0,1,0,0,0,1,0,1,1,1
CNN.com Daily Top 10,0,0,0,1,0,0,1,0,1,1,1
Re: [Python-Dev] FW: [issue2513] 64bit cross compilation on windows,1,1,0,1,0,1,0,0,1,1,1
CNN.com Daily Top 10,0,0,0,0,0,0,0,0,1,1,0
CNN Alerts: My Custom Alert,0,1,1,0,0,1,0,0,1,1,1
[python-win32] FW:  GetFileVersionInfo blocks main thread,0,0,0,1,0,0,0,1,1,1,0
Re: [Python-3000] [Python-Dev] 2.6 and 3.0 project management,0,0,0,0,0,0,0,0,1,1,0
"FW (4-5): Electoral Finance Act - Silent Protest March - This Sunday 9	March from  2.00pm",0,0,0,0,0,0,0,0,1,1,0
CNN.com Daily Top 10 - Urgent,0,0,0,0,0,0,0,0,1,1,1
Top models choose this for slimming.,0,0,0,1,0,1,1,0,1,1,1
goldfish associate tariff frankfurt peacemake,0,0,0,0,0,0,0,0,1,1,0
everybody wants.,0,1,1,0,0,0,0,0,1,1,1
CNN Alerts: My Custom Alert,0,0,0,0,0,0,0,0,1,1,0
Re: SA database?,0,0,0,0,1,0,0,0,1,1,1
CNN.com Daily Top 10,0,0,0,0,0,0,0,0,1,1,0
[Python-3000] lambda,0,0,0,0,0,1,0,1,1,1,1
Re: [Python-Dev] Readline completion hook silences exceptions.,1,0,0,1,1,0,0,0,1,1,1
Introducing the best MacBook notebooks ever.,0,0,0,0,0,0,0,0,1,1,0
Re: [Python-Dev] r62342 - python/branches/py3k/Objects/bytesobject.c,0,0,0,0,0,1,0,0,1,1,1
The bigger tool,1,1,0,0,0,0,0,0,1,1,1
Looking for a perfect gift ? Get a Rolex.,0,0,0,0,0,0,0,0,1,1,0
CNN Alerts: My Custom Alert,1,1,0,0,1,1,0,0,1,1,1
First Glance Webcasts: A New Approach to Addressing Regulatory Compliance and more,0,0,0,0,0,0,0,0,1,1,0
The best European drug store,0,1,0,0,0,0,0,0,1,0,1
CNN.com Daily Top 10,0,0,0,0,0,0,0,0,1,1,0
Ravishing Bvlgari watches at Replica Classics   ,0,1,0,0,0,1,0,0,1,1,1
Our life maybe incredible and exciting veijcf yim yymdq,1,0,0,0,1,0,0,0,1,1,1
For men with erectile dysfunction,0,0,0,0,0,0,0,0,1,1,0
Re: Hello - script question //,0,0,0,0,1,0,1,0,1,1,1
Partnership In Re-Profiling,0,0,0,0,1,1,0,1,1,1,1
[UAI] CFP Workshop on logics for resource-bounded agents,1,0,0,1,0,0,0,1,1,1,1
Superb knockoff accessories,1,0,0,1,0,1,1,0,1,1,1
Stimulate your shaft growth,0,0,1,0,0,1,0,0,1,1,1
"MONSTER NEWS! Announcing Thriftees, Bestees and new tees!",0,0,0,0,0,0,0,0,1,1,1
Re: perldoc using fancy quotes - Action needed,0,1,0,0,1,1,0,1,1,0,1
Fwd:,0,0,0,0,0,0,0,0,1,1,1
Re: [Python-3000] Spooky behavior of dict.items() and friends,0,0,0,0,0,0,0,0,1,1,0
Re: [Python-Dev] how to build extensions for Windows?,0,1,0,0,0,0,0,0,1,1,1
Students exchange programms,0,0,0,0,1,0,1,1,1,1,1
[Slashdot] Stories for 2008-05-02,0,0,0,0,0,0,0,0,1,1,0
Smoke [5.10.0] 32395 FAIL(F) MSWin32 WinXP/.Net SP2 (x86/2 cpu),0,0,0,0,0,0,0,0,1,1,0
CNN.com Daily Top 10,0,1,0,0,1,0,0,0,1,1,1
 Jackie jansellslg@aol.com wrote: In a message dated 3/1/2008 8:09:16 A.M. Pacific Standard Time,1,0,0,0,0,0,1,0,1,1,1
Splendid Health Joy,0,0,0,0,0,0,0,0,1,1,0
Re:,0,0,0,0,0,0,0,0,1,1,0
"Re: [python-win32] Is Mark Hammond going to produce a new Python	Programming on Win32 book?",0,0,0,1,1,0,1,1,1,1,1
Re: [FoRK] This Man Wants To Control the Internet,0,0,0,0,0,0,0,0,1,1,0
Re: [perl #47181] Try OO semantics before throwing fatal error,0,0,0,0,0,0,0,0,1,1,1
ScienceNOW Daily Email Alert,1,0,0,1,1,0,0,0,1,1,1
You our client!,0,0,0,0,0,0,1,0,1,1,1
Princely luxury of high-class accessories,0,0,0,0,1,0,0,1,1,1,1
The bigger tool,0,1,0,0,0,0,0,0,1,1,1
How to make money like a porn star,0,0,0,1,0,0,0,0,1,1,1
You Order.. - Important,0,0,0,0,0,0,0,0,1,1,0
Re: [perl #45513] Test failures on amd64-freebsd 6.2,0,0,0,0,0,0,0,0,1,1,0
Delicate craftsmanship watch rep1!c@s,0,0,0,0,0,0,0,0,1,1,0
fashionable replica watches - Urgent,0,0,0,0,1,0,0,0,0,1,1
Re: [Py2exe-users] unknown url type: 'c' - Urgent,0,0,0,0,0,1,0,0,1,1,1
CanadianHealthyLifeForValuedCustomer,0,0,1,0,0,0,0,0,1,1,0
Generate the best love results here - Urgent,0,0,0,0,0,0,1,0,1,1,1
Re: [Python-3000] Removal of os.path.walk,0,0,0,0,0,0,0,0,1,1,0
"It's time to enlarge your penis choosing the safest, doctor approved method!",0,0,0,1,0,0,0,0,1,1,0
Re: [ie-rant] Fwd: excellent food article,0,0,1,0,0,1,0,0,1,1,0
CNN.com Daily Top 10,0,0,0,0,0,0,0,1,1,1,1
[UAI] [Mlnet] CFP: ACL 2005 Workshop on Feature Engineering for Machine Learning in NLP,1,0,0,0,0,0,1,0,1,1,1
[python-win32]  Re: OE/WAB help with VB ...,0,0,0,0,0,0,0,1,1,1,1
Re: [python-win32] Reading events from event logs using wmi,0,0,0,0,0,0,0,0,1,1,1
Mail attachements truncated,0,0,0,0,0,0,0,0,1,1,0
[Slashdot] Stories for 2008-04-01,1,0,0,1,1,0,0,0,0,1,1
Re: [Python-Dev] xmlrpclib and dates before 1900,0,0,1,0,0,1,0,0,1,1,1
Re: Question re: smtpd_tls_security_level,0,0,0,0,0,0,0,0,1,1,0
Re: [UAI] A test problem involving imprecise probabilities,0,0,0,0,0,0,0,0,1,0,1
From Jarred Holmes - Urgent,0,0,0,0,0,0,0,0,1,1,0
Exclusive Pill Joy - Action needed,0,0,0,0,1,1,1,1,1,1,1
Re: [Python-Dev] The Case Against Floating Point == - Action needed,0,1,1,1,0,1,0,0,1,1,1
Re: [opensuse] vmware server and sound,0,0,1,0,0,1,0,0,1,1,1
[UAI] Morpho Challenge submission deadline extended to May 4,0,0,0,0,0,0,0,0,1,1,0
Engaging Substance Satisfactions,1,0,0,1,0,1,0,0,1,1,1
[ie-rant] Weird alarm clocks,0,0,0,0,0,0,0,0,1,1,0
Healthy relationship? Easily.,0,0,1,1,1,0,0,1,1,1,1
Software in many languages!,0,0,1,0,0,0,0,0,1,1,0
We offer you happiness,0,1,0,0,1,1,1,0,1,1,1
Re: [perl #46549] Compile/install from source: Configure does not create a Makefile ,1,0,0,0,0,0,0,0,1,1,0
From Carlo Marsh,0,0,0,0,0,0,0,0,1,1,0
Re: [opensuse] sanitising file names for fat32,0,0,0,0,0,0,0,0,1,1,0
[Bug 5675] TextCat sidesteps 'what if I DON'T like language X?',0,0,1,1,1,0,0,0,1,1,1
Re: mass-check --server bug?,1,0,1,0,0,0,0,0,1,1,1
Re: [SM-USERS] squirrelmail not talking properly with imap server?,0,0,0,1,1,1,1,0,1,1,1
CNN Alerts: My Custom Alert,0,0,0,0,0,0,1,0,1,1,1
From Diane Soto,1,0,0,0,0,1,0,0,1,1,1
Excellent-made replica watches from Rolex   ,1,0,0,0,0,0,0,0,1,1,1
Helping Men with low sex drives,0,0,0,0,0,0,0,0,1,1,1
CNN.com Daily Top 10,1,0,0,0,0,0,0,1,1,1,1
Flawless Herbal Options,1,0,1,1,1,0,0,1,1,1,1
CNN.com Daily Top 10,0,0,0,0,0,0,0,0,1,1,0
[Bug 5293] RFE: pluginize the Bayes subsystem,0,0,0,0,0,0,0,0,1,1,0
CNN.com Daily Top 10,0,0,0,1,0,0,0,0,1,1,0
"Re: [Python-Dev] Python-Dev Summary Draft (April 1-15, 2007)",0,0,1,0,0,0,0,1,1,1,1
[Bug 5599] [review] Dns Resolver - rotating servers/load distribution,0,0,0,0,0,0,0,0,1,1,0
Affordable and easy male and female enhancing.,1,0,1,1,1,1,1,0,1,1,1
CNN.com Daily Top 10,0,0,0,0,0,0,0,0,1,1,0
Re: [Python-3000] Binding builtin function to class,1,0,0,0,0,0,0,0,1,1,0
Re: fatal: bad string length 0 < 1: virtual_mailbox_base,0,0,0,0,0,0,0,0,1,1,0
Impressive high fashion accessories,0,0,0,0,0,0,0,1,1,1,1
 whether of voters or the person next to you,0,0,0,0,0,0,0,0,1,1,0
"Re: new article, ""A Romp Through Infinity""",0,0,0,0,0,0,0,0,1,1,0
Re:,0,0,0,0,0,0,0,0,1,1,0
Increase Your Penis Width (Girth) By upto 20%.,0,0,0,0,0,0,1,0,1,1,1
Trade Me -- Please place feedback,0,0,0,0,0,0,0,0,1,1,0
Re: Fwd: Re[2]: [ILUG] New ILUG commitee,0,0,0,1,1,0,1,0,1,1,1
The Big DVD Sale at Amazon.com,1,0,0,0,0,1,0,0,1,1,1
"Re: Clearly bogus false positives -- on ""abuse"" contact point, no less",0,0,1,0,0,0,0,0,1,1,1
Re: [Python-Dev] [Distutils] PEP 365 (Adding the pkg_resources module),0,1,0,0,1,0,0,0,1,1,1
123,0,0,1,1,0,1,1,0,1,1,1
For: f788b2b43cbab8350124a0f8cc025ff6 Teenage Mutant Ninja NARC,1,0,0,0,0,0,0,0,1,1,1
Real Enlargement,0,0,0,0,0,1,0,0,1,1,1
"Wekalist Digest, Vol 60, Issue 23",0,1,0,0,0,0,0,0,1,1,1
Stop being a loser,0,0,0,0,0,0,0,1,1,1,0
Protected Mail Delivery,0,0,0,0,0,0,0,0,1,1,0
Re: [Python-3000] end scope of iteration variables after loop,0,0,0,0,0,1,0,1,1,1,1
Re: policy server causing CLOSE_WAIT,0,1,0,0,0,0,1,0,1,1,1
CNN.com Daily Top 10,0,0,0,0,0,0,0,0,1,1,0
Re: Archive::Tar and Tk don't play nice together,0,1,1,0,1,0,1,0,1,1,1
[UAI] Professorship in Computational Neuroscience,1,1,0,0,0,0,1,0,1,1,1
CNN.com Daily Top 10,0,0,1,1,1,1,0,1,1,1,1
Re: Simple mailing list,0,1,0,0,0,0,0,0,1,1,1
[Ip-health] Untangling the Web of Antiretroviral price reductions (11th Edition) - Please verify,0,0,1,1,0,0,1,0,1,1,1
You Can Enlarge Your Penis By 3",0,0,0,0,0,0,0,0,1,1,0
Re: [Python-Dev] PEP 8: Discourage named lambdas?,1,0,0,0,0,0,0,0,1,1,1
Bring back time when girls were yours. ,0,0,0,0,1,0,0,0,1,1,1
CBS Evening News with Katie Couric E-Mail Alert,0,0,0,0,0,0,0,0,1,1,0
CNN.com Daily Top 10,0,0,0,0,0,0,0,0,1,1,0
atoms are what make us not skin and bones,0,0,0,0,0,0,0,0,1,1,0
Patients can access our chemist via the Internet 24/7,0,0,0,0,0,0,0,0,1,1,0
[IIU] Annoying phone calls,0,0,0,1,0,0,0,1,1,1,1
From Darlene Gordon,1,0,1,0,0,1,0,1,1,1,1
CNN.com Daily Top 10,0,0,0,0,0,0,0,0,1,1,0
Rolex replica watch,1,0,0,0,0,0,1,0,0,1,1
parvenu horsetail bezel informant scuttle - Urgent,1,0,0,1,0,1,0,0,1,1,1
We are helping women boost their intimate relationship.,0,0,0,0,0,0,0,0,1,1,0
Gain bonus inches without side effects,0,0,0,0,0,0,0,0,1,1,0
Re: [opensuse] ext3 check forced = frustration - Action needed,1,1,0,1,0,0,0,0,1,1,1
"This Week: The Earth Day Channel, Project Greenhouse, Jack Johnson	and more...",0,0,0,0,0,1,0,0,1,1,1
YourHealthFDAapprovedPhentrimine,1,0,1,0,0,0,0,1,1,1,1
Re:,0,0,0,0,0,0,0,0,1,1,0
Re: Planet venus decode error,1,1,0,0,0,0,0,0,1,1,1
CNN.com Daily Top 10,0,0,1,0,1,0,0,0,1,1,1
CNN.com Daily Top 10,0,0,1,0,0,0,0,0,1,1,0
CNN Alerts: My Custom Alert,1,1,0,0,0,0,0,0,0,1,1
ForValuedCustomerProductListProducts - Action needed,0,0,0,0,0,1,0,0,1,1,1
You must be The Real Man with huge dignity dl oov pok,0,0,0,0,0,0,0,0,1,1,0
[Pownce] New event invitation from Leo Laporte!,0,0,0,0,0,0,0,0,1,1,0
Re: [SM-USERS] Slash wrongly encoded as %2F in returning path,1,0,0,1,1,0,0,0,1,1,1
Save on medications ordering them in Canada! - Urgent,0,0,1,0,0,0,1,0,1,1,1
New revolutionary products to help men,0,0,0,0,0,0,0,0,1,1,0
"Pace Pulse, February 29: March Madness, Staff Assistance at Commencement, and More! - Urgent",1,0,1,0,1,0,0,0,1,1,1
Qualitative replica watches for most exacting people   ,0,0,0,0,0,0,0,0,1,1,0
Get the Finest Rolex Watch Replica !    - Please verify,0,0,0,0,0,1,1,1,1,1,1
Great variety of products for your relationship,0,0,1,0,0,0,1,1,1,0,1
No Pumps! No Surgery! No Exercises! ,0,0,1,1,0,1,0,1,1,1,1
hello from wendy,0,0,0,1,0,0,0,0,1,1,1
Celebrate your victory in love. - Action needed,0,1,1,0,0,0,0,0,1,1,1
Re: [opensuse]  Re: multipurpose fax/printer/copier - Action needed,0,0,0,1,1,1,0,0,1,1,1
Boys Conference 7-9 July 2008,0,0,0,0,0,0,0,0,1,1,0
[ILUG] 15th Irish OpenSolaris User Group Meeting,0,0,0,0,0,0,0,0,1,1,0
Parrot 0.4.17 Released,0,0,0,0,0,0,0,0,1,1,1
from Henrietta Villarreal,0,0,1,0,0,1,0,1,1,1,1
Satisfy her IMMENSELY,0,0,0,0,0,0,0,0,1,1,0
Re: [Python-3000] [Python-Dev] 2.6 and 3.0 project management,0,0,0,0,0,0,0,0,1,1,0
Re: Too false negative - Important,0,0,0,0,0,0,0,0,1,1,0
CNN.com Daily Top 10,0,0,0,0,0,0,0,0,1,1,0
You can increase the time of your act  ehmj g z,0,0,0,0,0,0,0,0,1,1,0
hello from antonia,0,0,0,0,1,0,0,0,1,1,1
For you  color="#006679",0,0,0,0,0,0,0,0,1,1,0
Re: [opensuse] Intel 3945 Wireless Problem opensuse 10.3 - RESOLVED!,0,1,0,0,0,1,0,0,1,1,1
"Trendy replica watches Famous brands, top quality  ",0,0,0,0,0,0,0,0,1,1,0
From Ramiro Faulk,0,0,0,0,0,0,1,0,1,1,1
CNN.com Daily Top 10,0,0,0,0,0,0,0,0,1,1,1
Re: [ie-rant] Perlico,0,0,0,0,0,0,0,0,1,1,0
Re: [R] Fix for nls bug???,0,0,0,0,0,0,0,0,1,1,0
